module,trait,cor,pval,stars,label,trait_label,xpos
MEblue,age_num,-0.5352435099185808,3.324976416833515e-4,***,-0.54***,Age,1
MEblack,age_num,-0.34712366207238976,0.04280385637706759,*,-0.35*,Age,1
MEmagenta,age_num,-0.25222715495054165,0.20176407477730943,,-0.25,Age,1
MEbrown,age_num,-0.18128154756331297,0.3787769311809656,,-0.18,Age,1
MEyellow,age_num,-0.4491190004785154,0.00752146627095511,**,-0.45**,Age,1
MEred,age_num,0.381163916206956,0.02830312402560615,*,0.38*,Age,1
MEgreen,age_num,0.2800402721789806,0.15463547756579754,,0.28,Age,1
MEpink,age_num,-0.0605436203269648,0.813472606445208,,-0.06,Age,1
MEturquoise,age_num,0.6888113363691586,5.468828802932429e-8,***,0.69***,Age,1
MEblue,time_num,0.3971663553639706,0.02830312402560615,*,0.40*,Training,2
MEblack,time_num,0.13910968333126483,0.5159282517999457,,0.14,Training,2
MEmagenta,time_num,0.1890346093052739,0.3606062515507048,,0.19,Training,2
MEbrown,time_num,-0.0489226025345948,0.8298250599393149,,-0.05,Training,2
MEyellow,time_num,-0.12697538972774983,0.5742140116409118,,-0.13,Training,2
MEred,time_num,0.02335441839370801,0.9121082239557315,,0.02,Training,2
MEgreen,time_num,-0.20141410373136923,0.3289414107265571,,-0.20,Training,2
MEpink,time_num,0.10460874647023412,0.6606765654841903,,0.10,Training,2
MEturquoise,time_num,-0.05710799067686399,0.8241269520926442,,-0.06,Training,2
MEblue,interaction,-0.18760914728384911,0.3606062515507048,,-0.19,Age x Trn,3
MEblack,interaction,-0.09674625092259732,0.6704838068777833,,-0.10,Age x Trn,3
MEmagenta,interaction,0.02675798693056979,0.9121082239557315,,0.03,Age x Trn,3
MEbrown,interaction,-0.16052598197490098,0.46675315709595305,,-0.16,Age x Trn,3
MEyellow,interaction,-0.25571266858191793,0.20176407477730943,,-0.26,Age x Trn,3
MEred,interaction,0.20114758952564352,0.3289414107265571,,0.20,Age x Trn,3
MEgreen,interaction,0.18067934083752413,0.3787769311809656,,0.18,Age x Trn,3
MEpink,interaction,-0.02092460026958715,0.9121082239557315,,-0.02,Age x Trn,3
MEturquoise,interaction,0.3645738239339308,0.03219468278002772,*,0.36*,Age x Trn,3
MEblue,VL_thick_cm,0.09784803258240908,0.6704838068777833,,0.10,VL Thick.,4.15
MEblack,VL_thick_cm,0.23521074219141683,0.2275212617638076,,0.24,VL Thick.,4.15
MEmagenta,VL_thick_cm,0.07581777911691333,0.7496698815839244,,0.08,VL Thick.,4.15
MEbrown,VL_thick_cm,0.084490032282045,0.7225557661233518,,0.08,VL Thick.,4.15
MEyellow,VL_thick_cm,0.37712041861027584,0.02830312402560615,*,0.38*,VL Thick.,4.15
MEred,VL_thick_cm,-0.2558577878202424,0.20176407477730943,,-0.26,VL Thick.,4.15
MEgreen,VL_thick_cm,-0.00618263263863628,0.961961866440568,,-0.01,VL Thick.,4.15
MEpink,VL_thick_cm,0.06026173938430739,0.813472606445208,,0.06,VL Thick.,4.15
MEturquoise,VL_thick_cm,-0.26515276962995216,0.1973257019393325,,-0.27,VL Thick.,4.15
MEblue,DXA_LBM_kg,-0.04658650512274761,0.8298250599393149,,-0.05,DXA LBM,5.15
MEblack,DXA_LBM_kg,-0.03336539459825245,0.8964401670702538,,-0.03,DXA LBM,5.15
MEmagenta,DXA_LBM_kg,0.07677824756809001,0.7496698815839244,,0.08,DXA LBM,5.15
MEbrown,DXA_LBM_kg,0.05300207076126583,0.8298250599393149,,0.05,DXA LBM,5.15
MEyellow,DXA_LBM_kg,0.08813689544602521,0.7082118907704648,,0.09,DXA LBM,5.15
MEred,DXA_LBM_kg,-0.25075721844758603,0.20176407477730943,,-0.25,DXA LBM,5.15
MEgreen,DXA_LBM_kg,0.16831844126385484,0.42967774086968424,,0.17,DXA LBM,5.15
MEpink,DXA_LBM_kg,0.12147880209108024,0.6004668646290119,,0.12,DXA LBM,5.15
MEturquoise,DXA_LBM_kg,0.0313881827328408,0.8984890770701003,,0.03,DXA LBM,5.15
MEblue,deadlift_1rm_kg,0.1976864198297754,0.33688347626368614,,0.20,Deadlift,6.300000000000001
MEblack,deadlift_1rm_kg,0.01928952786178078,0.9121082239557315,,0.02,Deadlift,6.300000000000001
MEmagenta,deadlift_1rm_kg,-0.09883198110554275,0.6704838068777833,,-0.10,Deadlift,6.300000000000001
MEbrown,deadlift_1rm_kg,0.15299555604729234,0.48907874120183065,,0.15,Deadlift,6.300000000000001
MEyellow,deadlift_1rm_kg,0.22449320352974844,0.2646808741438803,,0.22,Deadlift,6.300000000000001
MEred,deadlift_1rm_kg,-0.19497322431025033,0.34111338617259856,,-0.19,Deadlift,6.300000000000001
MEgreen,deadlift_1rm_kg,-0.13924893346743253,0.5159282517999457,,-0.14,Deadlift,6.300000000000001
MEpink,deadlift_1rm_kg,0.04674491821175988,0.8298250599393149,,0.05,Deadlift,6.300000000000001
MEturquoise,deadlift_1rm_kg,-0.3029714305591249,0.10725280580020392,,-0.30,Deadlift,6.300000000000001
MEblue,Type_I_fCSA,-0.17003832526278176,0.42967774086968424,,-0.17,Type I fCSA,7.450000000000001
MEblack,Type_I_fCSA,-0.10497292348656229,0.6606765654841903,,-0.10,Type I fCSA,7.450000000000001
MEmagenta,Type_I_fCSA,-0.05347706343542286,0.8298250599393149,,-0.05,Type I fCSA,7.450000000000001
MEbrown,Type_I_fCSA,-0.06536640763340362,0.8005127144649865,,-0.07,Type I fCSA,7.450000000000001
MEyellow,Type_I_fCSA,0.1490331780199879,0.4952995410241307,,0.15,Type I fCSA,7.450000000000001
MEred,Type_I_fCSA,-0.10297579604607857,0.6606770032537155,,-0.10,Type I fCSA,7.450000000000001
MEgreen,Type_I_fCSA,0.24388518328509684,0.21039023644187457,,0.24,Type I fCSA,7.450000000000001
MEpink,Type_I_fCSA,0.11788260375061028,0.6138723041568539,,0.12,Type I fCSA,7.450000000000001
MEturquoise,Type_I_fCSA,0.01461201926918909,0.9309403926551408,,0.01,Type I fCSA,7.450000000000001
MEblue,Type_II_fCSA,0.11334202143865126,0.6307085522766853,,0.11,Type II fCSA,8.450000000000001
MEblack,Type_II_fCSA,0.0914177448571641,0.6964546200843375,,0.09,Type II fCSA,8.450000000000001
MEmagenta,Type_II_fCSA,0.02249873965644215,0.9121082239557315,,0.02,Type II fCSA,8.450000000000001
MEbrown,Type_II_fCSA,0.1278226706519224,0.5742140116409118,,0.13,Type II fCSA,8.450000000000001
MEyellow,Type_II_fCSA,0.381732716578382,0.02830312402560615,*,0.38*,Type II fCSA,8.450000000000001
MEred,Type_II_fCSA,-0.15172825370260773,0.48907874120183065,,-0.15,Type II fCSA,8.450000000000001
MEgreen,Type_II_fCSA,-0.03551432220382149,0.8932298505273857,,-0.04,Type II fCSA,8.450000000000001
MEpink,Type_II_fCSA,0.13995088429783428,0.5159282517999457,,0.14,Type II fCSA,8.450000000000001
MEturquoise,Type_II_fCSA,-0.35185561536335674,0.04124296749573036,*,-0.35*,Type II fCSA,8.450000000000001
