sample_id,group,subject,age,time,eigengene,module,group_label
OP_S06_Pre,Old_Pre,OP_S06,Old,Pre,-0.08372257629591326,blue,O-Pre
OP_S11_Pre,Old_Pre,OP_S11,Old,Pre,-0.10929016072977826,blue,O-Pre
OP_S12_Pre,Old_Pre,OP_S12,Old,Pre,-0.0521263174719232,blue,O-Pre
OP_S17_Pre,Old_Pre,OP_S17,Old,Pre,-0.17960921248081962,blue,O-Pre
O_S05_Pre,Old_Pre,O_S05,Old,Pre,0.024265410877624558,blue,O-Pre
O_S06_Pre,Old_Pre,O_S06,Old,Pre,-0.18292954333766498,blue,O-Pre
O_S07_Pre,Old_Pre,O_S07,Old,Pre,0.049714430189706706,blue,O-Pre
O_S10_Pre,Old_Pre,O_S10,Old,Pre,-0.18795510685990724,blue,O-Pre
O_S16_Pre,Old_Pre,O_S16,Old,Pre,-0.11249273242915013,blue,O-Pre
O_S17_Pre,Old_Pre,O_S17,Old,Pre,-0.06665439659763076,blue,O-Pre
O_S24_Pre,Old_Pre,O_S24,Old,Pre,-0.12220242311656422,blue,O-Pre
O_S28_Pre,Old_Pre,O_S28,Old,Pre,-0.12482629932256219,blue,O-Pre
O_S29_Pre,Old_Pre,O_S29,Old,Pre,-0.1396621870378779,blue,O-Pre
O_S32_Pre,Old_Pre,O_S32,Old,Pre,-0.057663184276876285,blue,O-Pre
O_S35_Pre,Old_Pre,O_S35,Old,Pre,-0.12837055119221924,blue,O-Pre
OP_S06_Post,Old_Post,OP_S06,Old,Post,0.0026297176923298963,blue,O-Post
OP_S11_Post,Old_Post,OP_S11,Old,Post,-0.09640615554398432,blue,O-Post
OP_S12_Post,Old_Post,OP_S12,Old,Post,-0.041849981802516756,blue,O-Post
OP_S17_Post,Old_Post,OP_S17,Old,Post,-0.14267143240625743,blue,O-Post
O_S05_Post,Old_Post,O_S05,Old,Post,-0.05573719766416587,blue,O-Post
O_S06_Post,Old_Post,O_S06,Old,Post,0.16679847611668122,blue,O-Post
O_S07_Post,Old_Post,O_S07,Old,Post,-0.11875244948393728,blue,O-Post
O_S10_Post,Old_Post,O_S10,Old,Post,-0.04659926359277151,blue,O-Post
O_S16_Post,Old_Post,O_S16,Old,Post,-0.07104806020776328,blue,O-Post
O_S17_Post,Old_Post,O_S17,Old,Post,-0.060950204416765345,blue,O-Post
O_S24_Post,Old_Post,O_S24,Old,Post,-0.05345037264722708,blue,O-Post
O_S28_Post,Old_Post,O_S28,Old,Post,-0.11152039784004747,blue,O-Post
O_S29_Post,Old_Post,O_S29,Old,Post,-0.102881306280844,blue,O-Post
O_S32_Post,Old_Post,O_S32,Old,Post,-0.0537218927040982,blue,O-Post
O_S35_Post,Old_Post,O_S35,Old,Post,0.15352623742119662,blue,O-Post
YP_S14_Pre,Young_Pre,YP_S14,Young,Pre,-0.1436051552745888,blue,Y-Pre
YP_S45_Pre,Young_Pre,YP_S45,Young,Pre,-0.05753280914719667,blue,Y-Pre
YP_S56_Pre,Young_Pre,YP_S56,Young,Pre,-0.0039442150543667525,blue,Y-Pre
Y_S01_Pre,Young_Pre,Y_S01,Young,Pre,-0.008765535680126512,blue,Y-Pre
Y_S07_Pre,Young_Pre,Y_S07,Young,Pre,0.09055934481422567,blue,Y-Pre
Y_S10_Pre,Young_Pre,Y_S10,Young,Pre,0.0199947258910489,blue,Y-Pre
Y_S11_Pre,Young_Pre,Y_S11,Young,Pre,-0.05997655277805837,blue,Y-Pre
Y_S16_Pre,Young_Pre,Y_S16,Young,Pre,-0.011367254167780224,blue,Y-Pre
Y_S28_Pre,Young_Pre,Y_S28,Young,Pre,0.04698491406642364,blue,Y-Pre
Y_S30_Pre,Young_Pre,Y_S30,Young,Pre,0.13828895931938556,blue,Y-Pre
Y_S31_Pre,Young_Pre,Y_S31,Young,Pre,-0.06767320733080917,blue,Y-Pre
Y_S32_Pre,Young_Pre,Y_S32,Young,Pre,0.06979823613793258,blue,Y-Pre
Y_S34_Pre,Young_Pre,Y_S34,Young,Pre,0.007073202137957396,blue,Y-Pre
Y_S35_Pre,Young_Pre,Y_S35,Young,Pre,-0.07213682594940567,blue,Y-Pre
Y_S36_Pre,Young_Pre,Y_S36,Young,Pre,0.056008425669704126,blue,Y-Pre
Y_S40_Pre,Young_Pre,Y_S40,Young,Pre,-0.09382690728701584,blue,Y-Pre
YP_S14_Post,Young_Post,YP_S14,Young,Post,0.07154309983510382,blue,Y-Post
YP_S45_Post,Young_Post,YP_S45,Young,Post,0.020280132144678942,blue,Y-Post
YP_S56_Post,Young_Post,YP_S56,Young,Post,0.30846459031029677,blue,Y-Post
Y_S01_Post,Young_Post,Y_S01,Young,Post,0.07613660851232826,blue,Y-Post
Y_S05_Post,Young_Post,Y_S05,Young,Post,0.06709094315069894,blue,Y-Post
Y_S10_Post,Young_Post,Y_S10,Young,Post,0.23187473602493563,blue,Y-Post
Y_S11_Post,Young_Post,Y_S11,Young,Post,-0.12178809913211053,blue,Y-Post
Y_S16_Post,Young_Post,Y_S16,Young,Post,0.00286258826655633,blue,Y-Post
Y_S28_Post,Young_Post,Y_S28,Young,Post,0.007605530159922228,blue,Y-Post
Y_S30_Post,Young_Post,Y_S30,Young,Post,0.261090458907057,blue,Y-Post
Y_S31_Post,Young_Post,Y_S31,Young,Post,0.3056271609916854,blue,Y-Post
Y_S32_Post,Young_Post,Y_S32,Young,Post,0.26469393499788274,blue,Y-Post
Y_S34_Post,Young_Post,Y_S34,Young,Post,0.12469898915888623,blue,Y-Post
Y_S35_Post,Young_Post,Y_S35,Young,Post,0.1794359096114713,blue,Y-Post
Y_S36_Post,Young_Post,Y_S36,Young,Post,0.0852798863485371,blue,Y-Post
Y_S40_Post,Young_Post,Y_S40,Young,Post,0.3113833187864904,blue,Y-Post
OP_S06_Pre,Old_Pre,OP_S06,Old,Pre,-0.023674019550310683,turquoise,O-Pre
OP_S11_Pre,Old_Pre,OP_S11,Old,Pre,0.09043638621298761,turquoise,O-Pre
OP_S12_Pre,Old_Pre,OP_S12,Old,Pre,0.14011884788022821,turquoise,O-Pre
OP_S17_Pre,Old_Pre,OP_S17,Old,Pre,0.2873280374064826,turquoise,O-Pre
O_S05_Pre,Old_Pre,O_S05,Old,Pre,0.07277654985613302,turquoise,O-Pre
O_S06_Pre,Old_Pre,O_S06,Old,Pre,0.27564339084048795,turquoise,O-Pre
O_S07_Pre,Old_Pre,O_S07,Old,Pre,-0.11660095531247354,turquoise,O-Pre
O_S10_Pre,Old_Pre,O_S10,Old,Pre,-0.021031203181676984,turquoise,O-Pre
O_S16_Pre,Old_Pre,O_S16,Old,Pre,0.10152006201566077,turquoise,O-Pre
O_S17_Pre,Old_Pre,O_S17,Old,Pre,0.05072659347590885,turquoise,O-Pre
O_S24_Pre,Old_Pre,O_S24,Old,Pre,0.16792224247342644,turquoise,O-Pre
O_S28_Pre,Old_Pre,O_S28,Old,Pre,-0.09897765442700056,turquoise,O-Pre
O_S29_Pre,Old_Pre,O_S29,Old,Pre,0.1744117652076456,turquoise,O-Pre
O_S32_Pre,Old_Pre,O_S32,Old,Pre,0.1252526693304373,turquoise,O-Pre
O_S35_Pre,Old_Pre,O_S35,Old,Pre,0.2552144196033967,turquoise,O-Pre
OP_S06_Post,Old_Post,OP_S06,Old,Post,0.027584646805585585,turquoise,O-Post
OP_S11_Post,Old_Post,OP_S11,Old,Post,0.16354690707216926,turquoise,O-Post
OP_S12_Post,Old_Post,OP_S12,Old,Post,0.1551813534495522,turquoise,O-Post
OP_S17_Post,Old_Post,OP_S17,Old,Post,0.23299369106211357,turquoise,O-Post
O_S05_Post,Old_Post,O_S05,Old,Post,0.12402993941219312,turquoise,O-Post
O_S06_Post,Old_Post,O_S06,Old,Post,0.011287741915096447,turquoise,O-Post
O_S07_Post,Old_Post,O_S07,Old,Post,0.06533013504172928,turquoise,O-Post
O_S10_Post,Old_Post,O_S10,Old,Post,0.042762303922940254,turquoise,O-Post
O_S16_Post,Old_Post,O_S16,Old,Post,0.12389529903386688,turquoise,O-Post
O_S17_Post,Old_Post,O_S17,Old,Post,0.17865228755786847,turquoise,O-Post
O_S24_Post,Old_Post,O_S24,Old,Post,0.16751204060917943,turquoise,O-Post
O_S28_Post,Old_Post,O_S28,Old,Post,0.0011965533558599515,turquoise,O-Post
O_S29_Post,Old_Post,O_S29,Old,Post,-0.050486059220811265,turquoise,O-Post
O_S32_Post,Old_Post,O_S32,Old,Post,0.0034436048165996792,turquoise,O-Post
O_S35_Post,Old_Post,O_S35,Old,Post,-0.017555954434681803,turquoise,O-Post
YP_S14_Pre,Young_Pre,YP_S14,Young,Pre,-0.02862143745618992,turquoise,Y-Pre
YP_S45_Pre,Young_Pre,YP_S45,Young,Pre,-0.22422861094063173,turquoise,Y-Pre
YP_S56_Pre,Young_Pre,YP_S56,Young,Pre,0.052981164411868384,turquoise,Y-Pre
Y_S01_Pre,Young_Pre,Y_S01,Young,Pre,-0.19533169586152765,turquoise,Y-Pre
Y_S07_Pre,Young_Pre,Y_S07,Young,Pre,-0.07154326027452078,turquoise,Y-Pre
Y_S10_Pre,Young_Pre,Y_S10,Young,Pre,-0.07831387443728645,turquoise,Y-Pre
Y_S11_Pre,Young_Pre,Y_S11,Young,Pre,0.02320937597337317,turquoise,Y-Pre
Y_S16_Pre,Young_Pre,Y_S16,Young,Pre,-0.06042056269782379,turquoise,Y-Pre
Y_S28_Pre,Young_Pre,Y_S28,Young,Pre,-0.08813229151217152,turquoise,Y-Pre
Y_S30_Pre,Young_Pre,Y_S30,Young,Pre,-0.18122240003926599,turquoise,Y-Pre
Y_S31_Pre,Young_Pre,Y_S31,Young,Pre,0.01773946540277692,turquoise,Y-Pre
Y_S32_Pre,Young_Pre,Y_S32,Young,Pre,-0.08873410794807139,turquoise,Y-Pre
Y_S34_Pre,Young_Pre,Y_S34,Young,Pre,-0.052845334359471856,turquoise,Y-Pre
Y_S35_Pre,Young_Pre,Y_S35,Young,Pre,-0.06729008088569267,turquoise,Y-Pre
Y_S36_Pre,Young_Pre,Y_S36,Young,Pre,-0.17530134032946693,turquoise,Y-Pre
Y_S40_Pre,Young_Pre,Y_S40,Young,Pre,-0.038177756747916944,turquoise,Y-Pre
YP_S14_Post,Young_Post,YP_S14,Young,Post,0.10984045097936339,turquoise,Y-Post
YP_S45_Post,Young_Post,YP_S45,Young,Post,-0.1687447997447565,turquoise,Y-Post
YP_S56_Post,Young_Post,YP_S56,Young,Post,-0.08940193962448834,turquoise,Y-Post
Y_S01_Post,Young_Post,Y_S01,Young,Post,-0.025006759384755172,turquoise,Y-Post
Y_S05_Post,Young_Post,Y_S05,Young,Post,-0.0441614539548005,turquoise,Y-Post
Y_S10_Post,Young_Post,Y_S10,Young,Post,-0.1371877280023559,turquoise,Y-Post
Y_S11_Post,Young_Post,Y_S11,Young,Post,-0.04779495136370315,turquoise,Y-Post
Y_S16_Post,Young_Post,Y_S16,Young,Post,-0.026010511961534512,turquoise,Y-Post
Y_S28_Post,Young_Post,Y_S28,Young,Post,-0.09649790526809228,turquoise,Y-Post
Y_S30_Post,Young_Post,Y_S30,Young,Post,-0.06307005491199605,turquoise,Y-Post
Y_S31_Post,Young_Post,Y_S31,Young,Post,-0.15670627870633627,turquoise,Y-Post
Y_S32_Post,Young_Post,Y_S32,Young,Post,-0.053241328596651566,turquoise,Y-Post
Y_S34_Post,Young_Post,Y_S34,Young,Post,-0.15533913903991922,turquoise,Y-Post
Y_S35_Post,Young_Post,Y_S35,Young,Post,-0.12681338722237293,turquoise,Y-Post
Y_S36_Post,Young_Post,Y_S36,Young,Post,-0.1304418057240495,turquoise,Y-Post
Y_S40_Post,Young_Post,Y_S40,Young,Post,-0.24363128200211853,turquoise,Y-Post
OP_S06_Pre,Old_Pre,OP_S06,Old,Pre,0.26178516165111354,yellow,O-Pre
OP_S11_Pre,Old_Pre,OP_S11,Old,Pre,-0.13446093355743838,yellow,O-Pre
OP_S12_Pre,Old_Pre,OP_S12,Old,Pre,0.016578971872552695,yellow,O-Pre
OP_S17_Pre,Old_Pre,OP_S17,Old,Pre,-0.0202336433684965,yellow,O-Pre
O_S05_Pre,Old_Pre,O_S05,Old,Pre,-0.14309985564933358,yellow,O-Pre
O_S06_Pre,Old_Pre,O_S06,Old,Pre,-0.1531975253089043,yellow,O-Pre
O_S07_Pre,Old_Pre,O_S07,Old,Pre,-0.056249237504619215,yellow,O-Pre
O_S10_Pre,Old_Pre,O_S10,Old,Pre,0.06138047761292526,yellow,O-Pre
O_S16_Pre,Old_Pre,O_S16,Old,Pre,-0.10733679045458533,yellow,O-Pre
O_S17_Pre,Old_Pre,O_S17,Old,Pre,-0.1017236590867336,yellow,O-Pre
O_S24_Pre,Old_Pre,O_S24,Old,Pre,-0.20224528492638022,yellow,O-Pre
O_S28_Pre,Old_Pre,O_S28,Old,Pre,0.10733829412703558,yellow,O-Pre
O_S29_Pre,Old_Pre,O_S29,Old,Pre,-0.10143189420422132,yellow,O-Pre
O_S32_Pre,Old_Pre,O_S32,Old,Pre,-0.2309437997184036,yellow,O-Pre
O_S35_Pre,Old_Pre,O_S35,Old,Pre,-0.10113809266264015,yellow,O-Pre
OP_S06_Post,Old_Post,OP_S06,Old,Post,-0.041632676178524626,yellow,O-Post
OP_S11_Post,Old_Post,OP_S11,Old,Post,0.004628899653696343,yellow,O-Post
OP_S12_Post,Old_Post,OP_S12,Old,Post,0.0015806579950134157,yellow,O-Post
OP_S17_Post,Old_Post,OP_S17,Old,Post,-0.014164604022171923,yellow,O-Post
O_S05_Post,Old_Post,O_S05,Old,Post,-0.14495559528755064,yellow,O-Post
O_S06_Post,Old_Post,O_S06,Old,Post,-0.003708495465979086,yellow,O-Post
O_S07_Post,Old_Post,O_S07,Old,Post,0.0011528410368494366,yellow,O-Post
O_S10_Post,Old_Post,O_S10,Old,Post,-0.0768728373187253,yellow,O-Post
O_S16_Post,Old_Post,O_S16,Old,Post,-0.17119194619720268,yellow,O-Post
O_S17_Post,Old_Post,O_S17,Old,Post,-0.16251667532173966,yellow,O-Post
O_S24_Post,Old_Post,O_S24,Old,Post,-0.14934342764185451,yellow,O-Post
O_S28_Post,Old_Post,O_S28,Old,Post,0.14395322147016956,yellow,O-Post
O_S29_Post,Old_Post,O_S29,Old,Post,-0.12356214093558375,yellow,O-Post
O_S32_Post,Old_Post,O_S32,Old,Post,-0.014263010009751562,yellow,O-Post
O_S35_Post,Old_Post,O_S35,Old,Post,-0.11138946373017075,yellow,O-Post
YP_S14_Pre,Young_Pre,YP_S14,Young,Pre,0.1027254559012472,yellow,Y-Pre
YP_S45_Pre,Young_Pre,YP_S45,Young,Pre,0.3012143717175156,yellow,Y-Pre
YP_S56_Pre,Young_Pre,YP_S56,Young,Pre,-0.10538625891921337,yellow,Y-Pre
Y_S01_Pre,Young_Pre,Y_S01,Young,Pre,0.14137345044664126,yellow,Y-Pre
Y_S07_Pre,Young_Pre,Y_S07,Young,Pre,0.018353988844551503,yellow,Y-Pre
Y_S10_Pre,Young_Pre,Y_S10,Young,Pre,0.14974625870176506,yellow,Y-Pre
Y_S11_Pre,Young_Pre,Y_S11,Young,Pre,0.03188781469060701,yellow,Y-Pre
Y_S16_Pre,Young_Pre,Y_S16,Young,Pre,0.08091285042342873,yellow,Y-Pre
Y_S28_Pre,Young_Pre,Y_S28,Young,Pre,0.1125469715855026,yellow,Y-Pre
Y_S30_Pre,Young_Pre,Y_S30,Young,Pre,0.08521854383977155,yellow,Y-Pre
Y_S31_Pre,Young_Pre,Y_S31,Young,Pre,0.11154429392830147,yellow,Y-Pre
Y_S32_Pre,Young_Pre,Y_S32,Young,Pre,-0.0038532785685805146,yellow,Y-Pre
Y_S34_Pre,Young_Pre,Y_S34,Young,Pre,-1.858469771533175e-4,yellow,Y-Pre
Y_S35_Pre,Young_Pre,Y_S35,Young,Pre,0.1547499594058842,yellow,Y-Pre
Y_S36_Pre,Young_Pre,Y_S36,Young,Pre,0.16246554570306568,yellow,Y-Pre
Y_S40_Pre,Young_Pre,Y_S40,Young,Pre,0.0615662997158053,yellow,Y-Pre
YP_S14_Post,Young_Post,YP_S14,Young,Post,-0.2030056903265798,yellow,Y-Post
YP_S45_Post,Young_Post,YP_S45,Young,Post,0.14411829650546315,yellow,Y-Post
YP_S56_Post,Young_Post,YP_S56,Young,Post,-0.19873082099069192,yellow,Y-Post
Y_S01_Post,Young_Post,Y_S01,Young,Post,0.034912118488671186,yellow,Y-Post
Y_S05_Post,Young_Post,Y_S05,Young,Post,0.28058924787687806,yellow,Y-Post
Y_S10_Post,Young_Post,Y_S10,Young,Post,0.019170768363498205,yellow,Y-Post
Y_S11_Post,Young_Post,Y_S11,Young,Post,0.2734288048355202,yellow,Y-Post
Y_S16_Post,Young_Post,Y_S16,Young,Post,0.04922877426002225,yellow,Y-Post
Y_S28_Post,Young_Post,Y_S28,Young,Post,-0.006224433149726076,yellow,Y-Post
Y_S30_Post,Young_Post,Y_S30,Young,Post,-0.09838453601510894,yellow,Y-Post
Y_S31_Post,Young_Post,Y_S31,Young,Post,-0.012708750149095538,yellow,Y-Post
Y_S32_Post,Young_Post,Y_S32,Young,Post,-0.08866097092632443,yellow,Y-Post
Y_S34_Post,Young_Post,Y_S34,Young,Post,0.13800676912583876,yellow,Y-Post
Y_S35_Post,Young_Post,Y_S35,Young,Post,-0.036748717257609365,yellow,Y-Post
Y_S36_Post,Young_Post,Y_S36,Young,Post,0.10282293104403525,yellow,Y-Post
Y_S40_Post,Young_Post,Y_S40,Young,Post,-0.03543114899227469,yellow,Y-Post
OP_S06_Pre,Old_Pre,OP_S06,Old,Pre,-0.15936460742958683,green,O-Pre
OP_S11_Pre,Old_Pre,OP_S11,Old,Pre,0.11605386236094495,green,O-Pre
OP_S12_Pre,Old_Pre,OP_S12,Old,Pre,-0.08106137087601356,green,O-Pre
OP_S17_Pre,Old_Pre,OP_S17,Old,Pre,0.18437389842544227,green,O-Pre
O_S05_Pre,Old_Pre,O_S05,Old,Pre,-0.04002046058408102,green,O-Pre
O_S06_Pre,Old_Pre,O_S06,Old,Pre,0.28172580614624604,green,O-Pre
O_S07_Pre,Old_Pre,O_S07,Old,Pre,-0.18575744772748867,green,O-Pre
O_S10_Pre,Old_Pre,O_S10,Old,Pre,0.08541097739603791,green,O-Pre
O_S16_Pre,Old_Pre,O_S16,Old,Pre,0.08681493973225375,green,O-Pre
O_S17_Pre,Old_Pre,O_S17,Old,Pre,-0.04906464476380185,green,O-Pre
O_S24_Pre,Old_Pre,O_S24,Old,Pre,-0.11944231279418376,green,O-Pre
O_S28_Pre,Old_Pre,O_S28,Old,Pre,0.009507145705171085,green,O-Pre
O_S29_Pre,Old_Pre,O_S29,Old,Pre,0.07354831221995126,green,O-Pre
O_S32_Pre,Old_Pre,O_S32,Old,Pre,0.08731952226474604,green,O-Pre
O_S35_Pre,Old_Pre,O_S35,Old,Pre,0.20263587704799552,green,O-Pre
OP_S06_Post,Old_Post,OP_S06,Old,Post,-0.1692249529379631,green,O-Post
OP_S11_Post,Old_Post,OP_S11,Old,Post,0.20418702364199948,green,O-Post
OP_S12_Post,Old_Post,OP_S12,Old,Post,-0.03295942940135551,green,O-Post
OP_S17_Post,Old_Post,OP_S17,Old,Post,0.10779514511733004,green,O-Post
O_S05_Post,Old_Post,O_S05,Old,Post,0.1646343616117931,green,O-Post
O_S06_Post,Old_Post,O_S06,Old,Post,0.014018447189424795,green,O-Post
O_S07_Post,Old_Post,O_S07,Old,Post,0.1454957417123853,green,O-Post
O_S10_Post,Old_Post,O_S10,Old,Post,0.08192202496013912,green,O-Post
O_S16_Post,Old_Post,O_S16,Old,Post,0.11627625239853367,green,O-Post
O_S17_Post,Old_Post,O_S17,Old,Post,0.0022465571766142932,green,O-Post
O_S24_Post,Old_Post,O_S24,Old,Post,0.006070724592094879,green,O-Post
O_S28_Post,Old_Post,O_S28,Old,Post,0.047321632873723644,green,O-Post
O_S29_Post,Old_Post,O_S29,Old,Post,-0.06227022826338102,green,O-Post
O_S32_Post,Old_Post,O_S32,Old,Post,3.723138936398403e-4,green,O-Post
O_S35_Post,Old_Post,O_S35,Old,Post,-0.016619238358936916,green,O-Post
YP_S14_Pre,Young_Pre,YP_S14,Young,Pre,0.08369126709675007,green,Y-Pre
YP_S45_Pre,Young_Pre,YP_S45,Young,Pre,-0.017375432943462367,green,Y-Pre
YP_S56_Pre,Young_Pre,YP_S56,Young,Pre,-0.00976556870082462,green,Y-Pre
Y_S01_Pre,Young_Pre,Y_S01,Young,Pre,0.011984396555194714,green,Y-Pre
Y_S07_Pre,Young_Pre,Y_S07,Young,Pre,0.08864122691484407,green,Y-Pre
Y_S10_Pre,Young_Pre,Y_S10,Young,Pre,-0.01189195887713239,green,Y-Pre
Y_S11_Pre,Young_Pre,Y_S11,Young,Pre,0.14766126369978846,green,Y-Pre
Y_S16_Pre,Young_Pre,Y_S16,Young,Pre,0.10020001292595175,green,Y-Pre
Y_S28_Pre,Young_Pre,Y_S28,Young,Pre,-0.04932332753249217,green,Y-Pre
Y_S30_Pre,Young_Pre,Y_S30,Young,Pre,-0.06788389543571223,green,Y-Pre
Y_S31_Pre,Young_Pre,Y_S31,Young,Pre,0.024935677965737098,green,Y-Pre
Y_S32_Pre,Young_Pre,Y_S32,Young,Pre,0.021766739443031008,green,Y-Pre
Y_S34_Pre,Young_Pre,Y_S34,Young,Pre,0.0681527064675165,green,Y-Pre
Y_S35_Pre,Young_Pre,Y_S35,Young,Pre,-5.021465989052007e-4,green,Y-Pre
Y_S36_Pre,Young_Pre,Y_S36,Young,Pre,-0.09714417441602335,green,Y-Pre
Y_S40_Pre,Young_Pre,Y_S40,Young,Pre,0.007141835671022786,green,Y-Pre
YP_S14_Post,Young_Post,YP_S14,Young,Post,-0.20688070608663287,green,Y-Post
YP_S45_Post,Young_Post,YP_S45,Young,Post,0.0023574626086474092,green,Y-Post
YP_S56_Post,Young_Post,YP_S56,Young,Post,-0.4006927674768467,green,Y-Post
Y_S01_Post,Young_Post,Y_S01,Young,Post,0.0889381346909596,green,Y-Post
Y_S05_Post,Young_Post,Y_S05,Young,Post,0.05237826045682896,green,Y-Post
Y_S10_Post,Young_Post,Y_S10,Young,Post,-0.01602995403511787,green,Y-Post
Y_S11_Post,Young_Post,Y_S11,Young,Post,0.09560184537353403,green,Y-Post
Y_S16_Post,Young_Post,Y_S16,Young,Post,0.14888159192876266,green,Y-Post
Y_S28_Post,Young_Post,Y_S28,Young,Post,-0.08852463094501131,green,Y-Post
Y_S30_Post,Young_Post,Y_S30,Young,Post,-0.2886561836340218,green,Y-Post
Y_S31_Post,Young_Post,Y_S31,Young,Post,-0.25497008096084883,green,Y-Post
Y_S32_Post,Young_Post,Y_S32,Young,Post,-0.26456431801247315,green,Y-Post
Y_S34_Post,Young_Post,Y_S34,Young,Post,-0.09132975232943373,green,Y-Post
Y_S35_Post,Young_Post,Y_S35,Young,Post,-0.04028280771697059,green,Y-Post
Y_S36_Post,Young_Post,Y_S36,Young,Post,-0.05731934352281592,green,Y-Post
Y_S40_Post,Young_Post,Y_S40,Young,Post,-0.08114124590351644,green,Y-Post
