uniprot_id,module,kME,GS,x,y,gene
A0FGR8,blue,0.49879719505748304,0.0048979860600006,15.555093212308142,4.937504779393896,ESYT2
A1L0T0,blue,0.36355329541994474,0.023012897809140006,17.42324352291862,5.246480362335406,ILVBL
A5YM72,blue,0.4057691136253178,0.12427978162162398,17.121286614807516,5.41055484814582,CARNS1
O00168,blue,0.3422420142639517,0.31284012478804574,18.30354527101934,5.972715692799961,FXYD1
O00231,blue,0.5315493129366657,0.04651867009148104,15.187244029058778,6.265795072110735,PSMD11
O00399,blue,0.6891735541904535,0.19835952920687822,12.312456713545707,6.059529698336496,DCTN6
O00410,blue,0.632906168024723,0.043825605871061546,13.11102238338873,6.600057979557673,IPO5
O00487,blue,0.6301916647702479,0.30875014674625056,13.740990354878942,6.9738246619887825,PSMD14
O00629,blue,0.545001375291632,-0.04787162241577864,15.027373141837582,7.39283919204083,KPNA4
O14558,blue,0.35200988128292915,-0.3397143730199683,17.709638596635646,8.403491287339822,HSPB6
O14744,blue,0.35091445257697457,0.011004682156095498,17.059530235353638,8.631074334773883,PRMT5
O14929,blue,0.48012346492446994,0.19970308440194723,15.184522308515051,8.63602982204576,HAT1
O15143,blue,0.3378513932641393,-0.08585710417895646,17.070393203612657,9.593442576088963,ARPC1B
O15260,blue,0.4123880496821478,-0.12363998103026903,16.045902652626516,9.406290857908996,SURF4
O15400,blue,0.3860600320892397,-0.15900231124004868,16.83670418347756,10.35060458241145,STX7
O43237,blue,0.3314630497681867,0.26798264755616763,17.270268494439488,10.634204693179633,DYNC1LI2
O43396,blue,0.5736560400415962,0.022584697091349953,13.856174549341095,9.772983098340985,TXNL1
O43852,blue,0.5835540446352239,0.30457626381388686,13.50542599349374,9.937899841109882,CALU
O43865,blue,0.37622028125298135,0.06560152375381763,15.876892244070275,11.567754086198057,AHCYL1
O60237,blue,0.4722305010361227,0.12035285936279756,14.06747226571972,11.065218972030015,PPP1R12B
O60271,blue,0.7040360241706818,-0.04366675334773401,11.287097958532541,9.9079400887100455,SPAG9
O60662,blue,0.5627730551245803,0.010666048306284993,12.889474927957433,11.047341654200519,KLHL41
O60684,blue,0.344591979321219,0.08055248493011732,16.06156516889544,13.234121008291883,KPNA6
O60884,blue,0.6154672283991706,0.2232294607199889,11.600048661161766,11.046922616912763,DNAJA2
O75155,blue,0.3061463848031787,-0.032746745275779705,15.656850409744186,14.217823093907036,CAND2
O75396,blue,0.3747891754674507,-0.15755518615938055,15.061114836762872,14.12228385816838,SEC22B
O75663,blue,0.3837696316594706,0.10431806126501549,14.070497667075582,13.826694043313609,TIPRL
O75822,blue,0.4874120837361885,-0.01203190082559632,12.66864670304997,13.460862235478707,EIF3J
O75915,blue,0.3752532738835782,-0.09992848880882399,13.811191784023416,14.580694530711977,ARL6IP5
O76003,blue,0.6611651738894301,0.15998053746309204,10.322212182257266,12.251668364167493,GLRX3
O94886,blue,0.4066516557320475,0.004759972913546099,12.856777074391493,14.939415796729136,TMEM63A
O94919,blue,0.388704246413207,-0.19592023441903902,13.09346896197507,15.626692705286299,ENDOD1
O94979,blue,0.38814690934149526,-0.45244914549681137,12.506797434839374,15.716647875271928,SEC31A
O95210,blue,0.5549444909115732,0.4147680244844889,10.676528768646216,14.291345808129932,STBD1
O95573,blue,0.5180000451572335,0.1953385299793128,10.714339789740848,14.895960237367763,ACSL3
O95782,blue,0.43455064912273467,-0.11370428802489853,11.485993653286869,16.208797341289454,AP2A1
O95817,blue,0.5243204995684286,-0.02723586201345817,10.328741887705307,15.1055646416349,BAG3
P00387,blue,0.4391234492333833,-0.5021721242092783,10.70362158201859,16.226192054938576,CYB5R3
P00390,blue,0.5290575720732862,0.11132288420272855,10.096816526114937,15.938844834434597,GSR
P00492,blue,0.5416943135985895,-0.048642892157667095,9.509629287161577,15.63229423037945,HPRT1
P02511,blue,0.5921213987178232,-0.13883836457447532,8.834802637374741,15.34327613336394,CRYAB
P04632,blue,0.4837231283653568,0.05883683245128034,9.45399503158367,16.92790815497413,CAPNS1
P04792,blue,0.6529817924033376,-0.08750261569108297,7.934459790022206,15.105414103176983,HSPB1
P05023,blue,0.37292964254842476,0.3003787214764578,9.876074955774799,18.956984976548046,ATP1A1
P07099,blue,0.4263956830099873,0.029004580589657897,8.807830815885179,18.176453949489517,EPHX1
P07237,blue,0.4316881114012378,-0.0059201439149764255,8.591596294988785,18.285209453508863,P4HB
P07355,blue,0.6212776223658257,0.01881883061429951,6.839042049837723,15.636646383972977,ANXA2
P07737,blue,0.5728478875952435,-0.10537416284215881,6.999566262960322,16.73819671114821,PFN1
P07814,blue,0.5923772173206415,0.1618366456957297,6.512041914261159,16.423289636837456,EPRS1
P07900,blue,0.5023809327593772,-0.17921741507726455,6.9222642725374355,17.815683253394415,HSP90AA1
P08133,blue,0.3313492312391625,-0.27105370069877416,7.471553860461459,20.511186785220865,ANXA6
P08238,blue,0.5837114309779579,-0.05899495909269308,5.64167110034828,16.728164504069817,HSP90AB1
P08758,blue,0.5065201118387309,-0.013435561371032021,5.72868531278963,17.91065787591716,ANXA5
P09497,blue,0.5455248449499958,0.06864111122606571,5.388822878318473,17.76663687843752,CLTB
P0DMV8,blue,0.39714869520221885,0.06047049376578038,5.849246539825359,20.255221792925237,HSPA1A
P11021,blue,0.7004929516781344,-0.07459739677563038,4.172532720144969,15.476877980514459,HSPA5
P11441,blue,0.6056197048546227,0.17970315544815507,4.121741865417447,16.63509913031487,UBL4A
P13639,blue,0.5402660800751053,0.22601975831274332,4.097027680891506,18.411102504266815,EEF2
P13807,blue,0.5926873152500008,0.1873658171915531,3.535634209904247,17.395229501544495,GYS1
P14621,blue,0.40726184921474523,0.08492414049930339,3.698526463668606,19.861072246713597,ACYP2
P14625,blue,0.6867382670090475,0.0850145763903219,2.901120640367484,15.743628762703679,HSP90B1
P14868,blue,0.5822923053292965,0.05530319755235708,2.7841560527880533,17.715159201268513,DARS1
P15170,blue,0.38759487976903095,-0.04853493301318342,2.6251998120880335,20.937178898096697,GSPT1
P15311,blue,0.5341681778743496,0.2589723912939771,2.1671896915984146,18.25598943550914,EZR
P16152,blue,0.6465186019600391,0.311391206869674,1.682935089942648,16.340055136473147,CBR1
P17655,blue,0.6211067250687786,-0.12587957483456752,1.497440035807939,17.34615833484404,CAPN2
P17931,blue,0.3891444248417678,-0.008149847627315935,1.1698721955264277,21.05118274894167,LGALS3
P17980,blue,0.49812612250632143,0.06256699474189843,0.7616061303369992,18.910899946207422,PSMC3
P17987,blue,0.6615479920549165,0.05216808082476791,0.6809411440722704,16.914450692508204,TCP1
P18206,blue,0.45961572586716914,0.1303496005388287,0.0991371486064423,20.028443820911157,VCL
P20810,blue,0.5636256294924163,0.18181791566422892,-0.19084660282445154,18.329430830275214,CAST
P21291,blue,0.4747002097854248,-0.030254115766045024,-0.46496850444288174,19.612687628237488,CSRP1
P22102,blue,0.4686336443379833,-0.051434080899943384,-0.967797901349839,18.99689850148043,GART
P22234,blue,0.4357144171942422,0.07333001160682792,-1.4469927538139442,20.172187876028573,PAICS
P23297,blue,0.31189169936075745,0.012883219620613331,-2.2658612773850004,21.65227706852005,S100A1
P23327,blue,0.6416237197844805,0.4097627776106241,-1.3922985994384665,16.549973449173574,HRC
P23526,blue,0.5252409107120355,-0.1492798957598257,-2.110211792155085,18.102241502001508,AHCY
P24534,blue,0.599022586410273,-0.22657816063969458,-2.307329080181236,17.43962605913352,EEF1B2
P26447,blue,0.6439333506944307,0.006232218783580902,-2.2274480606968474,16.494207057416745,S100A4
P26639,blue,0.46176588825861525,0.19099390516649506,-3.6161198974669695,19.247578631381405,TARS1
P26640,blue,0.6296284673873431,-0.23255404155068696,-2.9047098846731743,16.622597777669924,VARS1
P27816,blue,0.6294705853526764,0.027993542382549325,-3.224115919217227,16.47270483270284,MAP4
P27824,blue,0.4852562519294556,-0.24454951376691933,-3.9652198687959297,17.787562995351387,CANX
P29692,blue,0.695109447175114,0.1177583656889722,-2.9932565351702607,14.82597379517076,EEF1D
P29966,blue,0.315003968456974,-0.15847214232128917,-6.022159312218239,20.374495439668422,MARCKS
P30101,blue,0.4967708448640001,0.2904230573635608,-4.969966756147914,17.300749112597824,PDIA3
P30153,blue,0.3135299848368672,-0.3014126142176924,-6.87185572514899,19.941899156212592,PPP2R1A
P30622,blue,0.5335398058898363,0.1955151583981392,-5.314743752953472,16.644992088631284,CLIP1
P30837,blue,0.7105707321782406,0.17552682924161883,-4.39470045302101,14.479974606850426,ALDH1B1
P31939,blue,0.649206760593081,0.27241665234546736,-5.110069918956364,15.139162244668707,ATIC
P31946,blue,0.3908847941536108,-0.2277997361800891,-7.474954322406637,18.326946661218344,YWHAB
P31949,blue,0.3935015705069382,-0.05727504780228993,-7.762717809244398,17.992787966990203,S100A11
P32456,blue,0.35375475262495926,-0.11565895763842426,-8.32013652723694,18.0115160897147,GBP2
P33176,blue,0.3468186133906595,-0.4471899372191424,-8.725627046461778,17.99458643175855,KIF5B
P34932,blue,0.5544995472284757,-0.0528591503859509,-6.955711919204155,15.034377794012752,HSPA4
P35080,blue,0.7043795577862607,-0.1978802729316297,-6.026262688072655,13.45226192036786,PFN2
P35606,blue,0.42314110251570003,0.20027707591639526,-8.89050068859769,16.06098931674168,COPB2
P39687,blue,0.37882411374248176,-0.140368452098355,-9.80638384055888,16.884290126476117,ANP32A
P40121,blue,0.3804847338871953,0.13200728478186496,-9.753108754343485,15.998436656738345,CAPG
P40227,blue,0.6633612470742225,-0.12613335506937123,-6.789590898585352,12.816033070258886,CCT6A
P41091,blue,0.684771408152365,0.322246170790493,-7.222245303519147,12.844306450556626,EIF2S3
P41227,blue,0.6063255141277898,-0.07913612584255772,-7.878760008514584,12.959975348452847,NAA10
P42330,blue,0.56532506381915415,0.006480710925227357,-8.927659343080109,13.540835079522612,AKR1C3
P42677,blue,0.5089059447077643,0.1973427880531328,-9.660312621552736,13.569647361179399,RPS27
P43686,blue,0.6674267378251605,0.12798638233529191,-7.813933258904484,11.710685589899377,PSMC4
P46976,blue,0.4641631797843395,0.3246424490927986,-11.093924178398815,13.619881364589741,GYG1
P48444,blue,0.38171887737884747,0.021263950130620175,-11.753989219591082,13.867068109561338,ARCN1
P48509,blue,0.4911795530863097,0.2988592419940637,-10.258902549165903,12.33949811331285,CD151
P48556,blue,0.5518176268073073,0.04021367436414702,-10.103566034318039,11.810181281988578,PSMD8
P48681,blue,0.6407975999308432,0.2188190421847934,-9.122554383314702,10.978887107229438,NES
P49368,blue,0.6537943530313793,-0.08585870730676655,-9.12882864836316,10.661324512562878,CCT3
P49591,blue,0.5493278550988415,0.13136426762847295,-10.824894607810046,11.145795253031935,SARS1
P50395,blue,0.37194866191834536,-0.1500058114830067,-13.205305463066551,12.096085043385536,GDI2
P50454,blue,0.3295662190313081,-0.05678695233064734,-13.510038430052852,11.723888490048209,SERPINH1
P50461,blue,0.6543341247045472,-0.0018722731200380262,-9.13770301265955,9.227665508049878,CSRP3
P50990,blue,0.7097462141682886,-0.05989984875876655,-8.736874238994387,8.966026715616998,CCT8
P50991,blue,0.6699382890899435,-0.13279204093857777,-9.351031908388622,8.940481991827834,CCT4
P51572,blue,0.5848386694677614,0.14415740905998148,-11.161788509613856,9.119946325450922,BCAP31
P51665,blue,0.49763902193908455,0.26220859736529656,-11.93596504268813,8.960185326760804,PSMD7
P52294,blue,0.47496424718134195,-0.26178145943445014,-12.876104714986944,8.95600938664009,KPNA1
P52895,blue,0.3147893056209378,0.004276055472564558,-14.903906490482589,9.227883134125854,AKR1C2
P54136,blue,0.55448277867509,-0.0061535552633792375,-11.156697861468743,7.897726837453627,RARS1
P54619,blue,0.40575552683854943,0.12970963172593722,-14.059873806304186,8.069354746315618,PRKAG1
P54646,blue,0.3665314332805621,0.025554191265100088,-15.071218407570173,8.060400433866464,PRKAA2
P54652,blue,0.3914546450984429,-0.4886985366599707,-14.239516594241334,7.516366447773155,HSPA2
P55010,blue,0.3405530552959548,0.0018857170067148315,-14.740130387829135,7.111389447192913,EIF5
P55036,blue,0.6908882788650224,0.11913354294131319,-10.033966638998695,6.257959927535007,PSMD4
P55042,blue,0.46571232900121556,-0.028226406726851044,-13.476626977067827,6.120846346292522,RRAD
P55209,blue,0.5925565756169895,-0.29608311163743506,-11.232592432506287,5.7617683707406995,NAP1L1
P55327,blue,0.35870752597734185,-0.1479545260366251,-14.696747159728561,5.679855641471408,TPD52
P56192,blue,0.39946272661304505,0.24065686890910246,-14.793179594263128,5.160029048332588,MARS1
P56211,blue,0.4115977081441049,-0.058073085952495516,-14.062291208133276,4.931981358363751,ARPP19
P61026,blue,0.42431638121010906,0.0388288180273729,-13.795491580801702,4.491174116340664,RAB10
P61221,blue,0.40762473404002275,-0.03687034530663407,-14.247951427322993,3.971560060935389,ABCE1
P61224,blue,0.3827919185543969,0.1701009950582432,-14.19048163562483,3.7064735524708756,RAP1B
P61619,blue,0.41891402710612713,0.23295037738768795,-13.699292583051523,3.3448033479491945,SEC61A1
P62081,blue,0.5015442788651927,0.4082087452440419,-13.08501877154061,2.94757028110466,RPS7
P62191,blue,0.557297442835,-0.0778640532530066,-11.386641113994662,3.025768810657092,PSMC1
P62195,blue,0.42333129669421016,0.08925790032845098,-14.040492980510507,2.312362761275237,PSMC5
P62280,blue,0.6307847183390449,0.053035495008276194,-10.201009551324152,2.623798252289851,RPS11
P62333,blue,0.6663217821046434,0.2933807403217182,-10.224963330741694,2.239389448441877,PSMC6
P62495,blue,0.4305987824957046,0.13419165582017928,-13.72912381642593,1.113868279949831,ETF1
P62826,blue,0.4330007340643899,-0.22278442134038953,-13.198351776791778,1.0027793893618355,RAN
P62979,blue,0.557290637450233,0.36800333604179536,-11.008263026865206,1.135290444534872,RPS27A
P63172,blue,0.631428124528234,0.3341169528678656,-10.15522003916741,1.2073547205966446,DYNLT1
P68366,blue,0.6729089635323451,0.039533401619222114,-9.780769838196814,0.9888018440287749,TUBA4A
P68371,blue,0.6986589469683098,0.08886384616572744,-9.42255971835018,0.7401386168659787,TUBB4B
P78344,blue,0.30988675099736135,-0.02934200484804694,-14.480916959464201,-1.639252285496383,EIF4G2
P78371,blue,0.6371140521543817,-0.1509332319780998,-10.10361427667713,-0.181781639672689,CCT2
Q04446,blue,0.5920525449426233,-0.16383500237540807,-10.339834639209679,-0.5795367396229905,GBE1
Q04828,blue,0.58581373175308,0.18449624463979675,-10.4301698388402,-0.9704044849688032,AKR1C1
Q05639,blue,0.6216928922906819,0.3030052006507609,-9.556920348996206,-0.8193330154688745,EEF1A2
Q06323,blue,0.5539471049898527,-0.16183596000180656,-10.278256160559167,-1.5489658571358529,PSME1
Q07065,blue,0.4647103376025244,-0.019024442814332916,-11.426843562235073,-2.763581846779207,CKAP4
Q07866,blue,0.3784428092033699,-0.35353377055690666,-12.27273550018743,-3.5500875209308296,KLC1
Q07960,blue,0.6909123846826616,0.22114700963717424,-7.949716016136447,-1.2298944254182906,ARHGAP1
Q10567,blue,0.44131684584200687,0.20231705309280013,-10.774645429474704,-3.6650256885249926,AP1B1
Q12988,blue,0.5925109452411861,0.05684504056943974,-9.110990277570876,-2.7708873084918126,HSPB3
Q13085,blue,0.5532221783640312,0.027467311630171885,-8.941796668881208,-3.11280398978392,ACACA
Q13098,blue,0.30686746440108525,0.051016265319875374,-11.818122661499054,-5.796661015228373,GPS1
Q13409,blue,0.6981103793401622,0.2015322010513208,-7.153086230455079,-2.4476639730966783,DYNC1I2
Q13445,blue,0.534649329302625,-0.04110189501355388,-8.868486354627219,-4.264137583752247,TMED1
Q13813,blue,0.48703424590533134,0.1292306927429767,-9.406610385825164,-5.208882752198231,SPTAN1
Q13885,blue,0.4774940434791747,-0.23509513652462222,-9.455444477863162,-5.519773527851883,TUBB2A
Q14116,blue,0.49214952574035226,0.16962335461761308,-8.613664065172772,-5.442463259989265,IL18
Q14677,blue,0.33414558234357816,-0.04148172001057462,-10.13160013868502,-7.452400236958687,CLINT1
Q14697,blue,0.3753431335557254,-0.2021473009723812,-9.553124894310107,-7.198831737991827,GANAB
Q14997,blue,0.6121090395029879,0.017440324120216216,-6.630914127885177,-4.442672604423255,PSME4
Q14BN4,blue,0.6202818959233184,-0.2728212355498212,-6.222892931605789,-4.362569718380006,SLMAP
Q15075,blue,0.6678352392584538,0.1609448649982346,-5.563589685024072,-4.2526029946423884,EEA1
Q15121,blue,0.476469448183533,0.12069296515144341,-7.157644573637706,-6.861030831814186,PEA15
Q15276,blue,0.5313799347647453,0.21585748846397723,-6.5825152664053554,-6.3287736080515,RABEP1
Q15691,blue,0.5860690879241848,0.043441503621411554,-5.87442016531162,-5.855694730686696,MAPRE1
Q16186,blue,0.3379339389181007,0.03741656250374407,-7.444956140689936,-8.910073106135695,ADRM1
Q16531,blue,0.579386806670742,0.09252842116569907,-5.152133815175825,-6.225499424282824,DDB1
Q16851,blue,0.5154808110448412,0.20203583847488607,-5.675245132376118,-7.66152473976033,UGP2
Q2TBA0,blue,0.6959178806816243,0.004389835256329,-3.722429662765249,-4.866015062248869,KLHL40
Q53GG5,blue,0.6309447935294538,-0.24117732831179384,-4.094224496219761,-5.800868322868827,PDLIM3
Q5BKX8,blue,0.3072836341731004,-0.10756162261175962,-6.022335983054666,-10.764559226262431,CAVIN4
Q5T4S7,blue,0.35115440662124986,0.21486364331455268,-5.310785149418744,-10.011472427717681,UBR4
Q5VYK3,blue,0.6429431355888803,0.20430389550231853,-3.232293996747238,-6.07786220450565,ECPAS
Q6ZMU5,blue,0.49284071057586154,-0.2354245472152371,-3.9090731367547358,-8.548363877510319,TRIM72
Q7Z4G1,blue,0.5700795652477556,0.06462715793787453,-3.1202651151807057,-7.866086499128941,COMMD6
Q86UE4,blue,0.5452720933315987,0.12535872819592697,-2.916919296418919,-7.836775383327265,MTDH
Q86UP2,blue,0.6035677165253269,-0.0723017197587114,-2.3168671751225274,-7.016498374909495,KTN1
Q86VF7,blue,0.6948445206259416,-0.06926320036001948,-1.6784669380431538,-6.032118485592519,NRAP
Q86VP6,blue,0.34342922858666763,-0.24722626255343913,-2.921224294523756,-11.795728524317713,CAND1
Q86VX2,blue,0.39901202674347336,-0.06098790447042564,-1.9755419990337753,-10.162287299661728,COMMD7
Q8IUZ5,blue,0.46313825080247306,0.04634995250972655,-1.6691005054634538,-9.76879512964113,PHYKPL
Q8IVN3,blue,0.5025609876649358,0.03462552300504206,-1.1561028900551122,-8.908752769328249,MUSTN1
Q8IWX7,blue,0.39767145030875817,0.3326934314545957,-0.9884265919145581,-10.662728603964176,UNC45B
Q8N3D4,blue,0.7047642969584511,0.2547302263653116,-0.1474013767776705,-6.152864184625572,EHBP1L1
Q8N3L3,blue,0.32548937338605605,0.03181095792315978,-0.4027298522880469,-12.207825776988418,TXLNB
Q8NBF2,blue,0.33563124705502434,-0.23707566372882483,0.07691482905158553,-11.867700721398453,NHLRC2
Q8NBS9,blue,0.4274614355328148,-0.1555817802994838,0.4796300258181212,-11.016093850947257,TXNDC5
Q8NCA5,blue,0.3850650324809585,0.15158838664618007,0.6780204530720119,-10.799717150178356,FAM98A
Q8TC12,blue,0.5366125272760851,0.22700004553269149,1.2974206556834573,-8.354078963692569,RDH11
Q8TD19,blue,0.6164707218403285,0.27161451775310586,1.4574010214441129,-7.982425720038175,NEK9
Q8WTS6,blue,0.37599400257329285,0.11615021722235282,1.8056033232606932,-10.943369221905684,SETD7
Q8WW22,blue,0.5459214209275357,-0.04578149334132289,2.241818766392251,-9.03793686933177,DNAJA4
Q92499,blue,0.4572491437886452,-0.13154401077896422,2.5384604690904795,-10.25343755331863,DDX1
Q92616,blue,0.702796147609505,0.15629598979389084,2.6019373521295486,-6.054980926690255,GCN1
Q93008,blue,0.4580708666155288,0.10283158738771986,3.28732921550965,-10.392068140294757,USP9X
Q96CW1,blue,0.5413585471407338,0.3251312683058382,3.437034076291769,-8.635708579185028,AP2M1
Q96FQ6,blue,0.6321447233124444,0.10988234232087296,3.476724183088156,-6.996220884934156,S100A16
Q96HE7,blue,0.41775971112804317,0.1739105408841733,4.498937478861809,-10.121059063423452,ERO1A
Q96HN2,blue,0.3417244398799309,-0.11112237757092995,5.077448141484985,-11.044589682440591,AHCYL2
Q96JJ7,blue,0.43407239678937565,0.41576625679088136,5.160596170508603,-9.764906715833092,TMX3
Q96K17,blue,0.36529675637009457,0.22960498181862574,5.980187955503025,-10.996732866199409,BTF3L4
Q96KP4,blue,0.3116494186617711,-0.01729571332318577,6.603272700269818,-11.616370855160056,CNDP2
Q96L96,blue,0.5992725542469264,0.05240867788183697,5.186444327789366,-6.92120282585281,ALPK3
Q96MG2,blue,0.4100641177543355,0.11307979019273404,6.6371126017831505,-9.659035967238367,JSRP1
Q99426,blue,0.4015901921873116,-0.2755622641713266,7.132282179078192,-10.147059858618494,TBCB
Q99536,blue,0.40019097972672546,0.023633645265512603,7.396030113908356,-9.970443485375732,VAT1
Q99613,blue,0.5239391671090593,0.27261601880345326,7.229884933690183,-8.168316677757833,EIF3C
Q9BQE5,blue,0.5713953101432302,0.2879621172680878,6.856903906032497,-6.551401820807489,APOL2
Q9BTE1,blue,0.3471778958044089,-0.08043845282466033,8.941245323236954,-10.173688503038651,DCTN5
Q9BTV4,blue,0.5907803519936308,0.1202052033222231,7.325207662092281,-6.268535630938797,TMEM43
Q9BUF5,blue,0.6296059745923916,-0.15457210613544728,7.111680288040091,-5.489854189874197,TUBB6
Q9BV23,blue,0.38688209515526634,0.3563313865233658,9.74489527096832,-9.269116388055785,ABHD6
Q9BXB4,blue,0.5097241886959623,0.23336220001123753,8.628477740186689,-6.649183083323492,OSBPL11
Q9BXS5,blue,0.4739451640795625,0.3519426792338127,9.611687103097708,-7.417998439253128,AP1M1
Q9BY44,blue,0.408179322382306,0.012279579184261067,10.325504369485206,-8.177363358773295,EIF2A
Q9C0C9,blue,0.42284722387568235,0.015715431624303458,10.308279583546787,-7.432390906710295,UBE2O
Q9GZV1,blue,0.609280400598402,-0.18494674021639568,9.03677546916937,-4.956774465164373,ANKRD2
Q9H0E2,blue,0.34594191072885744,0.03265636575657373,12.30337566961209,-8.364692361629153,TOLLIP
Q9H0U4,blue,0.4917204451182631,-0.03626796241542732,10.440282376953151,-5.971195776711162,RAB1B
Q9H2G2,blue,0.44787228858228906,0.22567580064096365,11.67604269126386,-6.522699608443381,SLK
Q9H2I8,blue,0.6661020547260871,0.28245975545643914,9.061433736073937,-3.335515776165006,LRMDA
Q9H4G4,blue,0.44993240873720175,-0.03663993788161715,11.694959013257916,-5.500590430627427,GLIPR2
Q9HDC9,blue,0.5693741128438876,0.15438017210846244,11.03380634690643,-4.398938826701127,APMAP
Q9NP72,blue,0.3338351770328137,-0.06987968100509188,13.582096341626512,-6.59094190551972,RAB18
Q9NSD9,blue,0.6620212591791691,-0.0354585139395254,10.180043250734412,-3.0583835456509076,FARSB
Q9NX47,blue,0.5001323362140779,0.2644407955072321,12.086686691298512,-4.051270887703526,MARCHF5
Q9NY33,blue,0.3441607393872377,0.2957820416461903,14.387939935551177,-5.338985922825716,DPP3
Q9NZ08,blue,0.4121612413639863,0.05533695203375334,14.096893934852238,-5.012555660216312,ERAP1
Q9NZB2,blue,0.5804449808378278,0.1357677684329081,11.953022773788767,-2.7997077542826068,FAM120A
Q9NZM1,blue,0.5332159690024718,0.39031691198253915,12.569592168140735,-2.8239473696923216,MYOF
Q9NZU5,blue,0.45403341063431873,-0.19482450120143552,13.820711848865328,-3.202685094625406,LMCD1
Q9P003,blue,0.5310499292542631,0.21540515338829067,13.03948267869096,-2.2637257497018775,CNIH4
Q9P0J6,blue,0.3861004893029216,0.1837631008195212,15.560831150164832,-3.34330212353868,MRPL36
Q9P2J5,blue,0.5668793458008275,5.254406340463725e-4,12.579069571883807,-1.396861028271882,LARS1
Q9UBI6,blue,0.5034365806701994,0.12835612577958116,13.682180097656843,-1.5854332564254126,GNG12
Q9UBY9,blue,0.7036800117505859,0.1206404326974826,11.764867509205967,-0.1726052345431306,HSPB7
Q9UDT6,blue,0.41205081283434236,0.08878588074274826,15.400575843855306,-1.598236756724667,CLIP2
Q9UHP9,blue,0.48316453255174807,0.11899258498705777,14.749772909715476,-0.9035190704318063,SMPX
Q9UHQ4,blue,0.38041882456457743,0.2522095981219005,16.36762174354661,-1.1730980824692159,BCAP29
Q9UK76,blue,0.5278356743708603,0.01522694805742245,14.117075842592309,-0.03508615553205008,JPT1
Q9UL46,blue,0.6578839657739066,0.1387171106808312,12.55972926013939,0.9385464543247011,PSME2
Q9ULC4,blue,0.41105126911330614,-0.10635896642465661,15.863778189476959,0.1308700369972975,MCTS1
Q9UM00,blue,0.39745079651256376,0.20352133615234588,16.948226745663767,0.06400753359897582,TMCO1
Q9UNM6,blue,0.6689148753505472,0.27658914004404755,12.257421425472623,1.9114422344398267,PSMD13
Q9UPY8,blue,0.6151902196773623,0.06739293531481462,13.242512288507339,1.8767331509486804,MAPRE3
Q9Y266,blue,0.3567555268859971,0.01681837860722683,17.265079145033717,1.2091933479242174,NUDC
Q9Y285,blue,0.467927823858263,-0.14750225573209208,15.633936440340815,1.894859863800031,FARSA
Q9Y2J8,blue,0.34650261107712604,-0.09200088651601339,17.518865500186482,2.078475329021833,PADI2
Q9Y316,blue,0.4036752234227995,-9.012121586133681e-4,17.140823183225486,2.434608485090144,MEMO1
Q9Y394,blue,0.5748418398795061,0.11913874413220886,14.595952250062163,3.2455908302424703,DHRS7
Q9Y450,blue,0.32688046663734704,-0.12171454992762011,18.37714064412502,3.153596574319237,HBS1L
Q9Y4L1,blue,0.5133846232592177,-0.18405889647915316,15.327061643350529,3.827863335250667,HYOU1
Q9Y6G9,blue,0.6012961073279178,0.01909918117767566,14.418920616297196,4.171501416990209,DYNC1LI1
Q9Y6Y8,blue,0.47426269842049285,0.22937211296805546,15.615522089072838,4.56189342115552,SEC23IP
A2RTX5,turquoise,0.43201676388663507,-0.09868671635925792,11.290746754197755,1.3322709522695566,TARS3
A3KMH1,turquoise,0.6454961572883887,-0.28035357871876865,9.793239601896111,1.3825575671899109,VWA8
O00151,turquoise,0.6060307752458901,-0.5269025854640347,10.312494752889169,1.5531673973368674,PDLIM1
O00159,turquoise,0.3788136461959849,-0.09524134672500864,11.762223257951309,1.913258367487078,MYO1C
O00429,turquoise,0.5391830233698247,-0.1376126615483001,10.50925868053941,1.8888656619962614,DNM1L
O00442,turquoise,0.3267385718465536,-0.22739722848305044,12.518914416612837,2.2993585944969235,RTCA
O00748,turquoise,0.48773309445238405,0.1991975138290716,10.940053284113624,2.324678192585934,CES2
O14841,turquoise,0.7179340751013916,-0.19788953009331917,9.386423470163658,2.323426214446834,OPLAH
O14950,turquoise,0.38903523481097074,-0.2960748977143573,11.615164965550054,2.7194235699018066,MYL12B
O15382,turquoise,0.5871840861533436,-0.18485200653903264,10.171737939415378,2.648498121775935,BCAT2
O43488,turquoise,0.711455305239227,-0.2870842452304877,9.38607198927432,2.762491968326443,AKR7A2
O43615,turquoise,0.7362725647334537,-0.1539486369634778,8.897784203990494,2.7154114543693897,TIMM44
O43684,turquoise,0.4367127906049549,-0.29554723097766855,11.056387022486497,3.40326979968484,BUB3
O43765,turquoise,0.45907467959864706,-0.31964555912646553,11.26222793092322,3.742102871446006,SGTA
O43772,turquoise,0.6863434345886485,-0.05644813972055934,9.41810229928027,3.3134765335146046,SLC25A20
O43837,turquoise,0.4430470838340915,0.17598929718074816,11.21246055276199,4.138628478981022,IDH3B
O60313,turquoise,0.5495408599863243,-0.150056184081172,9.923660081739914,3.8513908844941085,OPA1
O75208,turquoise,0.5827376285960698,-0.22171803810281202,9.845069080500972,3.967194845987918,COQ9
O75323,turquoise,0.4933541871921591,-0.1574960157222063,10.213339677837126,4.334784481935456,NIPSNAP2
O75521,turquoise,0.6730731452558391,-0.13115219777210083,8.926585517493258,3.938541520928446,ECI2
O75608,turquoise,0.40452479518587053,0.265177917065244,11.155159846425185,5.056355996937403,LYPLA1
O95202,turquoise,0.731364001522913,-0.10410780168092276,8.435428991939464,4.02616481704515,LETM1
O95336,turquoise,0.4963505680714098,-0.3359690558187793,10.341730147214175,5.068094806506647,PGLS
O95433,turquoise,0.29179039825846737,-0.13696389833705286,11.524449315759263,6.004906398163546,AHSA1
O95870,turquoise,0.4156595338913661,-0.262165348762532,10.577423134743391,5.693169705140426,ABHD16A
O95989,turquoise,0.34096940264197956,-0.18229656920536297,11.119942726452074,6.103687451830903,NUDT3
O96011,turquoise,0.42495062783537996,-0.07826321251818669,10.474974343584812,5.970977546219534,PEX11B
P00167,turquoise,0.47275948780889665,-0.07783320019229556,9.971234810374657,5.9227459460857945,CYB5A
P00367,turquoise,0.36743127210963966,-0.04033197866622332,10.444972958986531,6.465796611588881,GLUD1
P00966,turquoise,0.3901141839143338,-0.013674882265590238,10.459636172298712,6.681972448487584,ASS1
P01889,turquoise,0.510592053925239,-0.3545477471174674,9.112617694195166,6.05496031396806,HLA-B
P02144,turquoise,0.480888926382035,-0.41357847677365817,9.220100605797224,6.303489740764372,MB
P02750,turquoise,0.4064536969064271,-0.21652404066455513,9.947078188404447,7.170457491027228,LRG1
P04080,turquoise,0.4070186448380393,-0.1637100260108078,9.887890533234565,7.242847787963901,CSTB
P04179,turquoise,0.6126306410273529,-0.2540069405193505,8.124713270197486,5.9580795636208,SOD2
P04439,turquoise,0.43174770197449713,-0.4565282514903421,9.264914603469428,7.191069808458863,HLA-A
P05091,turquoise,0.3123158912048991,-0.3252886985566468,9.939420774705763,8.05083734840759,ALDH2
P05165,turquoise,0.7029280962886053,-0.09846156304200446,7.290730271321855,5.8277458578739525,PCCA
P05413,turquoise,0.5354858919710181,0.09844108758765682,8.337242686332646,7.145144925437708,FABP3
P05556,turquoise,0.31217582206357225,-0.3322106873788963,9.520054912670107,8.596893938312112,ITGB1
P06454,turquoise,0.4406009544201503,-0.22848801323771686,8.727611315190222,7.962573260499188,PTMA
P07195,turquoise,0.4845730550417489,-0.23241886896664918,8.22470881661987,7.863900864565758,LDHB
P07203,turquoise,0.3462979679795459,0.14820920128829532,8.727663871440782,8.727903005707338,GPX1
P07339,turquoise,0.4023290256864727,-0.5065740676137589,8.16171587966657,8.275144495255327,CTSD
P07451,turquoise,0.44895745394684233,-0.508843434024522,7.865899312919777,8.07524042336492,CA3
P07602,turquoise,0.45083415183046155,-0.4776338093997249,7.797863641194179,8.49401423627285,PSAP
P07858,turquoise,0.6164060002445564,-0.454372457800755,6.722535794921198,7.220833560845162,CTSB
P09110,turquoise,0.4376800121565675,-0.10610929004523602,7.35892490890675,8.479213088076865,ACAA1
P09429,turquoise,0.3505896693943894,-0.5939950841674805,7.757457658405294,9.229437736514159,HMGB1
P09525,turquoise,0.2909448063665694,-0.1696481545792336,7.8705544417227165,9.835651185450253,ANXA4
P10109,turquoise,0.3139674809024923,-0.1916191638677143,7.397183455008077,9.538382022667456,FDX1
P10253,turquoise,0.5241789313952866,-0.12395292773063243,6.594468215899507,8.485175891042436,GAA
P10809,turquoise,0.741027162784874,0.03598019812882425,5.772223536546148,7.178490454952681,HSPD1
P11182,turquoise,0.4910540846203891,-0.5554417609004596,6.31701141089305,8.604730877471853,DBT
P11310,turquoise,0.720303101421212,-0.4868418546327209,5.5357734622075325,7.417853213668272,ACADM
P12277,turquoise,0.4727356638429153,-0.4141782901327687,6.049757353629229,9.008866206988086,CKB
P12956,turquoise,0.2902966002957597,-0.6072554931001062,6.489080730462071,10.30782718832344,XRCC6
P13164,turquoise,0.3392259036774361,-0.3932276583112495,6.069845258405055,10.02706621778154,IFITM1
P13473,turquoise,0.2871888833773838,-0.41298036216410766,6.159494909533551,10.652667860753908,LAMP2
P13667,turquoise,0.29523610631704833,-0.3086209736824383,5.954525539431682,10.725048487104075,PDIA4
P13797,turquoise,0.604264550764338,-0.29823253840355246,4.984389795668855,8.518374461675506,PLS3
P15090,turquoise,0.5263630622240327,0.11968365678241409,5.039758244870542,9.149621697977944,FABP4
P15104,turquoise,0.48769625866775557,-0.22275462133585944,4.769727554266513,9.182410803054617,GLUL
P15531,turquoise,0.3045752379857153,-0.2316418752576149,4.99961429877573,10.83655275609406,NME1
P16219,turquoise,0.5221422281511995,-0.12723456008439876,4.400705843775874,9.072703413638518,ACADS
P17174,turquoise,0.5872758579186124,-0.05449427342666265,4.223949833667565,8.718283086736214,GOT1
P17540,turquoise,0.7399683140091139,-0.10353239163806645,3.873996699013576,7.5038674086732575,CKMT2
P19623,turquoise,0.29264235781527076,-0.3805455925809225,4.25452562280443,10.849868142450628,SRM
P20231,turquoise,0.4369997017207325,-0.27289319450783556,3.909696882958651,10.296645862953929,TPSB2
P21397,turquoise,0.7255761553391419,-0.42157931018571565,3.423203417218048,7.620793965899598,MAOA
P21399,turquoise,0.4049089837048783,0.10395771102634584,3.4549373456050096,10.077105020423682,ACO1
P21912,turquoise,0.6795039789938895,-0.24827512314631014,3.1498214640720663,8.146247862971613,SDHB
P22033,turquoise,0.5656603391175398,-0.18812568891499065,3.078208861088265,9.175295686478531,MMUT
P22830,turquoise,0.4410987160457798,-0.2392490720431092,3.0322813910991275,9.886759005405501,FECH
P23434,turquoise,0.3000253664682114,-0.05221493962749379,2.7931807772702526,11.258804307466843,GCSH
P23786,turquoise,0.7126798511888194,-0.03806933724800135,2.6531800925924522,7.892285171380399,CPT2
P24298,turquoise,0.647183717198496,-0.03909303913839368,2.434087107243538,8.579261088922012,GPT
P25325,turquoise,0.3157824531807847,-0.24340522085665245,2.1890419833120145,11.24410478121272,MPST
P26440,turquoise,0.6412688203904597,-0.5919437052844764,2.123899562955743,8.649055347697873,IVD
P26583,turquoise,0.6063204802031936,-0.5373307217401654,1.923074592591306,8.944794281644436,HMGB2
P27338,turquoise,0.7185606005470679,-0.4170553873953583,1.9590601267908787,7.880461799485436,MAOB
P27348,turquoise,0.4420209574871125,-0.2187099823288818,1.4724865931076705,9.681854092071987,YWHAQ
P27695,turquoise,0.3498109591984795,-0.4022728577445008,1.2073785857715273,10.515844246430392,APEX1
P30038,turquoise,0.6221431545604408,-0.37203544593234333,1.3544168746903256,8.317273150709829,ALDH4A1
P30084,turquoise,0.7523314866385725,-0.36047868791856486,1.3797777320201747,7.511380903279127,ECHS1
P30533,turquoise,0.3971999437281229,-0.23593195218253546,0.567011842069356,10.42801315789314,LRPAP1
P30626,turquoise,0.32129403408749097,-0.2445471220477737,0.350366207251783,10.82565983205448,SRI
P31040,turquoise,0.6509796453608319,-0.12249223205555333,0.8006094352470856,8.191518588191968,SDHA
P31937,turquoise,0.7031371399975755,-0.2987935024840767,0.8987049839807526,7.487445159892685,HIBADH
P34897,turquoise,0.4389193881088061,-0.04027873453218745,-0.013669496930498681,9.774016126585899,SHMT2
P36776,turquoise,0.744833977214173,-0.32328037957008765,0.6048401796254503,7.3534238926862345,LONP1
P36957,turquoise,0.5230146549358806,0.02882127037300855,-0.07356302339655008,8.739679592851127,DLST
P37802,turquoise,0.41491284046548604,-0.4020339483033527,-0.6527301710307318,9.879445315739819,TAGLN2
P38646,turquoise,0.45381445480160076,0.08430243030165992,-0.7046191766923964,9.409101142698157,HSPA9
P40925,turquoise,0.5911295801976418,-0.254373864774011,-0.36293069341877215,8.337038366430944,MDH1
P40926,turquoise,0.5918304182370108,0.09881638517682131,-0.46302415737343416,8.070715350776142,MDH2
P40939,turquoise,0.7009855048385728,-0.25754948982574616,-0.08750108389453848,7.089733236109112,HADHA
P42126,turquoise,0.7281786047589561,-0.3222675769972535,-0.2481629445607827,7.069239372696726,ECI1
P43897,turquoise,0.3501381526612873,0.010770036681505162,-1.679143436283387,9.373072727551857,TSFM
P45381,turquoise,0.372242851877898,-0.04457701009810823,-1.911675517470652,9.398154598934669,ASPA
P45954,turquoise,0.5733838834032218,-0.4229430727606902,-1.310018056051251,8.024681769685435,ACADSB
P48059,turquoise,0.3735363001326688,-0.08822494002104182,-2.1739667299333663,9.048276145262863,LIMS1
P48449,turquoise,0.5147862496673422,-0.30556816594120145,-1.6618475764361467,7.895506163241955,LSS
P49406,turquoise,0.5309640814632188,-0.19073404288056445,-1.7438571403658374,7.785449178802162,MRPL19
P49411,turquoise,0.4577617555043365,0.21916947706733256,-2.2130155071895556,8.018841957421067,TUFM
P49419,turquoise,0.342056982016216,-0.14148286281528882,-3.144324695422142,9.086534096111938,ALDH7A1
P49753,turquoise,0.5044212925062531,0.09699364066436052,-2.234478534795352,7.603107370000901,ACOT2
P49840,turquoise,0.3192252079035568,-0.24883140547510618,-3.3965531391303676,8.773214981170963,GSK3A
P50213,turquoise,0.45825918874330634,0.2060182594819504,-3.0108523988946105,7.915437953787717,IDH3A
P50225,turquoise,0.30766025974470534,-0.0833778467505682,-3.9089476908187137,8.616003595759246,SULT1A1
P51553,turquoise,0.49789086439028896,0.14406353991682858,-3.0886017222800692,7.471863059407115,IDH3G
P51570,turquoise,0.3197480413174536,-0.31015550294680283,-4.07695144016504,8.308722125053205,GALK1
P51687,turquoise,0.7009986189490777,-0.43524910469071937,-2.269907795985958,6.141552016616701,SUOX
P52564,turquoise,0.553991525337971,-0.16335717714552048,-2.942578196027128,6.621001561180682,MAP2K6
P52566,turquoise,0.5732100511271904,-0.26290500166192476,-3.2051945340010555,6.579999431098062,ARHGDIB
P52815,turquoise,0.5329078766494164,-0.20212887055986373,-3.198042342214822,6.349870376529907,MRPL12
P53041,turquoise,0.41255518923378953,-0.3038998271633035,-4.033409126455555,6.8317288735948125,PPP5C
P53597,turquoise,0.7484763000174552,-0.032133927999349866,-2.467102407658376,5.343617563813845,SUCLG1
P53701,turquoise,0.6410684478573057,-0.13659164913257787,-3.0248621272312537,5.599570616840248,HCCS
P53804,turquoise,0.699422619012384,-0.18236667575893223,-2.7200484423594906,5.207579076754989,TTC3
P53985,turquoise,0.4472337519099736,-0.096404802423021,-4.563671658754171,6.2475911775335415,SLC16A1
P53992,turquoise,0.3305550427385256,-0.4402188290433204,-5.459894190779617,6.756264104658337,SEC24C
P54819,turquoise,0.5677828312868797,0.17388935513172804,-3.8362449074753044,5.379208950970756,AK2
P60953,turquoise,0.47138109619334245,-0.326001086757612,-4.435134114931253,5.556458331940827,CDC42
P61086,turquoise,0.4883359094441589,-0.21117025966776562,-4.325341243505083,5.358191631970311,UBE2K
P61158,turquoise,0.3186954789737519,-0.18975898199943106,-5.982430322288269,6.0420957068807155,ACTR3
P61160,turquoise,0.3876142057264652,-0.256525298822367,-5.275053239499644,5.434875282683767,ACTR2
P61604,turquoise,0.3720092511916535,0.3102924227312444,-5.722984265069598,5.4576637498259375,HSPE1
P61916,turquoise,0.3529218980405917,-0.3381865538608115,-5.708335773971302,5.158201584108623,NPC2
P62072,turquoise,0.5785011320765361,-0.17208724627828348,-4.125050348955397,4.264659219478937,TIMM10
P63104,turquoise,0.3908941597522209,-0.20309456008053067,-5.817554158953583,4.890178959092705,YWHAZ
P63167,turquoise,0.37683182153675987,-0.028575792964689078,-6.058697327200098,4.647549965325524,DYNLL1
P63279,turquoise,0.2882371199289946,-0.43449925089227726,-6.59536771237799,4.756215628497313,UBE2I
P67936,turquoise,0.48806353527874075,-0.28340884971328995,-5.275126521993335,3.9830162545940677,TPM4
P78417,turquoise,0.37184161917038044,-0.12343862781099335,-6.280557082301594,4.193093573555825,GSTO1
P78527,turquoise,0.35151561906119544,-0.45748180383635545,-6.553910951361186,3.9954689579490834,PRKDC
P82909,turquoise,0.5458169124062088,-0.047716321027237066,-5.1517316617351305,3.343329328786698,MRPS36
P84095,turquoise,0.32498834651764213,-0.06579488355360201,-6.590983733187977,3.542713085208021,RHOG
Q00059,turquoise,0.6197297084957656,-0.07836719102671796,-4.222435594844566,2.800147946048119,TFAM
Q00G26,turquoise,0.5143028228790355,-0.03732766005255977,-5.151874135443317,2.865313631923767,PLIN5
Q01085,turquoise,0.49310235209337866,-0.4229394382126578,-5.419074647558754,2.8265210916082744,TIAL1
Q01469,turquoise,0.36708633162227744,0.06025311861898659,-6.344981646595357,2.6593514976607437,FABP5
Q01518,turquoise,0.4971633023759365,-0.34676298108498405,-5.706556325135874,2.383816419906592,CAP1
Q01844,turquoise,0.2955762712761251,-0.2746604208981906,-6.8873933068321564,2.3908015034419057,EWSR1
Q02252,turquoise,0.5925256172460478,-0.31089242679611734,-4.673279111407154,1.9762605205026902,ALDH6A1
Q02338,turquoise,0.4992745075364967,-0.06833087975312287,-5.5922280442413,1.8515241877502409,BDH1
Q02790,turquoise,0.337167582142689,-0.028110866832329422,-6.7420730516860035,1.8455113252335122,FKBP4
Q08752,turquoise,0.3235721436394481,-0.07409701524927843,-6.954119236626355,1.6611052622576212,PPID
Q12931,turquoise,0.6137535135602898,0.01674654687550915,-4.666637215703732,1.4154012727653527,TRAP1
Q13011,turquoise,0.7473917650690592,-0.08254127470855858,-3.594859041530918,1.181337176902479,ECH1
Q13148,turquoise,0.36925987784594777,-0.43556050410639013,-6.82170055969389,0.9672423036906114,TARDBP
Q13423,turquoise,0.6875773267894641,-0.22125316970939007,-4.301782473886151,0.8921568336145635,NNT
Q13435,turquoise,0.49910688053120056,-0.3899433507136598,-5.445226950583348,0.7136956720171599,SF3B2
Q13510,turquoise,0.6243921558395543,-0.4290008072834531,-4.770250364408173,0.5339480962708083,ASAH1
Q13564,turquoise,0.3210809529558848,-0.21226112870867747,-6.712740524159595,0.20407171018984993,NAE1
Q13825,turquoise,0.5442608242616142,-0.09972079506509555,-4.993106626156858,0.21771136122633417,AUH
Q13907,turquoise,0.6564826549374417,-0.27540164536919526,-4.252877731134341,0.13906824300399157,IDI1
Q14195,turquoise,0.34650033471626895,-0.4189333619618554,-6.443120196016795,-0.39164395959390563,DPYSL3
Q15119,turquoise,0.3694756160120482,0.30340997487778654,-6.169739772558008,-0.5776875226222964,PDK2
Q15181,turquoise,0.4256491784749117,-0.2528864428075254,-6.015012388888102,-0.6821298540469682,PPA1
Q15404,turquoise,0.360461191236615,-0.5425395248159851,-6.122179264923955,-0.9791650273896264,RSU1
Q15848,turquoise,0.3055873743152141,-0.026863300394203173,-6.889103598921831,-1.3713527660615912,ADIPOQ
Q16134,turquoise,0.5855943729066654,-0.0036440068764262553,-4.4411314000357605,-0.7800336996449897,ETFDH
Q16543,turquoise,0.5951580424440984,-0.4083145675973298,-4.659502010313058,-1.0326518952184747,CDC37
Q16555,turquoise,0.45786960522263426,-0.49265802189811086,-5.434836001144926,-1.5377447801826423,DPYSL2
Q16698,turquoise,0.6750937118989777,0.07254698193204989,-3.734273468763188,-1.1212843083214954,DECR1
Q16836,turquoise,0.7340738648443645,-0.3627213518863574,-3.3460831397216326,-1.0990933942543444,HADH
Q3ZCQ8,turquoise,0.7229289181547418,-0.10276771326472796,-3.2626624778716256,-1.1810057903980213,TIMM50
Q4G0N4,turquoise,0.6287631634873452,0.12583333828942414,-3.817057208046041,-1.5530558292857692,NADK2
Q53GQ0,turquoise,0.3729130628303828,-0.13435210687936214,-5.858494635607804,-2.6601134802026554,HSD17B12
Q53H82,turquoise,0.41045325977776825,0.00897131750082882,-5.374158185184252,-2.604273849089121,LACTB2
Q5T440,turquoise,0.7217778779486164,-0.2643711004555526,-3.3228658239561017,-1.8116750690657988,IBA57
Q5U5X0,turquoise,0.37730097865975853,0.20334814743550592,-5.382250427910459,-3.0953794180465195,LYRM7
Q5VWZ2,turquoise,0.33777401327806544,-0.07083341578423939,-5.490398779335346,-3.420826885621538,LYPLAL1
Q6DKJ4,turquoise,0.3617544909781249,-0.5459025646579366,-5.155152445387256,-3.366800227005803,NXN
Q6IAA8,turquoise,0.38097221066167036,-0.06538781277378582,-4.952577236036777,-3.490572884477741,LAMTOR1
Q6NVY1,turquoise,0.5276815348559488,-0.41817067063002467,-4.205231514271964,-3.245038077429853,HIBCH
Q6P587,turquoise,0.6783775137173731,0.0996257055763114,-2.962184605112138,-2.628913733495155,FAHD1
Q6UWP2,turquoise,0.4407779507067549,-0.40325359950538603,-4.237060310131081,-3.6637544537500544,DHRS11
Q6UXV4,turquoise,0.35164938140217067,0.04754101856551273,-4.822803960515844,-4.488346901867553,APOOL
Q6YN16,turquoise,0.7413879381597679,-0.1625656154157743,-2.307536850427427,-2.7181759986054086,HSDL2
Q7L0Y3,turquoise,0.7116037782470483,-0.1939476749285876,-2.5073043498234684,-3.0192037799290796,TRMT10C
Q7Z2K6,turquoise,0.481917013541316,-0.1656849320914127,-3.647516029145197,-4.099832065031104,ERMP1
Q7Z3D6,turquoise,0.4159844525189317,0.028566145000267974,-3.948276989617197,-4.726610620254309,DGLUCY
Q7Z434,turquoise,0.45489147098247096,-0.18992375671738648,-3.5387577360841007,-4.546457708165751,MAVS
Q7Z4W1,turquoise,0.6593442102177842,-0.1801552634037782,-2.220084586381165,-3.593004405014459,DCXR
Q86SX6,turquoise,0.5541342872062666,-0.1722820694313931,-2.911615634288343,-4.363350245071175,GLRX5
Q86U28,turquoise,0.6400695003364362,-0.2664442577318162,-2.318049290475477,-4.048099175176205,ISCA2
Q86YB7,turquoise,0.572161142816862,-0.12220045781615929,-2.3927401467897678,-4.295961709576837,ECHDC2
Q8IW45,turquoise,0.5614322786051553,-0.204082763997564,-2.4575487855529072,-4.661711221522249,NAXD
Q8IWL3,turquoise,0.3231254351822763,-0.06217289586851575,-3.447934799320749,-6.125707410564456,HSCB
Q8IWW8,turquoise,0.5635500220887646,-0.37547110258732647,-2.2523506634412644,-4.88675814095567,ADHFE1
Q8IXL7,turquoise,0.3030938187231461,-0.18048099552463162,-3.145022471079243,-6.423680011384843,MSRB3
Q8N0U4,turquoise,0.5610182889747021,0.09883163772396783,-1.9089393330491626,-4.988955753354236,FAM185A
Q8N183,turquoise,0.6653392914372804,-0.17133215278159536,-1.385770480769966,-4.610757393280043,NDUFAF2
Q8N335,turquoise,0.6380378405628121,-0.22742817511326305,-1.2388053305500715,-4.690549529234575,GPD1L
Q8N4Q1,turquoise,0.5312239667040313,-0.4786932811364285,-1.717783565165571,-5.665504504173682,CHCHD4
Q8N4T8,turquoise,0.743646731425951,-0.35409232745602404,-0.6331857081529266,-4.208421826082715,CBR4
Q8N5M1,turquoise,0.6734135987230199,-0.04219707548177923,-0.7781304829103806,-4.688987276745686,ATPAF2
Q8NBN7,turquoise,0.33057170934309316,0.09193975287301691,-1.8386530590338275,-6.985212234035854,RDH13
Q8NBX0,turquoise,0.3793477864123519,0.05812824878448345,-1.4450421371069266,-6.735030153103598,SCCPDH
Q8NCN5,turquoise,0.3722126683499518,-0.10636523899783362,-1.2585255443520884,-6.877637474754461,PDPR
Q8NCW5,turquoise,0.42475765728997084,-0.3992644363371596,-1.1066993125338977,-6.86414718805035,NAXE
Q8NE62,turquoise,0.5437379723928275,-0.3124975057407324,-0.5177127672787938,-6.074794985165978,CHDH
Q8NFV4,turquoise,0.6879695546774166,-0.2521615644867416,0.16953983451831212,-4.84259696055835,ABHD11
Q8NI37,turquoise,0.6368919736442195,-0.236781799824474,0.1298238035471737,-5.4781674258531625,PPTC7
Q8TD30,turquoise,0.6412362552293781,0.02698109689946134,0.25285879014883417,-5.495757909393084,GPT2
Q8WVM8,turquoise,0.36091842570870414,-0.29305313304166025,-0.39247752368164335,-7.84512125473275,SCFD1
Q8WWV3,turquoise,0.3370039946286208,6.309680794021616e-4,-0.29351976647714073,-7.9782601551718715,RTN4IP1
Q8WY91,turquoise,0.5567473289309901,-0.03338298789693352,0.45840223982520856,-6.229155932875479,THAP4
Q92506,turquoise,0.6275881924528419,-0.0742073235246193,0.8316384519989561,-5.712192711054545,HSD17B8
Q92523,turquoise,0.6676128738196758,-0.0570510466216058,1.0339787692358569,-5.311537144350153,CPT1B
Q92696,turquoise,0.4161189924503645,-0.18361697933279372,0.708730268905744,-7.455855096377394,RABGGTA
Q92947,turquoise,0.5584545608087059,-0.276583647191021,1.0774968019799154,-6.64908516434003,GCDH
Q93052,turquoise,0.39086830437076464,-0.29565212787669276,1.0413968993171145,-7.633647683679066,LPP
Q96AB3,turquoise,0.5024076101601257,-0.1101730736416159,1.3000676643873594,-6.967614529019035,ISOC2
Q96AG3,turquoise,0.38296066012552205,0.10726119552450492,1.410989748028054,-7.713976474077609,SLC25A46
Q96C11,turquoise,0.4460495038075315,-0.1394346021845552,1.6689663213701427,-7.135599063981194,FGGY
Q96C90,turquoise,0.32261092529821866,0.13994853609026042,1.8049955195744516,-8.338360449831297,PPP1R14B
Q96CM8,turquoise,0.7204235116938356,-0.25236061524861525,2.162908021141179,-5.481059170460079,ACSF2
Q96CV9,turquoise,0.4143508871012751,0.05173076042277074,2.2317877731068254,-7.534327494039821,OPTN
Q96DC8,turquoise,0.5154591506412858,-0.10892239168233289,2.492011265428413,-7.127360940225921,ECHDC3
Q96FW1,turquoise,0.49428401210605166,-0.5592809775350078,2.587661964334743,-7.144374936374072,OTUB1
Q96GK7,turquoise,0.5978476081999455,-0.27173866845180483,2.8054608161199126,-6.370381735954623,FAHD2A
Q96I99,turquoise,0.5296579420406374,-0.11717640094581842,2.90529899533276,-6.9931645155785445,SUCLG2
Q96MF6,turquoise,0.5918710514367291,-0.2910853714417587,3.0526257273155846,-6.552070278149313,COQ10A
Q96PE7,turquoise,0.6893778616232875,-0.15688916003286368,3.168219748322087,-5.477510695988493,MCEE
Q96Q06,turquoise,0.5256960305469677,-0.3120004096415614,3.4203119546850482,-7.025113790182675,PLIN4
Q99447,turquoise,0.4167957800232358,0.20442744376682573,3.6582019211779184,-7.537215637700512,PCYT2
Q99541,turquoise,0.6351713656448797,-0.2476130614904989,3.6336390629767403,-5.824800996633974,PLIN2
Q99766,turquoise,0.3895762148214022,-0.09560453820138293,4.190506729471262,-7.989835632800218,DMAC2L
Q9BPX6,turquoise,0.585800865363267,-0.23720827571553418,4.081725079642788,-6.392054657528501,MICU1
Q9BS92,turquoise,0.3663894379456625,-0.12061466577450622,4.539259179381401,-7.726518127204318,NIPSNAP3B
Q9BSL1,turquoise,0.353858722860018,-0.02867228455997879,4.65242150546745,-7.697873935839753,UBAC1
Q9BTZ2,turquoise,0.3237197528255444,-0.3440763032191011,5.087754968651359,-8.148401854192473,DHRS4
Q9BUK0,turquoise,0.5537509159317313,-0.022096691736867013,4.701524134025229,-6.379152046639078,CHCHD7
Q9BV79,turquoise,0.7380695797519496,0.004249774239105967,4.53922597433955,-5.136928545616626,MECR
Q9BW91,turquoise,0.3448955446093148,0.028051739333449927,5.68570310353526,-7.998839561600037,NUDT9
Q9BXK5,turquoise,0.34419415413784715,-0.24300498289079434,5.717355378161965,-7.524610832451894,BCL2L13
Q9BXW7,turquoise,0.5595300064995826,-0.2573794366121683,5.362228245423152,-6.123034739691088,HDHD5
Q9GZP4,turquoise,0.32484580744441743,-0.2007137705102488,6.270674964094148,-7.761020233031318,PITHD1
Q9GZT9,turquoise,0.4135081323048819,-0.28681299069381705,6.109102889803404,-7.0501393434184925,EGLN1
Q9H0N5,turquoise,0.4121645353165372,-0.013071475542826625,6.451510761946553,-7.1677290653496195,PCBD2
Q9H2U2,turquoise,0.4990164887375003,0.19995691052606598,6.153750192584948,-6.0467186774654795,PPA2
Q9H479,turquoise,0.6112714777484738,-0.34850760198676073,6.040347561739358,-5.683391833250285,FN3K
Q9H845,turquoise,0.3738529587133578,-0.27820163864751946,7.032087218787168,-7.140899490215102,ACAD9
Q9H910,turquoise,0.3721870706804024,-0.2262268083423007,7.164522917321377,-6.929665195062348,JPT2
Q9H9B4,turquoise,0.7017098264137273,-0.25730286550876585,5.92932099585311,-4.331752663721235,SFXN1
Q9H9P8,turquoise,0.6416632323228852,-0.1316585266331059,6.470509779979496,-4.920633300838881,L2HGDH
Q9HAV7,turquoise,0.41712545450762734,-0.20022500449009303,7.414604078593994,-6.274829554926146,GRPEL1
Q9HCC0,turquoise,0.5404347577715568,-0.09252314369612415,7.078215128614983,-5.338180467423932,MCCC2
Q9NP81,turquoise,0.551276117490357,-0.011226361151701933,7.146009415220404,-5.166346858114673,SARS2
Q9NPJ3,turquoise,0.42830247718360004,0.11232377840499054,8.036601306114019,-6.19698864649938,ACOT13
Q9NQ50,turquoise,0.6374347342341252,-0.12178985193061974,7.040363645954424,-4.505158917914841,MRPL40
Q9NR19,turquoise,0.6065016312309105,-0.20289108985769516,7.44252219420494,-4.708300997288481,ACSS2
Q9NR28,turquoise,0.5301939784811613,-0.28093989041181316,7.769630036309028,-4.844760047272553,DIABLO
Q9NRG7,turquoise,0.6597692552362739,-0.2604779702728767,7.482639759932085,-4.239534194082335,SDR39U1
Q9NRV9,turquoise,0.5150312534492282,-0.19922949899462977,8.11730500988032,-4.705495806431379,HEBP1
Q9NTG7,turquoise,0.6641530595516464,-0.08070676023554155,7.4315276256608165,-3.773653321522149,SIRT3
Q9NUJ1,turquoise,0.4705771630141198,-0.006351990377531709,8.566297954007815,-4.7009137472234315,ABHD10
Q9NVS9,turquoise,0.5144349357555187,-0.5364897429899359,8.549535347499342,-4.470660311049396,PNPO
Q9NWU1,turquoise,0.4715797596027766,-0.027984717127686534,8.881000118577344,-4.590796546329302,OXSM
Q9NX40,turquoise,0.5940737718279114,-0.1463941787555322,8.331664845987113,-3.8859231720290186,OCIAD1
Q9NXA8,turquoise,0.6550290555466366,0.047983846649846534,8.135972444307388,-3.4254692683797963,SIRT5
Q9NZ45,turquoise,0.6618756084848006,-0.20310906717944263,8.19284252117351,-3.24109608261136,CISD1
Q9NZD2,turquoise,0.31496917287580994,0.41175829235123856,10.237957526016324,-4.819169149143772,GLTP
Q9NZJ6,turquoise,0.7081558281055244,-0.35258938807981827,8.041472572430543,-2.8499329168294727,COQ3
Q9NZL9,turquoise,0.29437444709470273,-0.3025907669715139,10.722134594370967,-4.705711788361488,MAT2B
Q9NZN4,turquoise,0.38016287692946477,-0.1536695480371967,10.408414343372836,-4.068805717843538,EHD2
Q9P032,turquoise,0.34178195607074424,0.014677923859222407,10.50920738231903,-3.956732451666432,NDUFAF4
Q9UBB4,turquoise,0.34368966589659794,-0.21205676614160193,10.853882492817952,-3.9003608983093025,ATXN10
Q9UBR2,turquoise,0.6526551850606995,-0.4194511330761358,8.623078089618454,-2.3363336424150143,CTSZ
Q9UBT2,turquoise,0.3571688113739175,-0.2258105371591354,10.733106327839188,-3.422721423608797,UBA2
Q9UGM6,turquoise,0.42793105103499435,-0.3340707795652574,10.303261373364464,-2.9310971759005717,WARS2
Q9UHL4,turquoise,0.42315482435835056,-0.2573314493965415,10.482460145171167,-2.7730974168465075,DPP7
Q9UHQ9,turquoise,0.5507338384795896,-0.4326098885850768,9.979067369363822,-2.389614733943082,CYB5R1
Q9UII2,turquoise,0.7086772224009186,-0.15682314665608652,8.835869611655447,-1.6731674208314924,ATP5IF1
Q9UIJ7,turquoise,0.46473318499715205,0.03992207885233906,10.472520584896419,-2.284807788538888,AK3
Q9UJ70,turquoise,0.497882063970373,-0.2270379521900434,10.361591898912842,-1.907223554791446,NAGK
Q9UKG1,turquoise,0.4554351716874268,-0.18230745685909783,10.82497864307884,-2.0256753479873684,APPL1
Q9UKU7,turquoise,0.7219943291952877,-0.3346064498991166,8.798709688167861,-0.9541645274500745,ACAD8
Q9UM22,turquoise,0.5908098571316045,-0.33555255407769424,10.148282476609197,-1.3106064099425778,EPDR1
Q9UMS0,turquoise,0.5364751588541866,-0.27201463323902136,10.272013142802312,-1.257258664984205,NFU1
Q9UN37,turquoise,0.37956977213642745,-0.02379335974713609,11.6218844104658,-1.4419132430511141,VPS4A
Q9Y2Q3,turquoise,0.6809576076363444,-0.1345841023092825,9.187571743795896,-0.5710990926285553,GSTK1
Q9Y2Q9,turquoise,0.31961752117158765,0.08729628179396777,12.074982621620205,-1.1710055535685713,MRPS35
Q9Y2R0,turquoise,0.6513210645513791,-0.17031549543091615,9.909654214589308,-0.3606582597865202,COA3
Q9Y2Z0,turquoise,0.5237282114342652,-0.3246162423440947,10.934645991287368,-0.4316849737494659,SUGT1
Q9Y2Z9,turquoise,0.44381966157622776,0.08882063060003273,11.595361336466848,-0.3867704572771087,COQ6
Q9Y305,turquoise,0.6577960128272494,-0.3474290270747783,9.883709282778256,0.01706620896083577,ACOT9
Q9Y383,turquoise,0.3946967410409004,-0.23305325730008314,11.633916146502475,-0.06568369205781299,LUC7L2
Q9Y508,turquoise,0.4774350152424582,-0.3123886324777671,11.311899696184572,0.14969169397113347,RNF114
Q9Y5J7,turquoise,0.7213010658098321,-0.3149877597772468,9.348739607458974,0.5995958119114768,TIMM9
Q9Y5L4,turquoise,0.507606996085022,0.07784378312830338,11.152450276890637,0.5955446387653983,TIMM13
Q9Y5Z7,turquoise,0.44737713289030984,-0.3449256555999128,11.271222366944777,0.7766567370192655,HCFC2
Q9Y697,turquoise,0.6121208487506246,-0.07340937069567076,10.067928049330913,0.9180103475125971,NFS1
Q9Y6N1,turquoise,0.5644011512556713,0.096460854684252,10.383378749696035,1.1765260198625669,COX11
A1L4K1,yellow,0.5113271180348113,0.37432532183293143,7.1290369264839955,-2.504451344969643,FSD2
L0R6Q1,yellow,0.3267751912497714,0.011059073608538392,8.816332954994655,-2.158804378095398,SLC35A4
O14979,yellow,0.41798454979485816,0.03521379857917024,8.003684489314411,-1.7619701957014544,HNRNPDL
O15061,yellow,0.754755772273228,0.2969553764817835,5.558507202435835,-1.8241464615161385,SYNM
O15273,yellow,0.6698103302460106,0.19429187720014185,6.083697785667012,-1.5092151136003933,TCAP
O43760,yellow,0.3010223877600668,-0.10138840986742681,8.764627188033026,-0.7674754223330451,SYNGR2
O43776,yellow,0.45123773661060884,0.4144318951811126,7.5210715603433735,-0.6366550472199068,NARS1
O60925,yellow,0.4545503905310758,0.02198216434840819,7.468769753045044,-0.3790770040328124,PFDN1
O75339,yellow,0.34017619761005147,0.13135013050315142,8.066008025448749,0.02549329626154817,CILP
O75367,yellow,0.3060409259824724,0.1486892649160913,8.24143982453464,0.44369787113627934,MACROH2A1
O75531,yellow,0.7034067648765336,0.2847716720134958,5.72160224940969,0.004864176309536283,BANF1
O95292,yellow,0.421311114978322,0.2439267031849797,7.399968908040663,0.9711991408375029,VAPB
O95376,yellow,0.43273784474570565,0.178579951532771,6.9626306876967465,1.1128124624641291,ARIH2
O95425,yellow,0.5442376239118712,0.14972658474216965,6.206448192560806,1.039379953220691,SVIL
O95777,yellow,0.5168839903413791,0.1711839381832902,6.272911031911897,1.379666463158744,LSM8
P02452,yellow,0.7881525018114816,0.22487711325816748,4.5037665179349915,0.6870433814730132,COL1A1
P02461,yellow,0.7948556684827252,0.28090205535536306,4.647641812703326,0.9171194351224878,COL3A1
P02462,yellow,0.6664927082132716,0.1893585630041101,5.190463756383369,1.5647215086956399,COL4A1
P02545,yellow,0.7347197629043892,0.1715964256755263,4.470411964919637,1.329785044803923,LMNA
P02775,yellow,0.41327744286609513,0.1850483569641005,6.114054646287793,2.9196702630243028,PPBP
P03891,yellow,0.48474222952394314,0.36160102774971925,5.603220127066152,2.8848329423273045,MT-ND2
P04275,yellow,0.6480580185251777,0.37096137610760943,4.3002530585306245,2.248675000986702,VWF
P05783,yellow,0.428049745383048,0.3929317754982525,5.681127061554934,3.7520827639783088,KRT18
P05976,yellow,0.7106270295090862,0.30941580110528205,3.9281799350620803,2.412723772819625,MYL1
P06730,yellow,0.4248825524903851,0.24300499767645994,5.2192140968313465,4.105143643013166,EIF4E
P06753,yellow,0.7472941083321196,0.07155255337825386,3.5617002138958487,2.651436163856527,TPM3
P07305,yellow,0.5037215064930715,0.025751724189346382,4.3720721156887885,4.053722943356795,H1-0
P07585,yellow,0.5127358396034121,0.11521936111337686,3.914486729257937,4.125805024807558,DCN
P08123,yellow,0.7893181211684639,0.22162348829814132,2.717297413095583,2.646545799030158,COL1A2
P08572,yellow,0.7055600845595109,0.16137165370035922,2.8795986192929925,3.463200462442302,COL4A2
P08590,yellow,0.6117920591404463,-0.05735978397444872,2.9283520372917993,3.980984205611775,MYL3
P08670,yellow,0.7456627829192355,0.38357688260837025,2.2279955696194103,3.185850436454185,VIM
P09417,yellow,0.4170518992129725,0.1539901511730875,3.2187099975515325,5.594365860160148,QDPR
P09601,yellow,0.5329926037488953,0.09302823434407785,2.614869498405361,4.935222445722,HMOX1
P0CW19,yellow,0.5284325986519104,0.20198048579716268,2.2300718586517245,5.094964498008969,LIMS3
P0DP23,yellow,0.5232931019901415,0.42178651977708975,2.038081414983468,5.056624583310486,CALM1
P11047,yellow,0.7077896349959523,0.27900965665151045,1.3900568004209057,3.917637264734326,LAMC1
P11055,yellow,0.6779799846589118,0.33422556277997895,1.2087676637974705,4.066016205728528,MYH3
P12109,yellow,0.6452400314445603,0.16870725924614755,0.9339320146033412,4.479378303767773,COL6A1
P12110,yellow,0.6388351981513526,0.20186384794576617,0.6996399551760473,4.568101117531498,COL6A2
P12111,yellow,0.6917406321847414,0.2477138809556409,0.5207790807420103,4.22401712908748,COL6A3
P12882,yellow,0.7458534667818818,0.3940783263916411,0.25040831549930265,4.0892966583757415,MYH1
P12883,yellow,0.6674812081854328,0.08552590605284212,-0.028622795557007308,4.721904148010634,MYH7
P13535,yellow,0.7144753615730588,0.2581312993816599,-0.2598613373573485,4.317288664220542,MYH8
P13805,yellow,0.66865592567654,-0.03644261738637619,-0.43736603755088355,4.600447343932168,TNNT1
P14543,yellow,0.679982953880995,0.24923230260345047,-0.7351133992553197,4.841788784437331,NID1
P14649,yellow,0.38130464934687935,5.710390751925906e-4,-0.9075625259700383,6.812531117855815,MYL6B
P15374,yellow,0.330559464622864,0.23013055822868,-1.260563255499757,7.26518506290891,UCHL3
P16989,yellow,0.3583475404187606,0.10800991704724075,-1.670274302212417,6.890283798839902,YBX3
P17948,yellow,0.7740417068720582,0.17789392588008632,-1.6640240927898355,4.033336749349032,FLT1
P19075,yellow,0.3946240412917519,0.04862774331628593,-2.2908610851503255,6.663217888132171,TSPAN8
P19237,yellow,0.6246882224560312,-0.04284228173986143,-2.161090272200402,4.668434492853651,TNNI1
P19971,yellow,0.38662815611599405,0.12090683494485112,-2.785917374401463,6.328039163239208,TYMP
P20472,yellow,0.4986087495145244,0.283270875132856,-3.0476997248574094,5.7986307039629414,PVALB
P21810,yellow,0.35588093407982396,-0.06927425193643305,-3.520019742088068,6.555469387827238,BGN
P22570,yellow,0.35167929361319616,0.049262824329518944,-3.8329414970006486,6.3989173225788525,FDXR
P22626,yellow,0.3685361863416738,0.002299189097690106,-4.215897700100164,6.427891091084809,HNRNPA2B1
P24043,yellow,0.7773047285622394,0.3499376611127064,-3.272155222577072,3.335107265993072,LAMA2
P27361,yellow,0.30000420703371306,0.12202075706373394,-4.75287786311075,6.542938203566387,MAPK3
P28289,yellow,0.77308607237199,0.4224468252871937,-3.605774681701428,3.372209962271959,TMOD1
P29400,yellow,0.6213146277558226,0.20904926303915425,-4.252797826240059,4.151038720134197,COL4A5
P29992,yellow,0.36043549273463027,0.06892195233029291,-5.497756804510961,5.538727892456445,GNA11
P30520,yellow,0.3432470970580668,0.26181751027178707,-5.899916761879276,5.606699994090987,ADSS2
P34949,yellow,0.34193779955925646,0.2982593056016714,-6.028581528946212,5.143853407211658,MPI
P35555,yellow,0.31688426556481125,0.06842687246537804,-6.53422912999088,5.246102684165853,FBN1
P35659,yellow,0.3698822386875083,0.1565882751631841,-6.481784293447159,4.703547183953341,DEK
P35754,yellow,0.32023161989946697,0.11045337015119416,-6.938504909000381,4.8807906856140875,GLRX
P39059,yellow,0.7263692459675894,0.4224355336157904,-5.296287107071752,2.59134480453164,COL15A1
P39656,yellow,0.3753214542213645,0.07325073086924544,-7.3461968811105915,4.313346661155291,DDOST
P45877,yellow,0.3286320440103804,0.3212962917497311,-7.502269208453648,3.9512991946357054,PPIC
P45985,yellow,0.4422732291310792,0.21078748600298014,-7.3627636842670245,3.468634093848239,MAP2K4
P49207,yellow,0.5684533568295593,0.2162487573493076,-6.65714949897129,2.6131774038162083,RPL34
P49755,yellow,0.44625737114864855,0.13130734806595235,-7.7484266782723745,3.0794475989213907,TMED10
P50583,yellow,0.3262970103191908,0.07695808311010133,-8.453457597188608,3.1017559675836415,NUDT2
P50895,yellow,0.37023824070793715,0.025439455334029575,-8.533558792816658,2.7044208626268027,BCAM
P51888,yellow,0.37400263522924687,0.11073995858986993,-8.523521505832042,2.612654131898495,PRELP
P52272,yellow,0.3410759537588239,-0.03693458816449896,-8.846914116856576,2.415879359106409,HNRNPM
P52907,yellow,0.7709332513733708,0.3129317338916754,-6.48234451630031,0.6316947062342453,CAPZA1
P54284,yellow,0.33257562322491635,0.1387477298620458,-9.158129849536367,1.8595823768375537,CACNB3
P55268,yellow,0.6545983479976666,0.23596841366172344,-7.405238834682633,0.6014697143338559,LAMB2
P55795,yellow,0.5736705192390125,0.11327265637020717,-7.863223021482436,0.5208728341675561,HNRNPH2
P56537,yellow,0.33439686859551865,0.2506242060718548,-9.472353302965276,0.953932633900215,EIF6
P60520,yellow,0.3336628981219058,-0.022608365761911487,-9.789884763507015,0.5378443397098431,GABARAPL2
P60660,yellow,0.616896694842108,0.22605434300955907,-7.705984997710997,-0.2868532863084421,MYL6
P61088,yellow,0.3079343829839809,-0.017250262690980116,-10.05617512292537,0.1507140188575793,UBE2N
P61353,yellow,0.5159292176520961,0.28995936521971893,-8.753199453151058,-0.6908708696882042,RPL27
P62807,yellow,0.5282046120952117,0.09385547897466154,-8.837051563866378,-0.8548536149394668,H2BC4
P63173,yellow,0.3987291961359836,0.22467489899638968,-9.599379900346513,-1.1210846500051634,RPL38
P63316,yellow,0.6191179289666475,-0.03008288997386821,-7.981405074763885,-1.6447935079939078,TNNC1
P84243,yellow,0.6318234957820343,0.15405337200260116,-7.975810389882615,-1.7842399939296611,H3-3A
P98160,yellow,0.646746322300772,0.17717962939085113,-8.02032179849611,-2.1258515408712633,HSPG2
P98179,yellow,0.3894179645701025,0.29273154512702615,-9.809607166261161,-2.366368717035208,RBM3
Q00169,yellow,0.3202516835860206,0.011088475040390164,-10.512797054762308,-2.563797060950861,PITPNA
Q00577,yellow,0.5627835358265234,0.16685624447825048,-8.404075772679944,-2.803313518616199,PURA
Q00796,yellow,0.531263960522805,0.07743504355426666,-9.109623420056117,-3.2123250651529913,SORD
Q00872,yellow,0.7595229368749811,0.2118808826629609,-7.199216283861451,-3.0877062894710017,MYBPC1
Q03252,yellow,0.6079420497129484,0.10989125345641351,-8.316311951990826,-3.5736264014702526,LMNB2
Q04759,yellow,0.38667933828546264,0.15964987349347123,-10.008663004432279,-4.246932842619973,PRKCQ
Q07507,yellow,0.7241809993567968,0.2554918872463863,-7.555046268236684,-3.893711537414806,DPT
Q08209,yellow,0.44735059789336107,0.13950774987801254,-9.389957347457957,-4.614169486074033,PPP3CA
Q08357,yellow,0.7445845438182895,0.24479109483714984,-6.970540847043236,-4.24497395480335,SLC20A2
Q0VAK6,yellow,0.672451906654312,0.29932402040157446,-7.686974881421933,-4.6903973869719495,LMOD3
Q0VDG4,yellow,0.40385315692879464,0.2575370248484895,-9.087681715335039,-5.458502088765828,SCRN3
Q12906,yellow,0.33829736858493725,0.14252415981423597,-9.461587195149203,-5.957038243752649,ILF3
Q13203,yellow,0.45016780775073345,0.253996401681546,-8.791352458971232,-6.065528460405893,MYBPH
Q13425,yellow,0.32485147960217464,0.04096525062336899,-9.243293281041938,-6.59916506204514,SNTB2
Q13643,yellow,0.4844046463184885,0.1629704587710869,-8.043157958415492,-6.1985608850569065,FHL3
Q13683,yellow,0.3274754792426719,0.07990746067554853,-9.222264498397724,-7.2817173762105645,ITGA7
Q13976,yellow,0.47757506008171957,0.21122732292488705,-8.184895308062412,-6.932259792987423,PRKG1
Q14112,yellow,0.5085061448538208,0.1700450197795692,-7.830034336107326,-7.1684052923452075,NID2
Q14714,yellow,0.3598450034875986,0.028418772803048237,-8.045508711318503,-7.819979113683824,SSPN
Q15006,yellow,0.4513948832406221,0.3819343202500998,-7.371155615953513,-7.696606907576389,EMC2
Q15149,yellow,0.5729907485376842,0.29979053974755,-6.63947514298469,-7.433332968574494,PLEC
Q15172,yellow,0.3604081051402326,0.15558988808188376,-7.523918559617526,-8.599491503232354,PPP2R5A
Q15223,yellow,0.6071429087071644,0.4159130995742998,-6.3146281916856255,-7.734336310389194,NECTIN1
Q15286,yellow,0.3690627880194235,0.23262581089156506,-7.029576894004253,-8.813579053589127,RAB35
Q15369,yellow,0.30929592475824336,0.35949450457953785,-7.201410463575901,-9.495170378988629,ELOC
Q15370,yellow,0.5240673617164262,0.4180209649130596,-6.113900517501365,-8.86801054124812,ELOB
Q15555,yellow,0.35436072896660736,0.09771222186450758,-6.715925239249028,-9.74992814895405,MAPRE2
Q15772,yellow,0.34354333732018055,0.2090330608062146,-6.568744743307715,-10.168007422635185,SPEG
Q5VST9,yellow,0.6141414299978358,0.40078350322822864,-5.052537269309481,-8.742249848476334,OBSCN
Q6H8Q1,yellow,0.6331280068953492,0.40646922580532263,-4.961519787633503,-8.791988240354975,ABLIM2
Q6IAN0,yellow,0.474806012723951,0.40539525448071434,-4.946172092050702,-9.491604708263445,DHRS7B
Q6IPR1,yellow,0.38073484328041773,0.02440370098103411,-5.261642787059558,-10.41998861279533,ETFRF1
Q6P4A7,yellow,0.3744514629520264,0.28443152645836917,-4.85030157184212,-10.537706972915633,SFXN4
Q6P5Q4,yellow,0.697511150865091,0.24302939214928193,-3.6367256716052863,-8.457003704915387,LMOD2
Q6QEF8,yellow,0.5630964508960555,0.2962391727139243,-3.836063427627744,-9.606448709285948,CORO6
Q6UW68,yellow,0.3368881751095757,0.15003800918570984,-4.084377133071921,-11.125977631652773,TMEM205
Q6ZU65,yellow,0.5871475291061026,3.542202823879764e-4,-3.2704614615127463,-9.749327735372333,UBN2
Q7L2H7,yellow,0.4391782052862818,0.3242590790343366,-3.2613389657637093,-10.98087012467104,EIF3M
Q7LBR1,yellow,0.42557232221202984,0.24917081265806107,-3.1035737238222376,-11.149447801990991,CHMP1B
Q86TX2,yellow,0.4218086034826427,0.086838022268411,-2.7967484193746404,-10.832176793213748,ACOT1
Q8NB12,yellow,0.48923338609914024,0.1048868626976546,-2.4088785427061845,-10.434917258539748,SMYD1
Q8NHH9,yellow,0.30839814798776227,0.057452148864039716,-2.1674826728342143,-12.036960053729452,ATL2
Q8TAT6,yellow,0.5143610150576391,0.3031484578179264,-1.7314519944708728,-10.340284610669602,NPLOC4
Q8TB22,yellow,0.5569168783984756,0.253426300959922,-1.4628800934595798,-10.022424935681402,SPATA20
Q8TCD5,yellow,0.5324716190140933,0.2744781925505899,-1.2902800373487557,-10.633179623569504,NT5C
Q8TDC0,yellow,0.6109422330904397,0.21849657390806493,-1.017469940583577,-9.9827824690444409,MYOZ3
Q8TED0,yellow,0.4806629677227883,0.17041016066446035,-0.6639952291997274,-10.73048315680796,UTP15
Q92598,yellow,0.5836242550280923,0.22659439882094082,-0.30803666193805135,-10.00796677370832,HSPH1
Q92879,yellow,0.3910234529954756,0.089651252486917285,0.058780965896877646,-11.320499989403356,CELF1
Q92995,yellow,0.33083613219214647,0.21146238209218943,0.3699501086765946,-11.625211084446558,USP13
Q96A33,yellow,0.3590273426230578,0.18818919963940461,0.6516719680301315,-11.617103269113933,CCDC47
Q96C00,yellow,0.4125789322571308,0.2585369579291637,0.9752871475616589,-11.341776069229834,ZBTB9
Q96HC4,yellow,0.7097008542302785,0.24743285507542281,0.8154090386762409,-9.147791541355069,PDLIM5
Q96Q83,yellow,0.31264778463263404,0.15657188435261238,1.5482977636474191,-11.590021751895247,ALKBH3
Q99417,yellow,0.39669299355608606,0.16846457900388662,1.7290320760204063,-11.024334307667676,MYCBP
Q99471,yellow,0.30099683532877647,0.035549421147011664,2.280678553557399,-11.28014180436077,PFDN5
Q99653,yellow,0.29167944185775196,0.005746622403333047,2.7246093015607142,-11.486058419186502,CHP1
Q99733,yellow,0.3933652664312556,0.1144883476566523,2.756442182049213,-10.960189857684693,NAP1L4
Q9BQ69,yellow,0.46194621173034434,0.12271985678818327,2.669406579852178,-10.178986358969158,MACROD1
Q9BR39,yellow,0.3947171730328618,0.08647015198746819,3.282323216937664,-10.378069643931925,JPH2
Q9BSE5,yellow,0.38470433470259485,0.20125404111585268,3.608980203421284,-10.473554562988781,AGMAT
Q9BTE6,yellow,0.3880320695607998,0.32121268238843836,3.878747647156273,-10.283075712089708,AARSD1
Q9BXI3,yellow,0.4773330687395647,0.2083184890637948,3.5704458134849073,-9.247726691305996,NT5C1A
Q9BYV2,yellow,0.4691684623354314,0.22556048836116271,4.058064486930196,-9.449382068395582,TRIM54
Q9H0W9,yellow,0.2960760570849817,0.02523799718871326,4.97986779090206,-9.980033771878325,C11orf54
Q9H477,yellow,0.28619742550032806,0.017826594112182993,5.347555993574372,-9.940960022321313,RBKS
Q9H8S9,yellow,0.4012186733187689,0.028314309485828807,4.82069553372579,-8.990177739905988,MOB1A
Q9NPC6,yellow,0.6637458545125748,0.0899480962987641,4.056830949635026,-7.594387165282187,MYOZ2
Q9NPF4,yellow,0.42758534293556066,0.3578172539932081,5.446187457483553,-8.597848531180006,OSGEP
Q9NQW7,yellow,0.3832737293344723,0.10340596867597905,5.7876828455841745,-8.809255832618527,XPNPEP1
Q9NR46,yellow,0.36196640408373176,0.35052223888197864,5.99170264335976,-8.296493772622929,SH3GLB2
Q9NRP0,yellow,0.41234034082592624,0.13352231282470434,5.860204234781873,-8.001644401903526,OSTC
Q9NS86,yellow,0.371758301769734,0.19333021339282555,6.485010056039669,-7.894772004418382,LANCL2
Q9NY65,yellow,0.4411214127924144,0.19914881725269143,6.289354938867956,-7.582617257387018,TUBA8
Q9NZA1,yellow,0.4362825571620647,0.146316601117456,6.532473861509296,-7.175770454902655,CLIC5
Q9NZZ3,yellow,0.4413433926126792,0.1809697914771644,6.74721432797869,-7.129479332079798,CHMP5
Q9P0I2,yellow,0.5125422060579115,0.30436751327128003,6.119284210737819,-6.278585458806485,EMC3
Q9P0P0,yellow,0.3177631680315022,-0.10446464280407046,7.6095363499884625,-6.745427788886463,RNF181
Q9UBF6,yellow,0.5114318143261284,-0.0842195607997578,6.4125537914222015,-5.842451974485877,RNF7
Q9UGI8,yellow,0.35215517061875623,0.08850893298695284,7.522511065769378,-6.092291872403756,TES
Q9UHY7,yellow,0.32169767120081205,0.07303878392265596,8.216528480503545,-5.916408521707943,ENOPH1
Q9UI12,yellow,0.4345332963089487,0.09056034189656337,7.216521018162747,-5.3352161419301725,ATP6V1H
Q9UJY1,yellow,0.4951831531074537,0.27111416036328195,7.060491088971337,-4.853712414949297,HSPB8
Q9UKX2,yellow,0.6938228912051593,0.3468218625880111,5.9556281057187395,-4.368189035245913,MYH2
Q9UKX3,yellow,0.6135787330436666,0.32528967105008305,6.233902085416644,-4.042631201306116,MYH13
Q9UMS6,yellow,0.7134057328243683,0.31316218105284965,5.871314289014212,-3.7384180932832893,SYNPO2
Q9UN36,yellow,0.3913441922931339,0.12862995338889627,7.825723379398874,-3.894909985828786,NDRG2
Q9Y2H6,yellow,0.6243967436136618,0.3192441823783803,6.534903316433324,-3.3742343764068514,FNDC3A
Q9Y320,yellow,0.7153420939562177,0.24837853275303795,5.784552111506694,-3.0628503291105136,TMX2
Q9Y4X5,yellow,0.30696496727343714,0.19705511232438283,8.756590517575079,-3.1613740074227503,ARIH1
Q9Y623,yellow,0.718071962453854,0.34184570976336326,5.984894836537965,-2.6544078280269345,MYH4
A0A0U1RRL7,green,0.7095793255834274,-0.08893617787644686,7.456774680995356,-2.2577588178564496,MMP24OS
O14548,green,0.547459524130231,-0.009653162557472082,8.996317811457164,-1.8872971595163133,COX7A2L
O14561,green,0.5970210856185868,-0.021587593657818885,8.12939472338077,-1.3888584267022648,NDUFAB1
O14880,green,0.5020029294561928,-0.1200053358635767,9.090591757488617,-1.1393825564210864,MGST3
O14924,green,0.3334354868720551,0.010255341209251971,9.874866306834615,-0.4690796223057252,RGS12
O14949,green,0.8271938787170525,0.06781159313112771,6.68259864055146,-0.7929944685756529,UQCRQ
O14957,green,0.7071694480304958,-0.006497690053570371,7.520466988924442,-0.3135545391130119,UQCR11
O15144,green,0.39121879504699053,-0.28774458937158665,9.403125213112098,0.6591807854574867,ARPC2
O15239,green,0.3836418774060771,0.15869898434499868,9.17376577251202,1.179796657942405,NDUFA1
O15533,green,0.3058747042610549,-0.15289150035257884,9.523866554414052,1.8494067642788803,TAPBP
O43181,green,0.770896227920521,0.17417623834043688,6.578016098996565,0.8676219003465664,NDUFS4
O43674,green,0.8080876338637952,-0.025715771644232083,6.253832227915506,1.0897531454328577,NDUFB5
O43678,green,0.8052902300531932,0.04810732552106035,5.9611845409862925,1.1944951683076477,NDUFA2
O60220,green,0.6769879222997911,-0.21309837327282977,6.4498873650314374,1.739766569400194,TIMM8A
O60343,green,0.30758955218380474,0.09783595976808965,8.079259086682299,3.610268971550666,TBC1D4
O75122,green,0.5023638080837745,-0.15694985288514712,6.936760160984795,3.219138674250872,CLASP2
O75306,green,0.8330785151158046,0.07771494144579584,5.215319837705792,1.9905468973802423,NDUFS2
O75351,green,0.3216094966290181,0.019327081655939035,7.3860100887749764,4.69319415479873,VPS4B
O75431,green,0.6987658817749586,-0.0861255641244077,5.495001482657109,3.2793306939679914,MTX2
O75438,green,0.7684417653119965,0.08881975068579784,5.071344079961596,2.990072905768315,NDUFB1
O75439,green,0.40961754448996185,0.11229217863707051,5.918312095962297,4.790066208969768,PMPCB
O75746,green,0.6792074073856116,0.3220492499290185,4.707593553078031,3.9006419095876437,SLC25A12
O95299,green,0.8061430424636824,0.05750314380462035,4.159740856171312,3.3345817558185864,NDUFA10
O96008,green,0.7008508285012999,-0.1531993610434342,4.120794027042999,4.123215620707834,TOMM40
P00395,green,0.3299235967942742,0.05491441061000796,4.576529977018425,6.153455225174785,MT-CO1
P00414,green,0.7023564836584825,0.06105967965056039,3.426198268201419,4.190875644340804,MT-CO3
P02794,green,0.3535807486710447,-0.10487366918574953,3.946460582102909,6.8154038655123514,FTH1
P03886,green,0.8393671372518655,0.01882580287115343,2.588450207630367,3.7263526360481682,MT-ND1
P03897,green,0.5784596259180828,-0.10293238053380649,2.6961909007669806,5.555520830838219,MT-ND3
P07919,green,0.8241958917061756,0.053944505649740015,2.0850086389081657,3.821533816114985,UQCRH
P08311,green,0.5533205798729682,-0.14344879370314306,2.132763745660382,5.5146398914929495,CTSG
P08574,green,0.7262416021905624,-0.16953471946591359,1.601853620172484,4.849691238726278,CYC1
P09012,green,0.40311048071597044,-0.14032269575089307,1.3143170957119588,6.9945797890935495,SNRPA
P09488,green,0.2888459820604679,0.20220032875472782,0.9673105344254611,7.538380806790428,GSTM1
P09669,green,0.804325187718704,0.006055916113359133,0.49642914801592936,4.311259798506252,COX6C
P10176,green,0.7203702115401329,0.0953144041460053,0.37827767853152455,4.883581496020526,COX8A
P10916,green,0.609951064042274,-0.04821545117554482,-0.2342578002506983,5.575778931253223,MYL2
P11233,green,0.38063645521804157,-0.06345212250296343,-0.5424087197904166,6.84154955479476,RALA
P12694,green,0.4839690860523318,0.0246625443932625,-0.978807388302736,6.094156187644645,BCKDHA
P13645,green,0.2954226924435249,0.1591015123202835,-1.6249646229030263,7.229874967670003,KRT10
P14406,green,0.8278195042023093,0.16348351577363174,-1.0251028276521006,3.746301109023543,COX7A2
P14927,green,0.6006849294557546,0.11525419837690161,-1.9867853906539241,5.087425569685632,UQCRB
P15927,green,0.5657030568866066,-0.2024847355710265,-2.2994316702553728,4.957783591675589,RPA2
P15954,green,0.8017032121307953,0.07880763731292287,-1.998042929073847,3.704833577000783,COX7C
P17152,green,0.7200869149126313,-0.11320387232163044,-2.566132133829144,4.0838068345137595,TMEM11
P21796,green,0.5796767878637878,-0.28474138843707136,-3.2987589260024417,4.726122276856457,VDAC1
P21980,green,0.5107745822022878,-0.25641080997139726,-3.6797765646081846,4.772798706211906,TGM2
P24310,green,0.8286322437424892,-0.12952357249820265,-2.891515245842042,2.861880989378081,COX7A1
P26885,green,0.3437228176423486,0.09477819395521733,-5.060299489893789,4.997407738546063,FKBP2
P30040,green,0.4524574383746057,-0.10149068907984464,-4.982548044271442,4.579751626386915,ERP29
P31930,green,0.7035406706406648,-0.03110233036116713,-4.29991029487187,2.9113869480577925,UQCRC1
P31943,green,0.32695274119412754,-0.15403449436384134,-6.148575111895159,4.358061103815027,HNRNPH1
P40123,green,0.359257584414692,0.1304323475694083,-6.29666987146885,4.00030099261315,CAP2
P42167,green,0.29309765545383476,-0.1760935280265505,-6.819501929570555,4.015808904486936,TMPO
P47985,green,0.715791760006817,0.06983497643236794,-4.870281862182572,1.7398118080409408,UQCRFS1
P50402,green,0.4420775287094362,-0.2960035186630679,-6.59511918854739,2.519710669715482,EMD
P51970,green,0.8429770095326228,0.0891184774967676,-4.583087449855888,1.0415155026792968,NDUFA8
P55809,green,0.39005784139110894,-0.020084983423577896,-7.212672436145107,2.1593825988087136,OXCT1
P56556,green,0.7763332434651393,0.1382799632286909,-5.383348423729367,0.5870824424737835,NDUFA6
P81605,green,0.28658233761167257,0.22233789185776698,-8.103471507099318,1.3166420460395325,DCD
P83111,green,0.5756290865218251,0.1407025714404201,-6.96604410537333,0.632045738323602,LACTB
P99999,green,0.36291928873474644,0.028833421808621654,-8.375753552206412,0.679159175625561,CYCS
Q00013,green,0.31848374594054574,-0.014241808101315048,-8.574884056114882,0.13449131719556195,MPP1
Q02221,green,0.32353331784035805,-0.023595434365918128,-8.689594666515081,-0.04293184323952559,COX6A2
Q03135,green,0.4120726387704053,0.08782124052567122,-8.055421527807745,-0.688316995394447,CAV1
Q10589,green,0.48464450334392556,0.04568288696662606,-7.734017091268796,-1.3171029594155352,BST2
Q13310,green,0.46684239403503835,-0.16694614710281064,-8.117257758992185,-1.4396211890510757,PABPC4
Q13724,green,0.3551875223195386,-0.10690048909117478,-8.624833447096009,-2.1189823822142704,MOGS
Q14061,green,0.33816204890016277,0.1596955212229206,-8.60579632634575,-2.53192205688362,COX17
Q15118,green,0.5445172594979331,-0.00840748630625518,-7.228639142510193,-2.773760234119049,PDK1
Q15124,green,0.5320691104013627,-0.2913547248844989,-7.196570002659913,-2.9999050238893235,PGM5
Q15637,green,0.3183039828462308,0.025020858779040735,-8.754863573273333,-3.6258124392822086,SF1
Q16891,green,0.8022771074778543,0.08526691573683319,-5.339370761058821,-3.5472372462312203,IMMT
Q5D862,green,0.29315408162824613,0.20311678564897437,-8.42795700747018,-4.706436056448334,FLG2
Q5JTJ3,green,0.5862988008125608,0.1163659840740176,-6.644995946427993,-4.363873398417242,COA6
Q6PCB7,green,0.44360557369378006,-0.2751769556099963,-7.653011913713557,-5.21199192524946,SLC27A1
Q86UT6,green,0.5662266778395721,-0.18831431905849633,-6.764008821297954,-5.221083651172849,NLRX1
Q86V88,green,0.412309332880838,-0.14142936594805128,-7.404592469034397,-6.039484730223318,MDP1
Q86VD7,green,0.37010072952195616,-0.11368205117938822,-7.595713945851888,-6.509067037461962,SLC25A42
Q8IWA4,green,0.3550472489192482,-0.1471205354757537,-7.342988503205734,-7.0232548626540385,MFN1
Q8IYB8,green,0.5494791814038616,0.2141999689986574,-6.066443262627511,-6.620948717249921,SUPV3L1
Q8IYQ7,green,0.4936778562200046,-0.05242524280538402,-6.059915125624048,-6.920729844777796,THNSL1
Q8IYU8,green,0.4210090177151149,-0.30063645419223095,-6.2787212535222485,-7.803889556318206,MICU2
Q8N4H5,green,0.6711483757190309,-0.01729885354286404,-4.727412426765203,-6.856456963174729,TOMM5
Q8N5G0,green,0.41198735669496883,0.22581352128358273,-5.838515639311019,-8.292999601176767,SMIM20
Q8NBU5,green,0.5973981189988585,0.2694145234864529,-4.861686696381064,-7.890306190292948,ATAD1
Q8NE86,green,0.6892171961818964,-0.1988093225233424,-4.19696489967622,-7.676102412832966,MCU
Q8TCS8,green,0.47480468787728725,0.24060096730909303,-4.578012318216774,-8.782551202631078,PNPT1
Q92667,green,0.42333289842761246,-0.2201801148492803,-4.3692467306301825,-9.53276635569489,AKAP1
Q96AN5,green,0.7784167176239863,-0.09595438471840544,-2.897870214165771,-7.785333421307237,TMEM143
Q96CN7,green,0.36363681347433346,-0.18170116762593763,-3.9166265341665643,-10.186737668377036,ISOC1
Q96DB5,green,0.48618861301040356,0.21251666521745885,-3.1733845712704243,-9.594324736532634,RMDN1
Q96DE0,green,0.38937943502974287,-0.14102286929184188,-3.10708003541899,-10.342791955024163,NUDT16
Q96DV4,green,0.5173776727039204,0.16656028458551164,-2.3690630992905897,-9.82310434745407,MRPL38
Q96E11,green,0.5756815724443259,0.023813157917973716,-1.8186154739856568,-9.64343770443434,MRRF
Q96EY1,green,0.40073119419388936,-0.009093823869876935,-1.8799753804388066,-11.069190318414583,DNAJA3
Q96PU8,green,0.3329945256288369,0.04776398576554996,-1.6132284087038435,-11.305233728236473,QKI
Q96S99,green,0.34729351291997085,0.008131182310038301,-1.1712871934536264,-11.173442847855364,PLEKHF1
Q99623,green,0.595455595656675,-0.009685692623413844,-0.3813477356294639,-9.849322548740343,PHB2
Q9BPW8,green,0.375414967856266,0.28099544350487404,-0.16277964102631315,-11.418852736146563,NIPSNAP1
Q9BPX5,green,0.3237195241101889,-0.10065299401953413,0.19667341862487248,-11.820280300510179,ARPC5L
Q9BRX8,green,0.3296680495044687,-0.14674917824451322,0.4808329842780521,-11.856657705905164,PRXL2A
Q9BV86,green,0.41731200887549624,0.024519925260841534,1.0581066323012318,-11.341910426830372,NTMT1
Q9BVV7,green,0.6622814155669531,-0.04140483558208405,1.3933134789157493,-9.685409496094849,TIMM21
Q9BX66,green,0.31189804684651196,-0.03079472492991449,2.034510119224745,-11.81050997250888,SORBS1
Q9BXJ8,green,0.6720278117016407,-0.08358383203964354,1.8464764555027176,-9.18401731352834,TMEM120A
Q9BZE1,green,0.38753446149602083,0.1593412498748586,2.527513725164548,-11.146575777078075,MRPL37
Q9H061,green,0.6840381167605522,-0.07218481578368637,2.5234062643557147,-9.143391627361792,TMEM126A
Q9H078,green,0.507668808038286,0.07701234663367001,3.3384399503606152,-10.132354172984616,CLPB
Q9H223,green,0.40223015769499726,-0.10947117185566968,4.053842615015432,-10.702139711134405,EHD4
Q9H2W6,green,0.5164574643430397,-0.007023413782823503,4.06431482216261,-9.929947749623985,MRPL46
Q9H3K2,green,0.5598979883420605,0.27825220521489347,4.011315599490437,-9.21672218651194,GHITM
Q9H773,green,0.41662230632355923,-0.12949518927933093,4.898611074249969,-9.936767118682491,DCTPP1
Q9HBL0,green,0.6047002917820157,0.15749448324652038,4.677826729299918,-8.578443972006031,TNS1
Q9HBL7,green,0.47514064805165007,-0.02518413694547874,5.627832424832918,-9.280732238377025,PLGRKT
Q9NRP2,green,0.5887235265991655,0.016231018636097175,5.564506053644065,-8.52670968402069,CMC2
Q9NS69,green,0.6853655739431942,-0.01388064595997443,5.2533870443906725,-7.67033055773689,TOMM22
Q9NVH1,green,0.731574654636517,-0.12323212434536464,5.22829147702028,-7.197034150759927,DNAJC11
Q9NVH6,green,0.36394319465295666,-0.001526482409270391,7.419369987721679,-8.853700358110302,TMLHE
Q9NVI7,green,0.7927189276592771,-0.17903639233509921,5.3540683787540155,-6.395495114981359,ATAD3A
Q9NX14,green,0.8430458840466525,-0.107600392824851,5.384761702901326,-6.219906457937295,NDUFB11
Q9NX63,green,0.7832108941301849,0.1564716723164549,5.635613600984883,-6.039822412141381,CHCHD3
Q9P0J0,green,0.7932843386110991,0.0720532583959638,6.10619093244293,-5.921673930910702,NDUFA13
Q9UBQ0,green,0.33052242666038545,0.01863496087708054,8.667482334905397,-7.024447813708239,VPS29
Q9UJS0,green,0.5678660634642858,0.3093669775800375,7.739556270764316,-6.117912344394289,SLC25A13
Q9UJZ1,green,0.451707883295245,0.17390531549607544,8.489199998622546,-6.235752574936673,STOML2
Q9UKV8,green,0.3992521989425063,-0.15043700496191273,9.11469710587216,-6.0166120731288775,AGO2
Q9UN86,green,0.47031715880111336,-0.13562797163122767,8.589613284696984,-5.178209015043041,G3BP2
Q9UPN7,green,0.534503499778736,0.015089458175939761,8.504609731707761,-4.897557544661549,PPP6R1
Q9Y277,green,0.47255338260453555,-0.11305166097304137,9.007854408939295,-4.686557344173068,VDAC3
Q9Y3B7,green,0.4047806313873382,0.07069906920560459,9.212266625648155,-4.196152989351273,MRPL11
Q9Y512,green,0.6588320961225238,0.16281741775741565,8.00928287298493,-3.4620897107171156,SAMM50
Q9Y5J9,green,0.47457094675123696,0.1583004852996947,9.218348045529783,-3.2698154822322065,TIMM8B
Q9Y6C9,green,0.5963078499123763,-0.1015360420841944,8.558350102228378,-2.9172895513599144,MTCH2
Q9Y6H1,green,0.333801131814606,-0.1130765624426971,9.936667684289038,-2.640884315927355,CHCHD2
