gene,cluster,membership
MMP24OS,C3,0.9997906516825585
ESYT2,C2,0.9610530238975041
ILVBL,C2,0.8479264887064927
FSD2,C1,0.9953742745597661
TARS3,C3,0.9983438751416617
VWA8,C3,0.9996330649337609
CARNS1,C2,0.8175261670935805
MAP1LC3B2,C1,0.9942017093275188
PGP,C3,0.7410358730825224
DHRS7C,C4,0.6459434238134778
SMTNL1,C4,0.8838572321211766
NUDT19,C3,0.989461451909665
NACA,C2,0.9999832399651453
SLC35A4,C1,0.8878802335785677
PDLIM1,C1,0.8492050749800668
MYO1C,C2,0.8164499292436042
FXYD1,C2,0.6431906659625528
STXBP3,C1,0.6013559405720119
NDUFS8,C3,0.9998843967832564
PSMD11,C2,0.9493335082521238
PSMD12,C2,0.9915794054644883
PSMD9,C4,0.6366079370720356
PGRMC1,C4,0.7623739874876988
CLIC1,C2,0.8663193310091076
EIF3F,C2,0.9679875785591087
PDHX,C3,0.999998192327016
DCTN6,C2,0.9980511373568504
IPO5,C2,0.9124820017368689
EEF2K,C1,0.49241680263237964
EML1,C4,0.9811708767412074
DNM1L,C3,0.9671372550732218
RTCA,C3,0.9367193953230561
NDUFA4,C3,0.9998080958163639
PSMD14,C2,0.996984530028591
BIN1,C2,0.998558044122894
KPNA3,C2,0.997411959433452
DDX3X,C1,0.9946021825470744
KPNA4,C4,0.6966321027171561
CES2,C3,0.9052561115949226
FBP2,C4,0.9667592903028032
PDXK,C4,0.9730558467902597
SDHD,C3,0.9883691939187066
COX7A2L,C3,0.9977083418403935
GAPDHS,C4,0.5916202493729243
HSPB6,C2,0.5795261306272561
NDUFAB1,C3,0.9997725775127215
IMPA2,C4,0.9991452614909464
PDCD5,C4,0.6798806045489757
PRMT5,C2,0.806574085463815
PSMA7,C2,0.7233081306937111
OPLAH,C3,0.8685649208644829
MGST3,C3,0.7201266143902031
RGS12,C3,0.6851061283503278
HAT1,C2,0.49761224766528317
UQCRQ,C3,0.9999963512439316
MYL12B,C3,0.5389666732659587
UQCR11,C3,0.9998072201992868
CASQ2,C2,0.9983817802044033
HGS,C2,0.8727291574298358
HNRNPDL,C1,0.6974096082316885
XPO1,C4,0.9967039330290032
ATP2A1,C4,0.998170686195822
SYNJ2,C4,0.9949916714790303
SYNM,C1,0.9896748211017701
ARPC1B,C2,0.9806459703216334
ARPC2,C1,0.8465504241063104
PGRMC2,C2,0.9468207731204459
PFDN6,C4,0.5303328824691927
NDUFA1,C3,0.9299932998515735
SURF4,C2,0.9983864669191896
MAPK13,C4,0.9797510684845062
TCAP,C1,0.9987862962814181
PMM2,C2,0.6520958427853246
EIF3D,C1,0.9852647201816053
EIF3H,C2,0.5694539924204183
BCAT2,C3,0.9978428924335908
STX7,C2,0.9974858915452142
SLC16A3,C4,0.671902948087546
YKT6,C4,0.4190263788102117
ARPC5,C4,0.7295101096271442
TAPBP,C1,0.5140049390599015
DHX15,C4,0.8878531732878625
CYB5B,C2,0.6010212601362103
NDUFS4,C3,0.7454813174738069
DYNC1LI2,C2,0.7323492025754592
PSMD3,C2,0.5106938171259255
RASA4,C1,0.6267517649700067
HNRNPR,C2,0.4743070545005759
TXNL1,C2,0.6119303695375782
TPD52L2,C4,0.9019970575018963
ERI3,C2,0.48534252514452414
AKR7A2,C3,0.9994018213060406
LAT,C4,0.983245574098097
DENR,C1,0.9231496787560977
DNPH1,C4,0.7504417786065287
TIMM44,C3,0.9999950817564452
TRAPPC3,C2,0.7995190511417692
CHMP2A,C3,0.5480649973036196
NDUFB5,C3,0.9937927882128421
NDUFB3,C3,0.9991789578690295
NDUFA2,C3,0.9970522596601872
BUB3,C4,0.59517848413462
ACTN4,C1,0.999938131632332
GSTZ1,C2,0.8809256628314875
PRKAB2,C4,0.7562148031145283
AP1G1,C4,0.7926104769420692
SYNGR2,C2,0.7036905019329366
SGTA,C3,0.6678222201749044
ENSA,C1,0.8012988365252485
SLC25A20,C3,0.9999919835459289
NARS1,C2,0.9820277720992153
LANCL1,C4,0.5111229787714545
SLC37A4,C4,0.9515165560580514
IDH3B,C3,0.9999038707095596
CALU,C2,0.9775705197978505
AHCYL1,C2,0.9175359004559781
NDUFS5,C3,0.9741763391196137
TIMM8A,C3,0.6449518975700346
PPP1R12B,C2,0.9538896246948653
PRPSAP2,C4,0.4560984612857104
SPAG9,C2,0.9990384731204242
OPA1,C3,0.9999254767409991
TBC1D4,C4,0.6474350284696292
SNX3,C2,0.41896054042466085
SYNCRIP,C2,0.8901315721522941
SELENOF,C1,0.6264469354418797
KLHL41,C2,0.801821914814702
PLIN3,C2,0.9989506614579924
KPNA6,C2,0.9073344643778328
SNX2,C4,0.9454177960898043
USO1,C4,0.9998081481324803
TOM1,C4,0.9444589642915534
PFKFB2,C3,0.9999844193783036
EDF1,C2,0.9867011847891348
DNAJA2,C2,0.9990509836207434
CUTA,C2,0.5513630001670058
PFDN1,C4,0.6301420259638856
NOL3,C3,0.973113558786765
WDR1,C2,0.7302729852508154
LDB3,C1,0.9999988428375276
CLASP2,C3,0.9725632949529367
COBL,C4,0.5582629259299606
CPNE3,C2,0.5464982282086532
CLUH,C3,0.9994436436102403
CAND2,C2,0.9774817989467836
COQ9,C3,0.9918988962630695
GGCT,C4,0.9708932489890459
NDUFS7,C3,0.8975437705627525
RTN2,C2,0.9757946211649913
NDUFS2,C3,0.9041133458754281
NIPSNAP2,C3,0.9999815340026211
CILP,C1,0.9945568192252932
TBCA,C4,0.5045845735685147
ATP6V1G1,C2,0.9918507332301993
VPS4B,C4,0.630685672264108
MACROH2A1,C2,0.3890538169413139
SH3BGRL,C4,0.9650698621128633
FLNB,C2,0.9988475831629938
NDUFS6,C3,0.975340352268839
CS,C3,0.9999996539385752
SEC22B,C2,0.9954493955585948
MTX2,C3,0.6422728603906782
VPS26A,C2,0.7717356237795335
NDUFB1,C3,0.9755391758756063
PMPCB,C3,0.9977221536691999
NDUFS3,C3,0.9970520545778255
ECI2,C3,0.9998527481542838
BANF1,C1,0.9801211676013065
CSDE1,C1,0.8492011984751484
PRKRA,C1,0.9875234334019537
LYPLA1,C3,0.994859698916926
TIPRL,C4,0.7088568090649963
PPM1B,C4,0.6922730859179559
SLC25A12,C3,0.9999135932762832
TCEA3,C1,0.9844106216106614
EIF3G,C2,0.9864211926301577
EIF3J,C1,0.40733444199188545
PSMD10,C4,0.9839505050090256
IDH1,C4,0.9961313533251793
SCO1,C3,0.9766589225245553
ALDH1L1,C3,0.9809404561607756
ARL6IP5,C2,0.9977145593867216
DYSF,C2,0.9999788927641863
PIAS2,C1,0.9483864582126716
DCTN3,C4,0.9961307252758624
ATP5PD,C3,0.9999930650101724
FLOT1,C4,0.9786008726893944
ATP5MG,C3,0.9999423096763476
GLRX3,C2,0.8541573810566745
SNCG,C1,0.7028016879940884
DDAH1,C4,0.636337311223064
TPPP,C3,0.856719886095287
BAIAP3,C3,0.9993733541735697
TOMM70,C3,0.9589054674283837
UFL1,C1,0.967015382866332
TMEM63A,C2,0.9957318323111178
PLPBP,C4,0.9999419206815625
ERLIN2,C1,0.9974816636309516
ENDOD1,C4,0.49342579810894716
SEC31A,C2,0.9929408473545054
NDUFB6,C3,0.9996342268129981
MFN2,C2,0.5592515510155835
NDUFA3,C3,0.9958817871046183
NDUFB4,C3,0.9987189041075115
NDUFB8,C3,0.9622150877873349
NDUFA7,C3,0.980309444965336
RTN3,C2,0.9643358024069631
LETM1,C3,0.9999718172895987
STBD1,C2,0.9669152127581833
ZRANB2,C4,0.9961549903317618
EPM2A,C1,0.5620479837374397
VAPB,C1,0.9833219862420166
NDUFC2,C3,0.9966959841112784
NDUFA10,C3,0.7307712848732874
PGLS,C3,0.8106109728700335
TACC2,C2,0.7904320714856136
LYPLA2,C2,0.8048772127187713
IPO7,C2,0.8811241329836688
ARIH2,C1,0.99612959904546
PGM3,C4,0.9783604683376618
SVIL,C1,0.5037394524169956
AHSA1,C2,0.9125183236442541
H6PD,C4,0.9986146209979547
MPC2,C3,0.9999064122730585
ETHE1,C3,0.9998807043261291
ACSL3,C2,0.9813927398283964
ASMTL,C4,0.5887843495336339
CDS2,C2,0.9732911690098275
SNAP29,C2,0.7823003294661636
OXSR1,C4,0.9981809639122828
LSM8,C1,0.7964881281333799
AP2A1,C2,0.9961750317995796
CAVIN2,C3,0.6835814763309335
BAG2,C4,0.8941170018024825
BAG3,C1,0.9310631225747258
MLYCD,C3,0.9999916087258621
AIFM1,C3,0.9999934011172024
EML2,C4,0.5634948523852059
BPNT1,C4,0.8120483834432468
DDAH2,C2,0.9984141245408351
ABHD16A,C2,0.7327524019959979
TXNDC12,C2,0.740875908299607
NUDT3,C3,0.5886293071981551
NDUFB10,C3,0.9981760818099988
CLPTM1,C2,0.9876785981293281
MOCS2,C4,0.9859338565605915
TOMM40,C3,0.9145188806422605
PEX11B,C3,0.8896667401881463
CYB5A,C4,0.8991257490474395
ADH1B,C4,0.9860173440160731
LDHA,C4,0.9072551650472463
ALDH1A1,C4,0.6024794435705135
GLUD1,C3,0.9970186453939035
CYB5R3,C2,0.9999600492196462
GSR,C2,0.9774391175889894
MT-CO1,C1,0.7638290003175384
MT-CO2,C3,0.9965467270230436
MT-CO3,C3,0.7801443650205644
SOD1,C4,0.999234731637101
CP,C4,0.9942001176596247
F13A1,C2,0.9550785922809766
HPRT1,C2,0.9089980309620735
GOT2,C3,0.9999997752137706
PGK1,C4,0.9997468609939526
AK1,C4,0.9737951419934601
HP,C4,0.9997620751809139
CFB,C4,0.9783172687787115
MT-ATP6,C2,0.7634839937761481
CA2,C4,0.9965465345842832
ASS1,C3,0.8079063949593376
SERPINA1,C4,0.9655731930258673
SERPINA3,C4,0.9818316521957986
AGT,C4,0.7588824023751837
A2M,C4,0.9715125585564072
C3,C4,0.9963020820668321
CST3,C2,0.5251494267950352
CSTA,C4,0.6211403530194645
JCHAIN,C4,0.9159481322396337
IGKV3-20,C4,0.8123698320321139
IGHV3-7,C4,0.9920091221571844
IGKC,C4,0.9984947082871267
IGHG1,C4,0.9944257719907361
IGHG2,C4,0.9810366151112886
IGHG3,C4,0.7235035237756076
IGHM,C4,0.9886576988245225
IGHA1,C4,0.9834884992013279
HLA-B,C1,0.9850614118523753
HLA-DRB1,C4,0.768607883449095
MB,C2,0.9359450424576925
COL1A1,C1,0.9959788985958664
COL3A1,C1,0.999517855920841
COL4A1,C1,0.9956406252494113
CRYAB,C2,0.9997337004186712
KRT14,C4,0.7283978239179553
LMNA,C1,0.9781701197658301
TNNC2,C1,0.9999741914318058
APOE,C4,0.8315585251735885
APOC2,C4,0.9206918771310979
LRG1,C4,0.9073206880689494
FN1,C3,0.839093312081186
RBP4,C4,0.8881214967024952
ORM1,C4,0.9993242195712667
TTR,C4,0.9931697489961644
ALB,C4,0.8255341666228784
PPBP,C4,0.9301423690162146
TFRC,C2,0.8920545251068798
TF,C4,0.9974097022084121
FTL,C2,0.7311224923611742
FTH1,C4,0.6021176211190807
MT2A,C4,0.9464080158965844
MT-ND1,C3,0.98162874867853
MT-ND2,C3,0.9223048998435046
MT-ND3,C3,0.9990026482154805
MT-ND4,C3,0.9792965663401775
MT-ND5,C3,0.7339963516204918
MT-ATP8,C3,0.9999552603461686
CAT,C4,0.9992570790206567
ALDOA,C4,0.9987013171688248
CSTB,C4,0.7842508301732788
ANXA1,C2,0.9971408621642499
SOD2,C3,0.9829290454936278
KRT1,C4,0.5606817825791571
VWF,C1,0.9491021585761522
GAPDH,C4,0.7046540003535544
HLA-A,C4,0.6807844731388043
CAPNS1,C2,0.7286779716810428
HSPB1,C2,0.9987079767093126
RPN1,C2,0.9378636445600206
RPN2,C2,0.7889250975148799
GNAI2,C2,0.9994767293729493
ATP1A1,C2,0.9509313408964867
ATP1B1,C2,0.9200871538995475
APOD,C4,0.94436792532556
ALDH2,C4,0.833262834796317
S100A8,C4,0.6913417600269585
SLC25A5,C3,0.9999995625362172
SERPING1,C4,0.9741413089272842
PCCA,C3,0.9998683664188472
PCCB,C3,0.999994862199957
EIF2S1,C1,0.8924286824322442
RPLP1,C1,0.9609855888808337
RPLP2,C1,0.9996588564673493
RPLP0,C1,0.9997253998570931
FABP3,C3,0.9848430744897776
CLEC3B,C4,0.9570466678007732
SSB,C1,0.8807679041489329
ITGB1,C2,0.6741646931522095
KRT18,C1,0.9809356087144449
KRT8,C4,0.5816244565693738
MYL1,C1,0.9999966237997334
GSN,C2,0.9994406688344192
PTMA,C2,0.6359144225707355
ATP5F1B,C3,0.9999991070323042
S100A9,C4,0.5330632508987028
S100A6,C2,0.999726895618994
EIF4E,C4,0.6953032619591167
CKM,C4,0.7429264100276335
ENO1,C4,0.8930268773166173
PYGL,C1,0.7300443853348855
GPI,C4,0.9974014605762893
NPM1,C1,0.9677613084640411
TPM3,C1,0.9999925035677376
EPHX1,C2,0.9938915076771336
DBI,C4,0.7693412663302158
LDHB,C2,0.9414338160317741
GPX1,C4,0.898774562738417
P4HB,C2,0.9009114590466482
H1-0,C1,0.9428737171408779
CTSD,C4,0.8081705505264579
ANXA2,C2,0.9999827234071994
CAPN1,C2,0.7751946217336831
TUBB,C2,0.9997305137449901
CA3,C2,0.9992320153807954
DCN,C4,0.6276141485509834
PSAP,C4,0.86463784525179
PFN1,C2,0.9988429437263191
BPGM,C4,0.9998127192672328
APRT,C1,0.8968006152467821
EPRS1,C2,0.9995744598948724
CTSB,C3,0.43764024607058055
HSP90AA1,C2,0.9983773807331864
UQCRH,C3,0.9999321346758473
TPM2,C1,0.9999974075909623
FH,C3,0.9999985198188832
COL1A2,C1,0.999015686743459
ANXA6,C2,0.6188822440279865
PFKM,C4,0.6633128729706705
HSP90AB1,C2,0.9595850752758662
SOD3,C3,0.583100458188574
CTSG,C1,0.6149092024568998
PDHA1,C3,0.9999250811378717
COL4A2,C1,0.9989834590168251
CYC1,C3,0.9851522101417208
MYL3,C1,0.9999894841296448
CFH,C4,0.9863707363520957
SNRNP70,C4,0.7607177613478052
NFIC,C1,0.9653428146260382
VIM,C1,0.9170487871220282
SERPINF2,C4,0.9666150868349241
RPS17,C1,0.701805877369993
KRT19,C4,0.5690765883531194
ANXA5,C2,0.9998025581237936
RPSA,C1,0.8738667236950386
SNRPA,C1,0.9962954579867054
ENO2,C4,0.9980051195478836
ACAA1,C3,0.941265070917862
GSTP1,C4,0.9618468054736169
LGALS1,C1,0.9984204480703319
QDPR,C4,0.9998588225784341
HMGB1,C4,0.953057641238773
RBP1,C3,0.5187299900265079
FBP1,C4,0.9459132403264694
GSTM1,C4,0.6321491640798387
TPM1,C1,0.9999971681948648
CLTB,C2,0.9993117725180358
ANXA4,C4,0.44866209218901315
HMOX1,C1,0.7496694257297408
DLD,C2,0.6478521291135257
HNRNPA1,C2,0.6379228793353239
COX6C,C3,0.9603063112968291
PARP1,C1,0.5098350720592807
IFIT2,C2,0.9405239312048572
UCHL1,C2,0.9995018558143719
LTA4H,C4,0.9363868326891251
ALDOC,C2,0.9665540434766823
LIMS3,C1,0.9997774963644268
HSPA1A,C2,0.9985648093145166
IGLC2,C4,0.9928438665489157
IGLC3,C4,0.9478357182728103
CALM1,C1,0.8059644993096922
FDX1,C3,0.9430863771804594
COX8A,C3,0.9996591699150505
GAA,C3,0.8724541988703369
RRAS,C2,0.915324781995577
ARAF,C2,0.5500898291515806
DLAT,C3,0.9999903622533294
TXN,C4,0.7180854010219352
COX5B,C3,0.9730621285035153
MAPT,C2,0.9979549601177597
PRKAR1A,C4,0.9881208002515499
ESD,C4,0.996700833946836
HSPD1,C3,0.9999937742224215
THRB,C1,0.9999694430574765
CLU,C4,0.9976780341662087
MYL2,C1,0.9997779114060892
HSPA5,C2,0.9999397691907875
LAMC1,C1,0.9994878079406321
MYH3,C1,0.9771304934403267
HSPA8,C2,0.9979046825311734
EPB41,C4,0.9934037334979792
PDHB,C3,0.9995237762901024
DBT,C1,0.5046538609767597
PYGB,C3,0.953496758697553
PYGM,C2,0.6018479873981213
RALA,C3,0.3959519322750597
SPTB,C4,0.9751550596758202
LAMP1,C2,0.9944142712721151
ACADM,C3,0.9782913971629775
UBL4A,C2,0.9972993284211994
DMD,C4,0.5444690355241388
MTHFD1,C2,0.9738352143834714
ADH5,C4,0.9960287193724439
PABPC1,C3,0.6229105825049873
HARS1,C2,0.8192485728398091
COL6A1,C1,0.9992569523932312
COL6A2,C1,0.9961272698205343
COL6A3,C1,0.9995373359715188
SLC25A4,C3,0.9999852004185334
SLC25A6,C3,0.994247131856096
IMPDH2,C2,0.6428908370258408
CKB,C4,0.9330946847234995
ANXA3,C4,0.8459147041979599
BCKDHA,C3,0.9627381899091981
ACTN1,C1,0.9999695318529522
MYH1,C1,0.9989015954177284
MYH7,C1,0.9999899237130774
PEPD,C2,0.5671642384433316
XRCC6,C1,0.8852773897409235
XRCC5,C4,0.840618852646509
COX4I1,C3,0.9997599293971923
IFITM1,C4,0.9548517484437025
LAMP2,C4,0.6979821410992617
RNH1,C4,0.7506275057353714
MYH8,C1,0.9999031875216818
VCAN,C4,0.8712839446607122
EEF2,C2,0.9580619966909071
KRT10,C1,0.43289570608907235
KRT5,C4,0.6390940792916625
PDIA4,C2,0.5780219794363523
TPT1,C4,0.8781850244632584
ALAD,C4,0.913546065036358
LCP1,C4,0.6493560099959171
PLS3,C3,0.47229779731330007
APEH,C4,0.997485148769863
ETFA,C3,0.9999998426950677
TNNT1,C1,0.9999946538608795
GYS1,C2,0.9961908125831372
PRKAR2A,C4,0.9656227766876182
ENO3,C4,0.6414861976694496
CD59,C4,0.8870005891734092
MIF,C2,0.7839102502531017
CD99,C2,0.9899183450036497
PRKCSH,C4,0.6894184648849561
FDPS,C3,0.5536687043114419
COX7A2,C3,0.9982837282115664
NID1,C1,0.9960061574853946
AKR1A1,C2,0.4753304523891129
PKM,C4,0.9721451997883032
ACYP2,C2,0.9901156058841384
HSP90B1,C2,0.9993123061759949
MYL6B,C1,0.9997649299833316
SLC2A4,C3,0.952500943210383
IDE,C2,0.8086396478711682
COX6B1,C3,0.9860428025269304
HNRNPL,C1,0.9970539794757096
DARS1,C2,0.9999231977986273
JUP,C3,0.9181507231485546
UQCRB,C3,0.9560084770822851
CPA3,C4,0.8375828051708147
FABP4,C3,0.9145251701620631
GLUL,C3,0.9858045567127025
AKR1B1,C2,0.6539533913897587
GSPT1,C2,0.622922593584198
PGAM2,C4,0.9653133505526197
EZR,C2,0.9991988348318358
UCHL3,C4,0.9775060180660993
NME1,C4,0.755263651836811
RPS2,C2,0.5403593601267898
RPA2,C1,0.9537417993755318
COX7C,C3,0.999783551194945
NQO2,C1,0.803321447128896
PFKFB1,C1,0.7668760834141184
CBR1,C2,0.999195959266361
ANK1,C4,0.9990597201655032
ACADS,C3,0.9999890785372154
PPP3CB,C4,0.8513329366540895
ATP2A2,C2,0.5074064513544133
CD36,C3,0.8698562178492704
FAH,C4,0.9837590635149572
YBX3,C2,0.9798870423658834
TMEM11,C3,0.9999842120707082
GOT1,C3,0.9999853344547617
CKMT2,C3,0.9999997731078148
NDUFB7,C3,0.9863130496479457
PRKACA,C2,0.8482212640940209
CAPN2,C2,0.992777448685995
DES,C1,0.9998376862240024
PFKL,C2,0.5315462167741968
LGALS3,C2,0.9933314626779619
FLT1,C1,0.9995163159653359
PSMC3,C4,0.37467959990602273
TCP1,C2,0.999975461783112
RPL35A,C2,0.8405554356230044
ARF4,C1,0.8367145311839579
RPL7,C1,0.9992247681383004
VCL,C2,0.9934122662530105
RPL17,C1,0.9997613860247668
PGAM1,C4,0.99187535922059
ATP5PF,C3,0.9999242585245554
TSPAN8,C4,0.8864232472678748
TNNI1,C1,0.9999900325387826
NCL,C1,0.9995956845924929
HK1,C3,0.999333563485071
NDUFV2,C3,0.9945607998262675
SRM,C2,0.9917146862711252
TYMP,C4,0.799209385383344
ATP2B1,C4,0.5867799041969136
EIF2S2,C1,0.8993240946927451
ANXA7,C4,0.9990567768616037
TPSB2,C1,0.9314634676363662
BTF3,C4,0.9220566295065138
RAB6A,C2,0.9566954280804444
PVALB,C1,0.7534969270983934
PSMB1,C4,0.9531522971649218
COX5A,C3,0.9948943269954508
CAPN3,C1,0.6845549244975788
CAST,C2,0.9613987422473684
NEB,C1,0.9990268856251153
PTMS,C2,0.9958706940056785
GSTM3,C4,0.9597648167457421
ATP6V1B2,C4,0.9740025946809066
CSRP1,C2,0.9853001122084337
FLNA,C2,0.9982016218917656
MAOA,C3,0.9994779179648522
ACO1,C3,0.7304903060760801
GPD1,C4,0.9997293267633784
VDAC1,C3,0.9537807735824245
BGN,C1,0.9153590692539904
RYR1,C4,0.8430926434990313
SDHB,C3,0.9999632991367243
COMT,C4,0.9863556909352232
TGM2,C1,0.7945155370609462
MMUT,C3,0.9685618220715947
OSBP,C4,0.6681441005625554
PCMT1,C4,0.635532290941029
GART,C2,0.9991347128235714
PAICS,C2,0.9440430700735682
SCP2,C2,0.8435066265723342
UBA1,C4,0.9929804802702032
GPX3,C4,0.9870164979013956
NME2,C1,0.6580224052603526
FDXR,C1,0.987410087392794
HNRNPA2B1,C1,0.9478748648167165
UQCRC2,C3,0.9999967423852396
FECH,C1,0.6285882488382137
AMPD1,C1,0.9383343792661394
FBLN1,C4,0.5017075753347384
SFPQ,C1,0.9962800889432317
PPIB,C2,0.7685253832467772
S100A1,C4,0.6345696852286031
HRC,C2,0.652396039817963
ME2,C3,0.7162570115982219
WARS1,C2,0.8680779288047336
RPS3,C2,0.9954310194959916
GCSH,C3,0.9823874970886974
AHCY,C2,0.997935899042616
CFL1,C4,0.7907845895172663
EIF4B,C2,0.6841261883838418
ATP2B4,C4,0.9865574712642838
CPT2,C3,0.9997270468944451
LAMA2,C1,0.9999555531514367
GPT,C3,0.9999753699225777
COX7A1,C3,0.9576183313584846
COX7B,C3,0.9261884491584096
EEF1B2,C2,0.9655479398317127
ATP5PB,C3,0.9997651574176065
ACP1,C4,0.9875901270548468
ACAT1,C3,0.9999963354034981
MYL9,C1,0.7755886570093977
AZGP1,C4,0.9854149833471738
MPST,C4,0.9853084858502014
RPS12,C1,0.5745677901973846
DNAJB2,C2,0.8086883936209323
ATP5F1A,C3,0.9999925257068693
PSMA1,C4,0.9741199466267554
PSMA2,C4,0.9992722744487087
PSMA3,C2,0.9602235651486343
PSMA4,C4,0.9816159762734958
MSN,C2,0.9999313266286859
DDX6,C4,0.9401493561069502
U2AF2,C4,0.9006221120483803
RPL13,C1,0.9997066293247667
IVD,C3,0.9990821310464161
S100A4,C2,0.9978557249143747
HMGB2,C3,0.8928212297611088
TARS1,C2,0.9809766590260761
VARS1,C2,0.9999147620312564
EEF1G,C2,0.7781958691596106
PLN,C2,0.9655741616499518
FKBP2,C1,0.9330188838696902
STOM,C4,0.9994016172616063
MAOB,C3,0.9999817534133388
YWHAQ,C2,0.9490052500151369
MAPK3,C1,0.816916154573197
RPL10,C1,0.999944921185045
RPA1,C4,0.7726891613995653
APEX1,C2,0.8130914773565567
CALR,C2,0.9863371503083709
MAP4,C2,0.9998171370154053
CANX,C2,0.9950005136656798
PSMA5,C4,0.9940713223392696
PSMB4,C2,0.5245758152133628
PSMB6,C4,0.6832038253842093
PSMB5,C2,0.7708069849051704
GSTM2,C4,0.999554974698021
TMOD1,C1,0.9999748983817661
NDUFS1,C3,0.9925175651214487
MAPK1,C2,0.6400791000841172
RBL1,C2,0.6835765528540163
LAP3,C3,0.7544244096555187
CD38,C4,0.986153793624033
TPP2,C2,0.5918453851716079
IMPA1,C4,0.6599345678670907
EPHA2,C4,0.9879717000982313
COL4A5,C1,0.9798252386504442
TKT,C4,0.9081654910237387
EEF1D,C2,0.9964953254902092
MARCKS,C2,0.9984340067041909
GNA11,C3,0.5361449578072709
ALDH4A1,C3,0.9852866339882628
ERP29,C3,0.8727812108080314
PRDX6,C4,0.9994393605082977
BLVRB,C4,0.9998775472545305
PRDX5,C2,0.7000437048414849
DDT,C4,0.9964094177004532
PRDX3,C3,0.9856710793646619
ATP5F1D,C3,0.9956063635263556
RPL12,C1,0.9823544751104505
ECHS1,C3,0.9999844031593212
CMPK1,C2,0.6552187161490073
PEBP1,C4,0.9968404267909607
PDIA3,C4,0.9373615877842203
PPP2R1A,C2,0.9993801769331226
PPIF,C3,0.999999924602722
NMT1,C1,0.8190861832714819
ADSS2,C4,0.9368597412610762
LRPAP1,C4,0.9358045270672957
TSPO,C3,0.9936300764374362
ADSL,C4,0.9999165488053408
CLIP1,C2,0.9875166718110604
SRI,C4,0.8172525991560686
SERPINB1,C2,0.6519274169263574
ALDH1B1,C2,0.9989735240778485
SDHA,C3,0.9995795098114032
GDI1,C4,0.980756852677935
MAT2A,C2,0.7193836981996228
CASQ1,C4,0.9167651983474107
DNAJA1,C4,0.5796005217361127
AKT2,C2,0.9751863715572194
UQCRC1,C3,0.9998208170688905
HIBADH,C3,0.9965611753247358
ATIC,C2,0.983237696484575
HNRNPH3,C1,0.999620190316186
HNRNPH1,C1,0.6101664398704354
YWHAB,C2,0.99576436551970815
STIP1,C2,0.5324923745217944
S100A11,C2,0.9990947672257897
PRDX2,C4,0.9940523641134228
GBP2,C2,0.9988069249336222
ACSL1,C3,0.9999979457108156
KIF5B,C2,0.7078251846975618
MCM5,C4,0.8227847852922346
SHMT1,C4,0.998632642118784
SHMT2,C3,0.9997955124279313
HSPA4,C2,0.998802788238908
MPI,C4,0.9828163628098026
GPC1,C4,0.8791484575779686
PFN2,C2,0.9996623830656065
CTNNA1,C3,0.9960247561232177
SERPINB6,C4,0.9505649204625612
RDX,C4,0.9751902400421891
RPA3,C4,0.9979657939817808
RPL22,C1,0.9922254757403453
SPR,C3,0.979373890258914
THBS4,C2,0.905793843040022
FBN1,C1,0.9713473478314476
AGL,C4,0.9699491474731284
MYH9,C1,0.43876491249815275
COPB2,C2,0.7860152214790675
ACTN2,C1,0.9999658936894913
ADD1,C3,0.5003124449157242
BSG,C4,0.504830493042967
FUS,C1,0.9887084792594969
DEK,C1,0.9818313938467959
MYH11,C1,0.648151213839518
GLRX,C4,0.9872581349150591
PPM1A,C4,0.5687889592810769
KRT2,C3,0.38847327431216233
HMGCL,C3,0.9999806569438139
PSMC2,C2,0.9993365800336083
ARL3,C2,0.8093970134612228
MAP2K2,C4,0.8386571512141846
ATP5F1C,C3,0.9999513419243933
ATP6V1E1,C2,0.5297308994064266
RPL4,C1,0.9986147687299938
LONP1,C3,0.9999900033993345
PGM1,C4,0.9998418774554448
PPP1CC,C1,0.9358515119135823
SERPINF1,C4,0.5907944779990832
DLST,C3,0.9999887371980363
GMPR,C4,0.997248867957886
GPX4,C4,0.886351636815892
SRP14,C1,0.8922350020073592
TAGLN2,C3,0.74301775540773
TALDO1,C4,0.9944316611670456
SNCA,C4,0.9980158291110619
ETFB,C3,0.9999999340660569
ATP6V1A,C4,0.9878033561809525
HSPA9,C3,0.9974321277984288
RPS19,C1,0.584802653547319
RPL3,C2,0.5796451117010863
COL15A1,C1,0.9846608850456257
COL18A1,C4,0.8431112444910612
DDOST,C2,0.9074137031287126
ANP32A,C2,0.5186286397287343
CAPG,C2,0.8893734211489452
CAP2,C1,0.9997968917017706
CCT6A,C2,0.9941758202690086
RPL13A,C1,0.9971643004084176
ARL1,C2,0.5072377941749499
STAT3,C4,0.8577090341927859
MDH1,C4,0.595093521894478
MDH2,C3,0.9999971879172759
HADHA,C3,0.9998892274349547
EIF2S3,C2,0.9997542759486661
NAA10,C2,0.9637986841649921
PPP1R2,C4,0.981507310339215
GARS1,C2,0.404734055701293
IARS1,C4,0.5572729238907859
EIF1,C1,0.964827066210812
ECI1,C3,0.999972331491284
TMPO,C4,0.8545243903820017
AKR1C3,C2,0.9999379344893184
RPS27,C2,0.8523531546535604
LRPPRC,C3,0.9997016780887118
ACAA2,C3,0.9999986447379104
RPL35,C1,0.9971376371665717
SLC1A4,C4,0.9938902787613556
PAFAH1B1,C2,0.9460882973245665
CRAT,C3,0.9999998925223421
GPD2,C4,0.9999250885617289
NAMPT,C3,0.9986953927003268
PSMC4,C2,0.9990913643864401
TSFM,C3,0.9992421639149354
TNNT3,C1,0.9999908958908359
ASPA,C3,0.9997875288301701
PPIC,C3,0.5837963551401816
VDAC2,C3,0.9615656833103956
ACADSB,C3,0.9999971039451657
USP5,C2,0.9991019038976539
MAP2K4,C4,0.47479876736442944
PHKA2,C3,0.6471221502035974
PHKA1,C4,0.7972273593887578
CRKL,C1,0.9655796726852494
MTIF2,C3,0.9254799100955405
BAG6,C2,0.7651151711648712
NSF,C4,0.996681811493912
MAP2K3,C4,0.4143761153264773
RPL27A,C1,0.7916596046051358
RPL5,C1,0.9996374998533767
RPL28,C1,0.9963684944671355
RPS9,C2,0.9958382861882086
RPS5,C1,0.8708224237221563
RPS10,C2,0.6137807832300419
GNPDA1,C4,0.47218814730141845
UTRN,C4,0.8172608071921825
IQGAP1,C4,0.6821886330793008
GYG1,C2,0.9090185533803786
STT3A,C4,0.9149056847351251
CAPZA2,C1,0.9993554210576985
CAPZB,C1,0.9998200074280451
EIF1AX,C2,0.9810507886682255
QARS1,C3,0.9525422475947448
RPL29,C1,0.9976097031619301
UQCRFS1,C3,0.9999828982499487
ATP5PO,C3,0.9999971536866684
LIMS1,C4,0.5091400939992031
PREP,C4,0.9996265699065109
ME1,C4,0.9910275646660738
PIP4K2A,C4,0.9851308235433999
ARCN1,C2,0.999766653587085
LSS,C3,0.941974135100083
GCLM,C4,0.9934945322789582
CD151,C2,0.9040968746370487
PSMD8,C2,0.9973222103468838
GSS,C2,0.9755609754458195
CCT5,C2,0.9999231010269967
NES,C2,0.998560878562432
IDH2,C3,0.9999999016601047
TNNI2,C1,0.9999771832819182
PXN,C2,0.524722689154545
ALDH9A1,C4,0.9743415316684897
RPL34,C1,0.94568623601064306
LMAN1,C4,0.9835132619725836
FNTA,C4,0.9486445539589902
CCT3,C2,0.9999530892339092
MRPL19,C3,0.9978364954739313
TUFM,C3,0.9999489787283733
ALDH7A1,C3,0.9442718829724549
CDC34,C4,0.9923330486193657
PCYT1A,C4,0.9877112657131475
AARS1,C1,0.8899820044524226
CARS1,C4,0.9715310521525515
SARS1,C2,0.9966777952271985
PSMB3,C4,0.9843348623154479
PSMB2,C4,0.8014125539429405
ACADVL,C3,0.9999933629019538
ACOT2,C3,0.9999068408740498
TMED10,C4,0.9959213165523488
HINT1,C4,0.9996362161173082
NDUFV1,C3,0.9918670785072908
GSK3A,C4,0.9358028347838157
GSK3B,C1,0.5904390674078106
IDH3A,C3,0.9999569942790167
SULT1A1,C2,0.4709535224442537
GDI2,C2,0.9934223226887506
EMD,C1,0.5195280066765436
CPT1A,C3,0.9769444971087938
SERPINH1,C2,0.855432208307646
CSRP3,C2,0.9824056000410343
ST13,C4,0.9753720103284221
DNM2,C2,0.9615887607212658
METAP2,C4,0.49589860280390524
NUDT2,C4,0.8228427558159679
LRBA,C1,0.9990521932045324
BCAM,C1,0.9444278691261431
RPL14,C1,0.9488464734238984
CCT8,C2,0.9999449068509139
CCT4,C2,0.9999928460599993
ATP1A2,C3,0.9491061282450188
ANXA11,C4,0.9912203744590196
FXR1,C1,0.9998534043941426
RAB5C,C2,0.8244470668728766
RAB7A,C2,0.986809911422512
DUSP3,C1,0.8323336726047659
IDH3G,C3,0.9999992003391818
GALK1,C3,0.5618985730103095
SSR4,C2,0.4023813167726104
BCAP31,C2,0.9984867834371657
MECP2,C4,0.8740527604825055
CAV2,C1,0.9803918556682167
ALDH3A2,C4,0.6432980314341082
ALDH5A1,C3,0.9999993323056523
HSD17B4,C1,0.9935882374577808
PSMD7,C4,0.9853552524498623
UBE2D1,C3,0.45792377209607915
SUOX,C3,0.9967516876652914
STAT5B,C4,0.8238045783077956
RPS6KA3,C1,0.7640678815447909
HDGF,C4,0.7449303477800737
LUM,C1,0.6427563896401239
PRELP,C4,0.9237265529540829
NDUFA8,C3,0.8849883622203285
HNRNPA3,C1,0.9892064761951963
MYOM1,C1,0.9999791890986567
PGD,C4,0.9917236010187152
HNRNPM,C1,0.9955582307318575
KPNA1,C2,0.9436071496706487
MAP2K6,C3,0.9997302718813522
ARHGDIA,C4,0.6184955358403985
ARHGDIB,C2,0.9031879348409716
RIDA,C4,0.9796391217139233
MRPL12,C3,0.9993520060787404
THOP1,C1,0.45888751917301807
AKR1C2,C4,0.9636812567896584
CAPZA1,C1,0.9994391658087883
CRIP2,C1,0.8806458816714154
BLVRA,C2,0.9185515758791098
PPP5C,C3,0.8958551547847471
NUBP1,C3,0.9106656122870692
SUCLG1,C3,0.9999998938949922
COPA,C2,0.9739232856341054
HCCS,C3,0.9999987733117467
MAPK12,C4,0.9987289957650277
TTC3,C3,0.9999972582754927
SMTN,C3,0.9662847796566553
SLC16A1,C3,0.9753187878732223
IST1,C3,0.9996986185408465
SEC24C,C2,0.9998394701985192
SUB1,C2,0.7493671749700692
RARS1,C2,0.9958838786055629
CACNB3,C4,0.9233687322361807
CACNA2D1,C4,0.9936828550676451
MYOM2,C1,0.9981967551602914
YARS1,C4,0.4540101347610181
USP14,C4,0.9943906398539298
PRKAG1,C2,0.9884162990838287
PRKAA2,C2,0.9821253692504729
HSPA2,C2,0.9474117741267606
RAD23A,C4,0.7270742774854376
RAD23B,C3,0.4621456619505889
AK2,C3,0.9999884438202324
NAPA,C2,0.983135933559315
EIF5,C4,0.891798433178535
PSMD4,C2,0.989819821439797
DRG2,C4,0.5033365931632932
RRAD,C1,0.7791379527209047
CSE1L,C2,0.9951504222263613
VCP,C2,0.9981900675238871
HADHB,C3,0.999985647142388
NAP1L1,C2,0.9999510518625294
ADK,C4,0.8145893847023747
LAMB2,C1,0.9993857063975955
CDH13,C4,0.7034718065666292
TPD52,C2,0.6430941355554338
SEC13,C1,0.7640760194745575
SNU13,C4,0.7448699949886419
NPEPPS,C4,0.9999869402285996
HNRNPH2,C1,0.9865355107513666
OXCT1,C3,0.987878273200564
SH3BGR,C1,0.9992580215109323
EIF3B,C2,0.5282966872999074
ATP5MF,C3,0.8368888960306494
NDUFV3,C3,0.999851540621909
MARS1,C4,0.6865231554515192
ARPP19,C2,0.7906773762770114
ATP5F1E,C3,0.9999761068398654
ATP5ME,C3,0.9998767970766963
EIF6,C1,0.579449269430812
NDUFA6,C3,0.9751813833481962
SYNJ2BP,C3,0.9989058719504209
EEFSEC,C1,0.9392767541796775
MTPN,C4,0.9997731142433357
DEFA3,C4,0.941437544345371
ARPC4,C2,0.9909736362369339
CD81,C3,0.4740679131750722
TPI1,C4,0.99997709436261
EIF3E,C1,0.999048340142353
SEC61B,C3,0.3905909130922926
GABARAPL2,C1,0.9987511220493717
ROMO1,C2,0.5460380715871832
MYL6,C1,0.9999423392227685
ACTB,C1,0.9999991862331142
EIF4A1,C4,0.9893582075566246
RPS20,C2,0.978343308482399
PRPS1,C4,0.9551499511196536
PSMA6,C4,0.9618314436554287
S100A10,C2,0.9982592970042303
CDC42,C4,0.9727921671797018
DSTN,C4,0.6029159570432554
RAB2A,C2,0.6016757508590275
RAB5B,C1,0.7664430351165307
RAB10,C2,0.9706851548972817
UBE2D3,C4,0.929088233210599
UBE2M,C4,0.7592373091412583
UBE2K,C3,0.5207429330935818
UBE2N,C4,0.9801900637317941
RAB14,C4,0.9165834403149403
ACTR3,C3,0.6688545096795026
ACTR2,C2,0.9815369249166596
ACTR1A,C2,0.9992018433770814
COPS2,C2,0.6981423221010442
ABCE1,C2,0.44672946189586593
RAP1B,C4,0.7099357857853023
RPS3A,C1,0.5098995708936034
RPL26,C2,0.539614091472804
RPL15,C1,0.997405636347113
RPL27,C2,0.6906853277301175
PCBD1,C4,0.7774217318728862
RPL37A,C1,0.9972840843620995
RHOA,C4,0.8392579886739868
HSPE1,C3,0.9997890506944478
SEC61A1,C2,0.49952692723619496
VBP1,C4,0.5866021280315437
B2M,C2,0.8382776085295397
DAD1,C1,0.6527134141542748
NPC2,C4,0.5513192634890721
PKIA,C4,0.9896278931245543
SUMO2,C4,0.937149916929105
UFM1,C2,0.5616137737395244
NUTF2,C4,0.9994739520344195
HNRNPK,C2,0.8265381878718532
YWHAG,C4,0.7224236501638549
RRAS2,C1,0.87215410866624965
TIMM10,C3,0.9864512610610353
RPS7,C2,0.9597560635549424
PPP1CA,C1,0.9964529506591735
PPP1CB,C1,0.9951410879364506
PSMC1,C2,0.7692259230357962
PSMC5,C2,0.9802796518446026
RPS8,C2,0.7251998571589274
RPS15A,C2,0.7984936479792724
RPS16,C2,0.8025233588124087
UBE2G1,C1,0.600460804260213
YWHAE,C2,0.9863338377630259
RPS14,C1,0.6416256392823273
RPS23,C2,0.7879777492315301
RPS18,C1,0.9707989463704929
RPS13,C2,0.9897987449187946
RPS11,C2,0.9956574175743634
SNRPD2,C1,0.9844915644164292
SNRPD3,C4,0.9107919958995427
TMSB4X,C2,0.9181740027961104
PSMC6,C2,0.7670407010657108
RPL7A,C2,0.8670361770566012
ETF1,C2,0.9882250585696225
CNBP,C1,0.974285171885279
RPS4X,C2,0.8845102359012436
RPL23A,C1,0.9984804333183569
RPS6,C2,0.8905367983434163
H2BC4,C1,0.9845834608907619
RAB1A,C4,0.47070003009761147
RAN,C2,0.9985901255720762
RPL23,C1,0.8318443824539721
RAP1A,C4,0.812132118716243
RPS15,C1,0.9939958253158016
RPS24,C2,0.9856866971724235
RPS25,C2,0.9365501415373441
RPS26,C2,0.9483641199998804
RPS28,C1,0.9870063011081579
GNB1,C4,0.9022938077850118
GNB2,C4,0.9505976383544893
RPL30,C1,0.9307023782343752
RPL31,C1,0.982850476485939
RPL10A,C1,0.9998639263868833
RPL32,C1,0.9654155234716706
RPL11,C2,0.5326573443405348
RPL8,C1,0.9999334470742327
PPIA,C2,0.5946340952952662
FKBP1A,C4,0.999256701365559
RPS27A,C2,0.99891513400317955
GRB2,C1,0.9628090752356689
RAC1,C4,0.6022314140049472
AP2B1,C2,0.9929758591531512
VAMP2,C4,0.707539543379095
PPP3R1,C4,0.9994782788339894
YWHAZ,C2,0.5914032849267834
UBE2B,C4,0.9377683925102629
PPP2R2A,C4,0.9109978341408737
DYNLL1,C2,0.9986949367636422
DYNLT1,C2,0.9646199621499256
RPL38,C1,0.4832133852000725
SKP1,C4,0.5438638680170763
RPS21,C1,0.9900775060678867
EIF5A,C4,0.952886848760491
RACK1,C1,0.9945829254108463
UBE2I,C3,0.9067500787002493
SELENOW,C3,0.4972920685269533
TNNC1,C1,0.9999947008142911
PPP2CA,C4,0.8020747393121855
YBX1,C2,0.8837355919736724
CSNK2B,C2,0.8045034273931003
TPM4,C3,0.5351800882745346
UBE2L3,C4,0.7524356393726778
EEF1A1,C2,0.9999781295092346
ACTA1,C1,0.9999990175372975
TUBA1B,C2,0.9999748227872428
TUBA4A,C2,0.9992830344058651
TUBB4B,C2,0.9997132866230828
CSNK2A1,C1,0.9963798349773163
PAFAH1B2,C4,0.8916087767903735
HBB,C4,0.9905228253139418
HBA1,C4,0.9955584197923752
EIF4G2,C1,0.5661535689238798
PIP4K2B,C4,0.9050764040680499
CCT2,C2,0.9995263843710208
GSTO1,C3,0.9717608115249108
PRKDC,C2,0.9994130923138329
DCD,C3,0.370845028527586
MRPS25,C3,0.9962993630180189
MRPS5,C3,0.7908911446536071
MRPS36,C3,0.6208996181805818
MRPS15,C2,0.7953224271329488
MRPS21,C3,0.502440690911315
SARNP,C4,0.7710804198839347
LACTB,C3,0.9987283730725296
RPL24,C1,0.9999266799642714
ARF1,C4,0.5636946712147745
ARF5,C2,0.9958377312820099
ERH,C1,0.986593782746962
RHOG,C3,0.9884961079957927
RPL19,C1,0.9986406445748407
SRSF3,C1,0.6054566271425885
MXRA7,C2,0.582733701415132
H3-3A,C1,0.6309690173021598
FBLN2,C1,0.9777727781145646
HSPG2,C1,0.998423024730809
RBM3,C1,0.935301782153636
CYCS,C3,0.9998185211389752
MPP1,C1,0.6305690126033204
TFAM,C3,0.9936144183787687
PITPNA,C4,0.8807515628880441
SLC25A3,C3,0.9999507199415698
HDLBP,C1,0.9253333342370974
PURA,C1,0.9971935892267735
CLTC,C2,0.9999941691936397
FKBP3,C4,0.9268816155763474
REEP5,C2,0.9999845096802469
SORD,C1,0.735468470181365
HNRNPU,C2,0.8612233407354158
MYBPC1,C1,0.9999924118225575
PLIN5,C3,0.9942595925448809
SPTBN1,C2,0.9082872177233415
TIAL1,C2,0.5210739514326611
SET,C1,0.9579846782404735
AMPD3,C4,0.5169882529232147
FABP5,C4,0.987727618777572
ANK2,C3,0.8242438729385972
CAP1,C1,0.5536114733735825
EWSR1,C2,0.9735138442152123
TAGLN,C1,0.6940193707138335
OGDH,C3,0.99998155330160865
COX6A2,C3,0.9997007960189845
ALDH6A1,C3,0.692987752376444
BDH1,C3,0.9999914094808628
COL7A1,C2,0.6221533337296502
RPL18A,C1,0.9230721341709587
CACNB1,C4,0.9896056166944582
MAP2K1,C2,0.4333084072731667
FKBP4,C4,0.5908680613445673
RPL6,C1,0.9974997176158129
AKAP12,C2,0.9566423234330502
SLC25A11,C3,0.8994579216573874
CAV1,C1,0.8511488202348647
ACY1,C3,0.9999172449918732
LMNB2,C1,0.957583948049117
UBXN1,C4,0.807786311566731
GBE1,C2,0.9982307180804374
EIF4G1,C2,0.7882485733407849
PRKCQ,C1,0.7334393768692496
GLO1,C4,0.9998924146719645
AKR1C1,C2,0.9595163550463454
SSBP1,C3,0.9988717248037713
YWHAH,C1,0.7342760445063957
PLP2,C2,0.8157367402534305
UBE3A,C4,0.9955722250603233
SRSF11,C4,0.90409430469858
EEF1A2,C2,0.9990206207254287
CALD1,C1,0.681602573500577
COL14A1,C4,0.9499903391118348
PTPN11,C1,0.4538272781618969
PSME1,C2,0.9999360817363214
CACNG1,C4,0.5834704288805405
ZNF33A,C2,0.6136766372132464
PRDX1,C4,0.9949350443329746
RPL18,C1,0.8572602460150702
C1QBP,C3,0.9849620519928645
CKAP4,C2,0.9965519696134234
DPT,C1,0.9996940636328522
KLC1,C2,0.9888294823575512
SRSF1,C1,0.9981257839582858
ARHGAP1,C2,0.9747955676523311
ACTN3,C1,0.9998895060612064
PPP3CA,C1,0.7352241759058386
DHX9,C2,0.6549725183094317
CRYZ,C3,0.39315407971019234
SLC20A2,C1,0.999329179504214
PUDP,C4,0.9899270303422694
CD47,C4,0.9748353567334183
PPID,C2,0.9231140233236335
AHNAK,C2,0.9999193201918035
LMOD3,C1,0.8877912911420324
HSPA14,C2,0.807219065597861
SCRN3,C4,0.7829930449962844
NEXN,C1,0.9999158488182344
AP1B1,C2,0.915869199287046
BST2,C1,0.9588547414850239
PMPCA,C3,0.9788393663179371
ASPH,C1,0.7987840689352977
EFEMP1,C4,0.6093623860916676
STX4,C4,0.985211216551599
GRSF1,C3,0.9566846615503302
AIMP1,C3,0.5342835534666698
ILF3,C4,0.9387192084169966
TRAP1,C3,0.9995909413968515
ANK3,C2,0.9553847751961781
HSPB3,C2,0.9999849685827426
ECH1,C3,0.9999979229024489
STRN3,C2,0.9879169552267734
COASY,C4,0.952167561693021
TRDN,C1,0.9999843865136466
ACACA,C2,0.9996374987500637
GPS1,C2,0.8175171966422203
MTAP,C4,0.6366987251387277
PRKAA1,C2,0.6329111593046036
TARDBP,C3,0.620237265338416
PAK1,C4,0.9955207224023191
AIMP2,C2,0.947141476690634
PRDX4,C4,0.7873349632812081
PAK2,C2,0.7007019027654432
CBX3,C4,0.8461127604412189
PSMD2,C4,0.9051604670470546
MYBPH,C1,0.9920346972656364
SELENBP1,C4,0.9990171220606143
TRIM28,C2,0.9779399572258947
G3BP1,C1,0.997769277246951
PABPC4,C3,0.9904904321175846
SGCG,C4,0.9774248596346913
EIF3I,C1,0.9809631427493577
CTBP1,C1,0.5151993065615283
UBE2V1,C2,0.49825912150908347
DYNC1I2,C2,0.9967550273967009
ILK,C4,0.48675061908524414
NNT,C3,0.9999996964530102
SNTA1,C4,0.9920140682016622
SNTB2,C1,0.9042837048851046
SF3B2,C1,0.5111824310556302
PDAP1,C2,0.9689703648536937
TMED1,C4,0.655296269967191
FKBP5,C4,0.6199451244243885
PICALM,C2,0.7647388939732903
MTM1,C1,0.797369707845331
SQSTM1,C4,0.7516957686240555
MTX1,C3,0.5472501631698746
ART3,C4,0.8837954411961104
ASAH1,C2,0.4802240689609072
PIN1,C4,0.9943967185192073
CAMK2B,C2,0.6213755398957693
CAMK2G,C1,0.8436780922117278
CAMK2D,C2,0.9531223329067106
DCTN2,C2,0.997423945138177
NAE1,C4,0.8757737793661066
STIM1,C4,0.7866911030581708
CUL1,C4,0.47244715285978633
CUL2,C2,0.7272473793417146
CUL3,C1,0.49139623661561294
CUL4A,C2,0.7875849258928507
FHL1,C2,0.8684342866801574
FHL3,C1,0.9401955928157578
ITGA7,C1,0.714047570223436
AAMP,C4,0.906092946352266
CACNA1S,C4,0.6496769092686646
MOGS,C1,0.9920705020654961
SPTAN1,C2,0.9967737651031124
AUH,C3,0.9998795607001126
DDX39B,C1,0.9239995601449091
BLMH,C4,0.8264414574424251
SNTB1,C4,0.9994314487637115
TUBB2A,C2,0.5022914655953378
IDI1,C3,0.9984674316953805
PRKG1,C4,0.9751104164483063
COX17,C3,0.9378089752978832
HNRNPD,C4,0.8810948507055837
SCARB2,C2,0.8109402050407031
NID2,C1,0.9904357701979869
IL18,C2,0.9904739221772085
DAG1,C4,0.9486357360227313
EIF3A,C2,0.9161037012394396
UBAP2L,C1,0.9817006485722861
MLEC,C2,0.8464708091710605
DPYSL3,C1,0.4249723593722087
DCTN1,C2,0.9924023144516936
DYNC1H1,C2,0.9999966811227766
EIF2B1,C2,0.981356636451557
EIF4A2,C4,0.9169962847798951
CTTN,C2,0.3515081565767597
ENDOG,C3,0.9998358672428225
FLOT2,C1,0.7019954871394153
TRIM25,C3,0.7262111654799939
FLNC,C2,0.999800154785429
MYBPC2,C1,0.9999669338720142
GAMT,C4,0.9164854695151052
CAPRIN1,C1,0.9996515583890808
PRPSAP1,C4,0.9887461424541941
ITIH4,C4,0.9719589078418734
CLINT1,C1,0.44522042070249745
GANAB,C2,0.9318407760861883
SSPN,C2,0.7496333270494717
MVP,C1,0.5418037219933153
LTBP3,C4,0.4691188936225961
LASP1,C1,0.9865927323185619
PTGR1,C3,0.8262738892010107
KPNB1,C2,0.9997298239701233
NUMA1,C4,0.47296053638010094
PSME4,C2,0.9989117757914588
SLMAP,C2,0.9999949351143366
EMC2,C1,0.9290901161075893
PSMD6,C2,0.9979662243205882
ABRAXAS2,C2,0.3801938103203558
SEPTIN2,C2,0.9147638555352371
KARS1,C4,0.7173643825181715
EIF4H,C4,0.6667600100040605
EEA1,C2,0.9998699398083806
PDIA6,C4,0.4792745899592292
PAFAH1B3,C4,0.9884811017307249
PLCL1,C1,0.4463719104891809
PDK1,C3,0.9999063818317545
PDK2,C3,0.9987558825207234
PEA15,C2,0.8403976308803817
PGM5,C1,0.992442922670511
PLEC,C2,0.7351024461288354
PPP2R5A,C4,0.8175683494084901
PPA1,C3,0.6710545491395866
PTGES3,C4,0.8007665974836217
STK38,C3,0.6692509424234776
NECTIN1,C1,0.9463414609862197
NONO,C1,0.9846933032753569
PTPA,C4,0.5355732241569995
RABEP1,C2,0.9666339473016108
RAB35,C1,0.8976869712981059
TMED2,C4,0.9944953129754811
PCBP1,C2,0.9958365613104422
PCBP2,C1,0.8983225162458212
ELOC,C1,0.570636635764852
ELOB,C1,0.5589057623699206
UBE3C,C2,0.9653383857613941
DHCR24,C4,0.5377089090867538
RSU1,C2,0.5730704058990026
PPP1R7,C2,0.8509243656186033
SEC23A,C2,0.6938465669620101
MAPRE2,C4,0.9442382869088943
TGFBI,C1,0.43458664027898813
TSN,C4,0.9993269586312954
SF1,C1,0.8587046374407088
TRIP10,C4,0.7345573499989078
MAPRE1,C2,0.9753135123242817
TSC22D1,C2,0.5716070331002919
ELAVL1,C3,0.6229738072686407
MYLK,C4,0.9846585908591927
SPEG,C1,0.8096964726283007
TBCE,C1,0.4865640342189173
UBE2V2,C4,0.9999337030459379
NEDD8,C1,0.9028322442579361
ADIRF,C4,0.9928532289557975
ADIPOQ,C3,0.5324739443458512
RAB11B,C2,0.8651424932326296
ZYX,C2,0.8263580084716321
HSPB2,C2,0.9990278801671502
ETFDH,C3,0.999768739165494
SEPTIN7,C2,0.9699984180976361
ADRM1,C4,0.9673875319188204
DDB1,C2,0.9997680074376707
CDC37,C4,0.8733439629774177
DPYSL2,C2,0.6632599656820769
SYPL1,C2,0.4179102042898967
RBBP7,C1,0.9424337943160166
SGCB,C4,0.9618949684051705
SGCA,C4,0.8532551055699507
FXN,C3,0.9999979477199478
FSCN1,C3,0.7518220270335413
DECR1,C3,0.9999991641874619
NDUFA5,C3,0.993717737374755
CLPP,C2,0.5519640694894302
TST,C3,0.9999998209724702
KYAT1,C3,0.838126733393916
GUK1,C4,0.9794875880009827
HAGH,C4,0.9979704389909316
NDUFA9,C3,0.9788104879179684
PHKG1,C4,0.5169290163672189
PPP1R3A,C3,0.548790236321721
HADH,C3,0.9993407409519215
UGP2,C2,0.9667184318035746
TXNRD1,C4,0.9992308483805706
IMMT,C3,0.991717614101361
IAH1,C3,0.7544670747401865
KLHL40,C2,0.9854774528234317
TKFC,C2,0.5462471849741994
TIMM50,C3,0.9998468611466541
NADK2,C3,0.9998577709129813
FAM98B,C2,0.8878623748319673
HIKESHI,C4,0.8044252770371014
PDLIM3,C2,0.9891362756370985
HSD17B12,C3,0.699454985657497
AGK,C3,0.9991311880548319
LACTB2,C3,0.9612213469449713
DCAF6,C4,0.9901387791657114
CAVIN4,C2,0.9882752041050137
FLG2,C1,0.7178829181168723
RABL3,C2,0.9865227435480498
COQ5,C3,0.9999668182637538
NOMO2,C1,0.810967339975385
PITRM1,C3,0.6974655444286876
WDR44,C1,0.889403922034053
COA6,C3,0.9999992059786019
TOR1AIP1,C4,0.8153566360400962
GNAS,C4,0.6759030577413193
TTC38,C3,0.7087074557219897
C6orf136,C3,0.9995655229067559
HP1BP3,C1,0.5544133122489008
IBA57,C3,0.9987002523176323
UBR4,C4,0.5128031636421613
DCAF8,C2,0.863632082791851
DDI2,C1,0.999996349646779
MICOS10,C4,0.9741136108666059
LYRM7,C3,0.9995861851101012
OBSCN,C1,0.8619406334743903
MYOM3,C1,0.9999589668933113
PDE4DIP,C4,0.9567075260911492
BROX,C1,0.525134111335367
LYPLAL1,C3,0.9999340882242035
SYPL2,C4,0.9791285908841827
ECPAS,C2,0.999513907099771
MICOS13,C3,0.9537815328150123
RNF123,C2,0.8201534003357847
TMEM198,C2,0.8624207560673004
CRYBG3,C1,0.9998391365107347
NXN,C2,0.8539089434581804
PTRHD1,C4,0.6368647529514624
ABLIM2,C1,0.9817779870195388
LAMTOR1,C2,0.9645064384700732
DHRS7B,C2,0.7474620874499347
TWF2,C1,0.9964152374555336
ETFRF1,C3,0.9851503761040541
RAB12,C4,0.5065346624213056
DENND5A,C4,0.9338045719998225
RCSD1,C4,0.8951786676687143
SLC25A24,C1,0.8780505995946909
HIBCH,C3,0.9996814269057707
CAVIN1,C4,0.9429238139976329
MRPL54,C3,0.7445908474452054
LPCAT3,C1,0.6592784118994814
TATDN1,C3,0.9482376962722745
SFXN4,C1,0.6528954892184622
FAHD1,C3,0.9999947459724017
LMOD2,C1,0.9141658313556309
SLC27A1,C3,0.9913485211922266
CCDC137,C1,0.9997036261037695
CORO6,C1,0.9738226946833264
TMEM205,C4,0.9371688842112598
DHRS11,C4,0.878479775676732
APOOL,C3,0.996600811561081
NAPRT,C1,0.6909491989867151
HSDL2,C3,0.9999717404098978
KYAT3,C4,0.9869156273341926
TRIM72,C2,0.9589377783556263
UBN2,C1,0.9999746538757772
TOM1L2,C4,0.9607375811740609
XIRP1,C1,0.8601204444800757
VPS13C,C1,0.4862182322255536
UBE2R2,C3,0.9675908269843569
SND1,C1,0.6536386550324234
TRMT10C,C3,0.999524901100203
BZW1,C4,0.8576415936422863
EIF3M,C4,0.549995712245941
COPS6,C2,0.9419797198637134
CHMP1B,C1,0.4931970628235836
RRM2B,C2,0.800969948658437
ERMP1,C3,0.8878729142812185
MRPL21,C3,0.9919593204531844
DGLUCY,C3,0.6801439809690586
MYH14,C2,0.6384020906672312
SZRD1,C1,0.9529866971958424
MAVS,C3,0.9819600224292044
COMMD6,C2,0.9977155916504519
HDDC2,C3,0.6196582838010031
HDGFL2,C1,0.9059590062932036
DCXR,C3,0.9972037523246128
SPRED2,C4,0.9952979886375997
HUWE1,C4,0.9803401888773634
GLRX5,C3,0.9994662547151516
MYPN,C1,0.9992461830384749
SRL,C1,0.9090396449411213
PRUNE1,C4,0.6855866922933253
ACOT1,C1,0.9754285587270312
ISCA2,C3,0.9993490228705014
MTDH,C2,0.9046376576129709
KTN1,C2,0.9937997855885968
NLRX1,C3,0.9999984583404926
ALYREF,C4,0.9091899867359239
MDP1,C1,0.6014759217814803
SLC25A42,C3,0.9994794381883899
NRAP,C2,0.9923981091693751
VPS36,C4,0.9385453815479009
CAND1,C2,0.9896101730532164
COMMD7,C2,0.7385201274384702
LDHD,C3,0.8758305778157135
CARM1,C4,0.675878053832835
NIT1,C4,0.9253529948246869
NDUFA11,C2,0.7350196457792301
ECHDC2,C3,0.9854206123035681
PHYKPL,C2,0.94156085760324
MUSTN1,C2,0.5433124453778453
NAXD,C3,0.6458259309797546
MFN1,C3,0.45628949410194414
SLC44A2,C4,0.9616229035946867
HSCB,C3,0.90490170758227
ADHFE1,C3,0.9999383399829096
UNC45B,C2,0.9947687130575078
MSRB3,C4,0.5853663819361671
KLHDC8B,C2,0.7198979447603348
SUPV3L1,C3,0.8453841221311481
THNSL1,C3,0.9918440267058541
PM20D2,C2,0.9443024848847402
MICU2,C3,0.9988352456333034
ELMOD2,C4,0.9249671196604492
ALDH16A1,C4,0.8286630772575366
FAM185A,C3,0.9999961429085268
ADSS1,C4,0.9432658432763978
NDUFAF2,C3,0.9998954194284028
LRRC47,C2,0.9819783255734534
GPD1L,C3,0.9753837237062193
EHBP1L1,C2,0.9426549925690343
CMYA5,C3,0.9977124072255915
TXLNB,C2,0.9931803514120572
SYNPO,C1,0.9990761664450585
TOMM5,C3,0.9979736245495543
CHCHD4,C3,0.9830505128609454
CBR4,C3,0.999579618101574
MMGT1,C1,0.42259060665165
SMIM20,C3,0.999979294607533
CISD2,C4,0.9972510086620854
ATPAF2,C3,0.9999742735674444
JAGN1,C4,0.9968930110592195
MRPL50,C3,0.9959685719677154
EMC1,C4,0.8078915926014097
PTGR2,C4,0.9995252406877736
SMYD1,C1,0.9999163314028828
NHLRC2,C2,0.9993973440408364
RDH13,C3,0.9448439917623126
TXNDC5,C2,0.9988872947653605
ATAD1,C3,0.9996837334351858
SCCPDH,C3,0.9876154445691949
SERBP1,C1,0.9236170894813435
FAM98A,C2,0.6093671181196294
PDPR,C3,0.9951121416885342
NAXE,C3,0.9630550891714853
NPEPL1,C3,0.3528749691216046
ADPRHL1,C2,0.9944845876505665
CHDH,C3,0.9967788040964848
ABCF1,C2,0.9688244140662551
MCU,C3,0.7816118741222647
ABHD11,C3,0.999972110849037
ATL2,C4,0.9227023478508914
PPTC7,C3,0.9999200903799157
COQ8A,C3,0.9999992143709779
NPLOC4,C1,0.5800900396493375
SPATA20,C1,0.9455704939583379
NUBPL,C3,0.9169756454132078
DEPTOR,C4,0.5281321687339124
RDH11,C2,0.6260604239150966
LRRC20,C4,0.9694185201313396
NT5C,C4,0.9652523923364388
PNPT1,C3,0.8698050216437958
SPPL2A,C1,0.7909747370998759
PREX1,C1,0.6181329911744994
NEK9,C2,0.9418465745693336
GPT2,C3,0.9987405181138163
MYOZ3,C1,0.9992073101886926
NEK7,C4,0.6916898109366824
DTD1,C4,0.9765166734231141
UTP15,C1,0.9999950494605507
SETD7,C2,0.8850724217181178
NUP133,C4,0.9937097750633298
PDCD6IP,C4,0.8459335189668443
THEM6,C3,0.46355951632073283
SMIM4,C3,0.9807852559860618
NUDCD2,C4,0.8621883361662642
SCFD1,C3,0.6482169792896185
PCNP,C1,0.8638232608696609
DNAJA4,C2,0.9966670175112363
SPRYD4,C3,0.9933659629446695
RTN4IP1,C3,0.9997786018244729
PALLD,C1,0.9996807844071705
SYNE2,C2,0.9744550795577047
THAP4,C3,0.9892809478983243
IFT81,C4,0.9885140833352911
TTN,C1,0.9998387416595917
DDX1,C1,0.6351406544064009
HSD17B8,C3,0.9991471896654339
CPT1B,C3,0.9999350536677409
PSMF1,C4,0.7227158849734183
UBXN4,C4,0.7122273500147835
HSPH1,C1,0.8352991051107934
MYO18A,C1,0.9978561434839419
GCN1,C2,0.9997966970844789
SGCD,C4,0.99920287556877
AKAP1,C3,0.9111609066741266
RABGGTA,C1,0.660457496035855
TFG,C1,0.7340826956479658
ARPC1A,C2,0.9784292336385303
P3H4,C1,0.44591633975283074
DDX17,C4,0.9856624053598653
CELF1,C1,0.4607327270700738
UFD1,C2,0.8781405350554399
RPL3L,C1,0.9999212323015175
COPS5,C2,0.984625290706328
KHSRP,C2,0.5498430080214312
GCDH,C3,0.99318370280105
TNPO1,C2,0.9997053049838427
USP13,C3,0.9297815249184632
USP9X,C2,0.5711775105139949
CUL5,C4,0.5788676189585031
LPP,C3,0.5439675780369321
ATP2A3,C4,0.9954155013719747
PHKB,C4,0.740762770613668
UBE2F,C4,0.9840895793685581
RPL36AL,C1,0.8975138371948679
WBP2,C4,0.985765568445827
ERGIC1,C2,0.9275703288241801
MTARC2,C1,0.7867582274862013
FAM162A,C3,0.9999880518973525
CCDC47,C1,0.978585700480739
TMEM230,C3,0.71839718146424
ISOC2,C3,0.9999774803389331
FERMT2,C2,0.9976302521765351
FUBP1,C2,0.9318343706346922
SLC25A46,C3,0.9375055696620742
TMEM143,C3,0.8658674365625848
PBXIP1,C2,0.9041425509411245
PTER,C4,0.8007102712362794
ZBTB9,C4,0.9777870072530062
FAM136A,C3,0.7897401047417815
FGGY,C3,0.6690245589960093
GALM,C2,0.8060793230284883
DCPS,C4,0.8857810687700229
PPP1R14B,C2,0.7245349453671457
ACSF2,C3,0.9999916903494773
ISOC1,C4,0.599460370533775
CCDC124,C4,0.7042339303647196
OPTN,C3,0.9298236373307099
AP2M1,C2,0.998946640836355
KCTD12,C4,0.39365025499272543
RMDN1,C3,0.9686958474376333
ECHDC3,C3,0.9999969652432045
NUDT16,C1,0.5124323595741592
CMBL,C4,0.9993276054466855
MSI2,C2,0.8541064031455727
MRPL38,C3,0.999184995580447
MRRF,C1,0.5569117733326251
MRPL53,C3,0.9704314760004996
DAZAP1,C3,0.44094529030854807
DNAJA3,C3,0.9969665194846549
PTCD3,C3,0.9984685119804999
MMAB,C2,0.9148845465277267
DYNLL2,C4,0.9270184634859847
S100A16,C2,0.9951088134428197
SCRN2,C4,0.9987567121415433
OTUB1,C4,0.9300504372366889
CHMP6,C3,0.9905110211022963
PDXP,C2,0.6199676464737444
DCUN1D1,C4,0.7480035686237471
FAHD2A,C3,0.9719970264701817
SNF8,C2,0.38313181510020783
PDLIM5,C1,0.9980798482832561
CRELD1,C1,0.7256780332114192
ERO1A,C2,0.48413194012995364
AHCYL2,C2,0.48147219048363665
PGAM5,C1,0.6177700781656351
DDRGK1,C2,0.9804412027313344
PYURF,C4,0.6852406736956554
SUCLG2,C3,0.999996837763385
ABHD14B,C4,0.9509060392016987
NGLY1,C1,0.9465967955632208
TMX3,C2,0.7560045846186819
BTF3L4,C4,0.35594329638034006
USP47,C2,0.5069486271249718
CNDP2,C4,0.8973431721600715
ALPK3,C2,0.7746434028043458
STAC3,C4,0.9954788461869735
COQ10A,C3,0.9999982329088355
JSRP1,C2,0.9847689096274153
MCEE,C3,0.9996283859757651
QKI,C3,0.47710740867932566
PLIN4,C4,0.99174655090644
ALKBH3,C4,0.5085812419059181
VPS35,C4,0.7563433572334146
PURB,C1,0.99507892085996
BBS4,C4,0.5122128782326117
VPS13A,C3,0.6370144312177509
GFM1,C2,0.8384106083623013
MCCC1,C3,0.9977392336972947
METTL26,C4,0.5660501171517215
CLCC1,C4,0.43540482134369934
PEBP4,C4,0.8521348679431854
PLEKHF1,C1,0.8279156863731941
MYCBP,C1,0.9702158296684796
TBCB,C2,0.9949033369526431
PSMB7,C4,0.974807367138873
PCYT2,C3,0.988957519556431
PSMD1,C4,0.7089501399940129
PFDN5,C2,0.6085488845473406
PAFAH2,C4,0.9750434234915423
PARK7,C4,0.999677673513053
VAT1,C2,0.9233492441482629
PLIN2,C3,0.9711831415469947
S100A13,C2,0.9999845287297554
TSNAX,C4,0.9981021116584513
EIF3C,C2,0.9895357625223052
PHB2,C3,0.9970864261437847
COPS8,C4,0.964075115145124
SDHC,C3,0.6581472942295502
CHP1,C4,0.9944027115610214
HSD17B10,C3,0.9690118966524004
NAP1L4,C2,0.9870688310798331
MGST2,C2,0.8421806639256876
TXN2,C1,0.4965068005326776
DMAC2L,C3,0.8894107932645018
ACO2,C3,0.9999924721356486
COQ7,C3,0.9999076370213237
SLC29A1,C3,0.6844713820713493
TSG101,C2,0.6034774353857683
CPNE1,C4,0.9091084396727508
CCT7,C2,0.9988933126731059
PRMT1,C4,0.7793019146251925
NIPSNAP1,C3,0.9971033980783739
ARPC5L,C1,0.722462840909138
MICU1,C3,0.9974942525152063
MACROD1,C1,0.757722343445363
WDR77,C4,0.9285410757518883
APOL2,C2,0.9992704618625238
FYCO1,C2,0.7760086434524244
JPH2,C1,0.5613187473685973
CORO1B,C1,0.9888336152055256
TXNDC17,C4,0.8823791418607879
PLCD4,C4,0.43205524098705483
CPPED1,C4,0.7707299234443364
VPS25,C2,0.7665403935491231
MIEN1,C4,0.650404101043778
PELO,C1,0.9672693421463177
PRXL2A,C3,0.9906774059074472
ERP44,C2,0.5042534788470768
LXN,C4,0.9959092833986517
NIPSNAP3B,C3,0.8808004511569082
NTPCR,C3,0.9987105086852762
AGMAT,C1,0.48770463688605503
TACO1,C3,0.9999858380077925
ESYT1,C2,0.987101349812731
UBAC1,C3,0.8609370075894666
COPS4,C4,0.7680301147359302
DCTN5,C2,0.9897644122330149
AARSD1,C3,0.6456526475825758
TMEM43,C2,0.9966619174268851
DHRS4,C3,0.7732564015701403
TMEM70,C3,0.9970520709260319
TUBB6,C2,0.9999055491308012
CHCHD7,C3,0.9995411435500958
APOO,C3,0.9999848620607695
MRI1,C4,0.7660876976920056
ABHD6,C3,0.9387986253290451
ADI1,C4,0.9942616802388695
MECR,C3,0.9999994292728004
NTMT1,C1,0.9766179833677185
TMEM109,C2,0.5982342842508918
TMED9,C4,0.9874904870238559
TIMM21,C3,0.9999482572194033
TPPP3,C2,0.9803272193256299
NUDT9,C3,0.9958155495718641
FUNDC2,C2,0.9031352278331931
SORBS1,C1,0.5931187312186831
HINT2,C3,0.9999063790851862
OSBPL11,C2,0.5555103471415777
NT5C1A,C4,0.9037244334770025
TMEM120A,C3,0.9995337367194903
NAA15,C1,0.6944022240501009
BCL2L13,C3,0.9975001299946445
AP1M1,C2,0.8086479839930986
OSBPL1A,C1,0.9802741288428303
HDHD5,C3,0.9982253943275419
EIF2A,C1,0.6566345222060193
MRPL13,C3,0.9976447339518152
MRPL9,C3,0.9594433367085629
MRPL4,C3,0.5457469460475817
MRPL1,C3,0.9751700784100603
NLN,C4,0.9356837232273312
TRIM54,C1,0.9975752902591641
BCO2,C3,0.9972079740931304
MRPL37,C3,0.9989135243355934
ASPSCR1,C4,0.9877861087114889
UBL5,C1,0.9864972964655587
NIBAN1,C4,0.5475556621824833
UBXN6,C4,0.6416022551155356
UBE2O,C2,0.7228869916965756
LNPK,C4,0.7316700597652417
PITHD1,C4,0.874841626767112
SLIRP,C3,0.9994243885404619
NIF3L1,C4,0.9777383337292974
EGLN1,C3,0.9290687865591504
ANKRD2,C2,0.979510457329538
NAA50,C2,0.8271466250158119
TMEM126A,C3,0.9999922446383143
PAIP1,C3,0.9606269924075339
CLPB,C3,0.9235718769680883
TOLLIP,C2,0.9812351566491561
PCBD2,C3,0.8940806414304248
NT5C3A,C4,0.9594578850658204
HDHD2,C4,0.998586976389995
RAB1B,C2,0.9997603689262266
C11orf54,C4,0.8190745779923054
NUCKS1,C2,0.9661801963945768
TMX4,C4,0.6191992819041865
MYLK2,C4,0.9982799181767941
EHD4,C3,0.9793204246657379
SH3BGRL3,C4,0.5185434515828541
SLK,C2,0.693837713806277
PPIL3,C4,0.9973672089655687
LRMDA,C2,0.9997424913411268
TNMD,C3,0.9987766096122802
PPA2,C3,0.9999811678387027
MRPL46,C3,0.9997600913080881
TMEM245,C2,0.9510498005347685
C11orf68,C4,0.87460884970895
GHITM,C3,0.9279531403562944
BOLA2,C4,0.48674865528126027
TMX1,C2,0.9901524123972291
CHMP4B,C2,0.9948611921095768
RBKS,C4,0.9688998252115765
FN3K,C3,0.9994132097335475
TOR1AIP2,C2,0.972992165911476
RNPEP,C4,0.41890980519337895
GLIPR2,C2,0.909981507337375
EHD1,C2,0.5934500874443162
TMEM38A,C1,0.9206212000474128
OPA3,C3,0.9639684767973397
DCTPP1,C3,0.9991939009407254
AAMDC,C4,0.999233239941751
PTGES2,C3,0.9999999087795497
UBE2Z,C2,0.9993448989917931
ACAD9,C3,0.9996233294344612
METTL7A,C4,0.8977629281727034
COQ10B,C3,0.9087890766518955
MOB1A,C1,0.9951772597697853
GORASP2,C2,0.7213682350770955
JPT2,C2,0.5831625823265539
SYNPO2L,C1,0.9998600519874676
ARMT1,C4,0.9531843941494257
LRRC40,C1,0.9728207211702159
SFXN1,C3,0.9997885480281716
L2HGDH,C3,0.9992266207559627
COPS7B,C4,0.9221457450734573
FN3KRP,C3,0.9842263170161483
TBC1D17,C1,0.36184686226623897
CARS2,C4,0.46935735737338713
GRPEL1,C2,0.7774683665219727
CACYBP,C2,0.9336692980356633
RDH14,C3,0.9905587291851087
PARVB,C1,0.46352994745766174
TNS1,C1,0.9978669357196828
PLGRKT,C1,0.9258732046422662
GLOD4,C4,0.9833113652084882
MCCC2,C3,0.9999725373509443
HHATL,C4,0.5747348241368255
PREB,C2,0.5486561776248977
MRPL47,C4,0.7813029871995724
JPH1,C1,0.5256581367216046
APMAP,C2,0.9782442019829137
TXNRD2,C3,0.9998929175298774
RAB18,C2,0.9983750200553383
PALMD,C2,0.6073897485831325
SSU72,C1,0.6588839134314921
VTA1,C2,0.7748561327649738
SARS2,C3,0.9968586951558086
DYNLRB1,C4,0.9768519725570823
MYOZ1,C1,0.9998147203994044
MYOZ2,C1,0.992519086069866
OSGEP,C1,0.8776469493381913
ACOT13,C3,0.999735388169213
MRPL40,C3,0.9988291240718506
TIGAR,C3,0.8521924319625716
RTN4,C2,0.9692602179451185
HINT3,C3,0.7695892250734154
PFDN4,C4,0.997008562932533
NIT2,C4,0.7952927243060386
XPNPEP1,C2,0.6193237706635834
GPHN,C4,0.9856873457198234
PDLIM7,C1,0.9996222485400243
ACSS2,C3,0.9994965098409831
DIABLO,C3,0.9892417744865625
SAR1A,C2,0.9710998024198287
SH3GLB2,C2,0.6681458187922288
EIF2B3,C3,0.9694414299186676
MBNL1,C4,0.8094385531801266
SDR39U1,C3,0.9997924373692527
AASDHPPT,C4,0.5472082450945391
OSTC,C2,0.5938059110516578
CMC2,C3,0.9999808487035533
HEBP1,C3,0.9484799759930721
PHPT1,C4,0.99485775206592
TOMM22,C3,0.875453669820559
LANCL2,C4,0.9255694067401413
FARSB,C2,0.9998473340983834
IARS2,C3,0.9999997821534582
SIRT3,C3,0.9999770849242473
MAN2C1,C2,0.4071792391028524
OLA1,C4,0.9986413942744571
CUTC,C4,0.41203263456467154
ACSS1,C3,0.9505895758292174
ABHD10,C3,0.9999661025102932
DDX19A,C4,0.7117788087107135
SEPTIN11,C4,0.8953755356207008
PARVA,C1,0.7889783972664912
PANK4,C3,0.851781845071144
DNAJC11,C3,0.5436971788526727
TMLHE,C3,0.8099121776509818
ATAD3A,C3,0.9999004240493826
ARL8B,C2,0.9300856548971215
MRPS18A,C3,0.9879787286203632
PNPO,C4,0.9184369502570338
OXSM,C3,0.999824814415566
MRPL22,C3,0.9889768786343736
CZIB,C4,0.9836018830048887
BABAM1,C1,0.5404770179636683
NDUFB11,C3,0.9966221364788683
OCIAD1,C3,0.8797013093641025
MARCHF5,C3,0.6861337353406727
CHCHD3,C3,0.9956849434772522
SIRT5,C3,0.9999970916466795
BABAM2,C1,0.5873655107456421
DPP3,C2,0.910866526050077
TUBA8,C3,0.8876068013499643
MAP3K20,C4,0.47629793178358204
UGGT1,C4,0.8939428827472794
TECR,C1,0.9364898999651692
ERAP1,C2,0.6705876554515154
CISD1,C3,0.9999986460700634
CLIC5,C4,0.8309864170709921
FAM120A,C2,0.9846285721929928
GLTP,C3,0.9993322077070627
COQ3,C3,0.9999979418266828
HSPBP1,C3,0.9188010099460705
MAT2B,C2,0.8500158357267493
MYOF,C4,0.5989641902396132
EHD2,C3,0.9913035743515926
TMOD4,C1,0.999994798856668
LMCD1,C2,0.9716732891536478
CHMP5,C1,0.6215830672580321
CNIH4,C2,0.997541563394306
NDUFAF4,C3,0.9990764586347775
EMC3,C2,0.9995972448321083
NDUFA13,C3,0.5837827045898754
PDP1,C3,0.9999864026063147
MRPL36,C2,0.984412512795999
VAPA,C1,0.9833324662835382
RNF181,C2,0.3902327805074136
TMEM14C,C3,0.3891207831946351
LARS1,C2,0.9949263854694818
SUCLA2,C3,0.9999999293463698
GMPR2,C4,0.9456738582355476
DPM3,C3,0.7348467675774628
IMPACT,C4,0.9420513893101594
ATXN10,C3,0.6460294006199104
EPS15L1,C4,0.8543414465207348
SAE1,C3,0.9614914218507409
RNF7,C1,0.9681880792579609
MYOT,C1,0.9997633236670204
GNG12,C2,0.9917117706359599
VPS29,C3,0.7428829939045518
EIF3K,C2,0.9062325108440927
GRHPR,C4,0.9496733421931491
CTSZ,C3,0.6294562133754402
UBA2,C4,0.8892522391066363
COPS7A,C4,0.8299015465045997
HSPB7,C2,0.9996089877634846
CLIP2,C1,0.4560555764473762
UQCR10,C3,0.89317647672913425
DNAJB4,C1,0.9941346896384777
NIPSNAP3A,C4,0.9261938288328705
TES,C1,0.9006585986487489
KDM5B,C3,0.997414085169881
WARS2,C3,0.9974547829484043
MLX,C2,0.9474070137408819
SEPTIN9,C2,0.9609685233141024
UBQLN2,C2,0.9528175554062094
PCYOX1,C4,0.9995334151847163
DPP7,C4,0.6184891756293971
SMPX,C3,0.47327251441432167
BCAP29,C2,0.8329475250843223
CYB5R1,C2,0.5153024185209389
PFDN2,C4,0.4350606668781262
PUF60,C2,0.49572915576713655
ENOPH1,C4,0.9992976452868767
NDUFA12,C3,0.9980881044938452
EIF2B4,C4,0.9446184867432813
ATP6V1H,C4,0.878943067626739
TRMT112,C4,0.9745126284468734
XPO7,C2,0.4346567928275763
LCMT1,C4,0.9865418033374216
ATP5IF1,C3,0.9998799461002206
AK3,C3,0.9999202034763
NAGK,C2,0.7035509819405041
SLC25A13,C3,0.9992984414488022
DBNL,C2,0.8914619132680354
DCTN4,C2,0.9646687092826267
HSPB8,C2,0.6933387404687783
STOML2,C3,0.997952773985285
VPS28,C2,0.533918893712725
JPT1,C4,0.7288483879567763
APPL1,C2,0.7285356312128439
PACSIN3,C1,0.9968892599886686
ACAD8,C3,0.9999491119378685
AGO2,C1,0.990069250570635
MYH2,C1,0.9999891769252836
MYH13,C1,0.7010380335166142
CDV3,C4,0.9932373486015957
RAB21,C4,0.6516527730169206
PSME2,C2,0.9979194900180751
DNPEP,C4,0.9936837364609172
MCTS1,C4,0.5781198534902844
TBC1D24,C2,0.6025410954570695
TMCO1,C2,0.9398043602678491
EPDR1,C3,0.6751270006868297
MYO6,C3,0.9331644262562311
NFU1,C3,0.9987686851415005
SYNPO2,C1,0.9998785228544707
UBQLN1,C4,0.7232785840386344
SNX12,C1,0.8245080054455716
NDRG2,C4,0.8029452091378679
VPS4A,C3,0.40045736168167256
G3BP2,C1,0.9653904405522955
STUB1,C2,0.9294862653893297
PACSIN2,C1,0.9071317434763705
SNX6,C4,0.7604399253889235
PSMD13,C2,0.9995127075136139
COPS3,C4,0.984179808707117
NSFL1C,C4,0.9218086888793672
PPP6R1,C1,0.7308250956846236
LIMCH1,C2,0.6930359232317934
USP24,C3,0.5125842301434782
MAPRE3,C2,0.9995431190465927
PA2G4,C1,0.9996948661566906
CAMK2A,C1,0.483954688448872
CHMP2B,C4,0.9861006905923689
RTRAF,C1,0.6310773708029657
RUVBL2,C2,0.4922233543085369
APOBEC2,C1,0.9871673726886191
PIN4,C4,0.9992705460067277
EIF3L,C2,0.9975941969863997
PLAA,C4,0.8150982002811933
NUDC,C2,0.976727446849757
BCS1L,C3,0.9416178115239031
VDAC3,C3,0.6219633376065331
CFL2,C1,0.9720316128375007
FARSA,C2,0.9892260986538234
CNPY2,C2,0.5162954484485099
FNDC3A,C1,0.8766435526156051
PADI2,C2,0.9864110401146605
GSTK1,C3,0.9999958981801216
LAMTOR2,C3,0.45361909352614455
MRPS35,C4,0.7115343608032628
COA3,C3,0.9967779637828946
TMA7,C3,0.6007189469426448
SUGT1,C2,0.5429265727571388
COQ6,C3,0.9018383330753763
ACOT9,C3,0.9999950848108616
MEMO1,C2,0.714846396975096
TMX2,C1,0.9740144768810809
SH3GLB1,C4,0.5941041799967545
CAB39,C1,0.834332522309909
LUC7L2,C2,0.9670974112587699
DHRS7,C2,0.9409788413212365
MOB4,C2,0.9988032606397166
SBDS,C2,0.9922222831014601
MRPL11,C3,0.99883092326873
PPIL1,C4,0.9131919803492741
MSRB2,C3,0.9999552899345505
FIS1,C3,0.8150561496562178
PTRH2,C2,0.7659906160955536
STRAP,C2,0.9856072183987137
RTCB,C1,0.7617021805536024
RPL36,C1,0.9992088857026318
SAMHD1,C2,0.7790211865329713
HBS1L,C2,0.8013521111980045
TLN1,C2,0.9060489774965461
USP15,C4,0.9838518860939334
TLN2,C4,0.7785469106835246
DTNA,C4,0.9355751660476056
HYOU1,C2,0.8817708200298329
AFG3L2,C3,0.999999954072514
ARIH1,C2,0.7085152160362869
RNF114,C3,0.922713846723838
SAMM50,C3,0.9852888459135543
PPME1,C4,0.5995737356297379
TIMM9,C3,0.9999725227440699
TIMM8B,C3,0.9887515382930528
UCHL5,C2,0.5771315187084255
TIMM13,C3,0.9999914234198959
SRPRB,C2,0.9871429309374086
GMPPB,C4,0.6656680104446411
MPC1,C3,0.999931322632216
SNX5,C1,0.7436609369092968
HEBP2,C4,0.5695983967180892
HCFC2,C3,0.9994246299526074
FHOD1,C3,0.7612746753340343
MYH4,C1,0.9999923407712212
MRPS18B,C3,0.9878733972503162
COPG1,C2,0.597407276950703
CLIC4,C2,0.9987996660445168
NFS1,C3,0.9999156604212832
SPCS1,C4,0.9632504612338719
SAR1B,C4,0.9643034485447316
MTCH2,C3,0.98163194380262
BZW2,C3,0.9349954768352617
DYNC1LI1,C2,0.9953727022241384
CHCHD2,C3,0.8633774445855971
NDUFB9,C3,0.9850559284058142
COX11,C3,0.9994890886641856
SQOR,C3,0.9804406089234714
SESN1,C4,0.9201791684027447
SEC23IP,C2,0.4593968719566742
