uniprot_id,gene,module,kME,GS,is_hub
A0FGR8,ESYT2,blue,0.4608290203957207,0.2683254397334693,FALSE
A5YM72,CARNS1,blue,0.4036074121605437,0.016731495716067597,FALSE
E9PAV3,NACA,blue,0.7599285039574927,0.44749415790106417,TRUE
O00399,DCTN6,blue,0.6568796643930452,0.2009373588829358,FALSE
O00410,IPO5,blue,0.6201192092890517,0.06758170256984702,FALSE
O00499,BIN1,blue,0.719264393029297,0.07856362860666148,FALSE
O00629,KPNA4,blue,0.5877455137171749,0.16986869241028157,FALSE
O14558,HSPB6,blue,0.41129808355391106,0.031201873460851536,FALSE
O14929,HAT1,blue,0.46706506031157186,0.12772268445424165,FALSE
O14958,CASQ2,blue,0.32507588369392576,0.12483002368709108,FALSE
O15143,ARPC1B,blue,0.3815651634902291,0.21429082271124308,FALSE
O15260,SURF4,blue,0.41313685654337834,0.006608326438435784,FALSE
O15400,STX7,blue,0.39485846117412954,0.08806830199638835,FALSE
O43237,DYNC1LI2,blue,0.3068035333805959,0.33887265206601586,FALSE
O43396,TXNL1,blue,0.5196790684311007,0.2162451247283196,FALSE
O43852,CALU,blue,0.6048348579230821,0.24175230647345888,FALSE
O43865,AHCYL1,blue,0.37845796273040117,0.03522382770155991,FALSE
O60237,PPP1R12B,blue,0.45135412068740294,0.15717591704281458,FALSE
O60271,SPAG9,blue,0.6930803728502438,0.3564449322797378,FALSE
O60662,KLHL41,blue,0.5468884413417108,0.08054371661371272,FALSE
O60684,KPNA6,blue,0.33594066096358455,0.19448527884451838,FALSE
O60884,DNAJA2,blue,0.6274646845028429,0.2172954244518712,FALSE
O75369,FLNB,blue,0.7191568162071168,0.15121036136056312,FALSE
O75396,SEC22B,blue,0.39272321360225526,0.16766873132608853,FALSE
O75663,TIPRL,blue,0.39024177697161533,0.03658214853886591,FALSE
O75915,ARL6IP5,blue,0.38488934689320453,0.22111073816279134,FALSE
O75923,DYSF,blue,0.8022930664591784,0.06661885884335354,TRUE
O76003,GLRX3,blue,0.6595379554898686,0.07960846455807234,FALSE
O94886,TMEM63A,blue,0.43293916879286254,0.024982249954249393,FALSE
O94919,ENDOD1,blue,0.36905446845329143,0.15911877784070505,FALSE
O94979,SEC31A,blue,0.42542035304803183,0.15934370957990515,FALSE
O95573,ACSL3,blue,0.5139950795074434,0.2717145088231473,FALSE
O95782,AP2A1,blue,0.4765164353667774,0.10822527941531651,FALSE
O95817,BAG3,blue,0.5215355457587558,0.0700229401005103,FALSE
P00387,CYB5R3,blue,0.454105270787836,0.11579155772319065,FALSE
P00390,GSR,blue,0.513725807432209,0.023413883808640432,FALSE
P00492,HPRT1,blue,0.5726808607949178,0.09231890822764219,FALSE
P02511,CRYAB,blue,0.6353699891154903,0.20442658823714221,FALSE
P04083,ANXA1,blue,0.3346633407808908,0.16947635868395067,FALSE
P04632,CAPNS1,blue,0.5004204702518883,0.24983389324316796,FALSE
P04792,HSPB1,blue,0.6865027645432579,0.19522016460452404,FALSE
P05023,ATP1A1,blue,0.36468847503255514,0.09387137941422645,FALSE
P06703,S100A6,blue,0.7546715591010809,0.29451562481831123,TRUE
P07099,EPHX1,blue,0.4520455306632316,0.15753583457982578,FALSE
P07237,P4HB,blue,0.4322436741664593,0.10543739274564544,FALSE
P07355,ANXA2,blue,0.6311971941552827,0.08062309437663223,FALSE
P07437,TUBB,blue,0.7822174824205537,0.07691705050399347,TRUE
P07737,PFN1,blue,0.5559446651620236,0.1758573413849509,FALSE
P07814,EPRS1,blue,0.6083193203399587,0.2895619284163605,FALSE
P07900,HSP90AA1,blue,0.5246039687697535,0.04145743483392412,FALSE
P08238,HSP90AB1,blue,0.6186201845717563,0.0035900914079537768,FALSE
P08758,ANXA5,blue,0.4910595572860186,0.30008989175260803,FALSE
P09497,CLTB,blue,0.5588892689268602,0.05173180367458319,FALSE
P09936,UCHL1,blue,0.7301498549052918,0.1768625106333509,TRUE
P0DMV8,HSPA1A,blue,0.37284613103140457,0.05583999920409746,FALSE
P10636,MAPT,blue,0.7889842976505855,0.2612858925708765,TRUE
P11021,HSPA5,blue,0.7023123692790598,0.03652801209615504,FALSE
P11142,HSPA8,blue,0.7945513774397156,0.12045799089768584,TRUE
P11441,UBL4A,blue,0.5594204775650639,0.2512866269722971,FALSE
P13639,EEF2,blue,0.5143580362185897,0.1448261312688924,FALSE
P13807,GYS1,blue,0.58150643496361,0.13587235232254966,FALSE
P14314,PRKCSH,blue,0.3853728110574957,0.0640590561601719,FALSE
P14625,HSP90B1,blue,0.7141896164238727,0.1223548175610382,FALSE
P14868,DARS1,blue,0.6003534245075842,0.008998953805183098,FALSE
P15311,EZR,blue,0.5031225062670864,0.15427498451702037,FALSE
P15880,RPS2,blue,0.42348835463391554,0.050678441112895385,FALSE
P16152,CBR1,blue,0.6649588987616348,0.2262731251123152,FALSE
P17655,CAPN2,blue,0.6706960414744113,0.23203688256421962,FALSE
P17931,LGALS3,blue,0.4400430498061877,0.05359640783309242,FALSE
P17987,TCP1,blue,0.6611517742758025,0.1658358499116614,FALSE
P18206,VCL,blue,0.4730859078714381,0.18029544649371904,FALSE
P20810,CAST,blue,0.5194254700468559,0.24271419850477413,FALSE
P21291,CSRP1,blue,0.465403423594165,0.33598094185410005,FALSE
P21333,FLNA,blue,0.7293042702638873,0.14736360056588038,TRUE
P22102,GART,blue,0.4743442186885561,0.28426818596548425,FALSE
P23327,HRC,blue,0.6283464734742571,0.35072619372970226,FALSE
P24534,EEF1B2,blue,0.5991042392605345,0.16750167616914075,FALSE
P26038,MSN,blue,0.8915197345721642,0.11322221547780033,TRUE
P26447,S100A4,blue,0.6685518381378989,0.1906763400749318,FALSE
P26639,TARS1,blue,0.4581375365321521,0.07433731619902964,FALSE
P26640,VARS1,blue,0.6819002629382972,0.2223803008494196,FALSE
P26641,EEF1G,blue,0.6927999969752777,0.20966640895934552,FALSE
P27816,MAP4,blue,0.6051548574782372,0.2658498416376137,FALSE
P27824,CANX,blue,0.5362865910946301,0.12179803842457515,FALSE
P29692,EEF1D,blue,0.6898674398286424,0.08857070494641467,FALSE
P29966,MARCKS,blue,0.3687764435976454,0.16109611266126864,FALSE
P30101,PDIA3,blue,0.4996803729444178,0.13861674411900105,FALSE
P30153,PPP2R1A,blue,0.3410679663584218,0.08381990434612907,FALSE
P30622,CLIP1,blue,0.4953834361346852,0.24144024972687386,FALSE
P30837,ALDH1B1,blue,0.7198122834324018,0.20935214265217092,TRUE
P31689,DNAJA1,blue,0.31596348931886586,0.06367873242991598,FALSE
P31939,ATIC,blue,0.6088504832748267,0.023145612289669906,FALSE
P31949,S100A11,blue,0.44056525605228225,0.08600528581286901,FALSE
P32456,GBP2,blue,0.322837682349801,0.1080039371611583,FALSE
P33176,KIF5B,blue,0.41298834680493773,0.09659964048116489,FALSE
P34932,HSPA4,blue,0.5589171722557097,0.17271384760269004,FALSE
P35080,PFN2,blue,0.6974837888332511,0.24225946967571338,FALSE
P35606,COPB2,blue,0.3878702228995912,0.4327658049522021,FALSE
P35998,PSMC2,blue,0.7369174341969414,0.18715021830329825,TRUE
P39687,ANP32A,blue,0.36020759426194493,0.30900526544596174,FALSE
P40121,CAPG,blue,0.3886834197565935,0.07530777213197115,FALSE
P40227,CCT6A,blue,0.7011665015140823,0.34537384935290893,FALSE
P41227,NAA10,blue,0.6467361538284898,0.008487054030335159,FALSE
P42330,AKR1C3,blue,0.6016480578681359,0.017623982803736008,FALSE
P42677,RPS27,blue,0.4666348245295939,0.025755063124074436,FALSE
P43686,PSMC4,blue,0.6289439584486985,0.20928425819126892,FALSE
P45974,USP5,blue,0.7405614071086093,0.19193607258553333,TRUE
P46379,BAG6,blue,0.2980519467568899,0.17074657135956,FALSE
P46976,GYG1,blue,0.41890526364265523,0.14267437463595845,FALSE
P48444,ARCN1,blue,0.38764276882947196,0.1057173525273846,FALSE
P48556,PSMD8,blue,0.5225572888764888,0.1985076330693407,FALSE
P48643,CCT5,blue,0.8042365835627233,0.014136651102220822,TRUE
P48681,NES,blue,0.5855257630650311,0.18833790878233586,FALSE
P49368,CCT3,blue,0.6906969181574986,0.057635874235927836,FALSE
P49591,SARS1,blue,0.5388029825976034,0.02575436737686769,FALSE
P50454,SERPINH1,blue,0.39486627272888303,0.060887312385418946,FALSE
P50461,CSRP3,blue,0.6898978690701403,0.09271652369845683,FALSE
P50990,CCT8,blue,0.7430447342571532,0.007685453705982777,TRUE
P50991,CCT4,blue,0.6842307189203761,0.10987363025533654,FALSE
P51572,BCAP31,blue,0.5862286909295682,0.3471505607750166,FALSE
P51665,PSMD7,blue,0.4529885810908346,0.4544669929001745,FALSE
P52294,KPNA1,blue,0.5255361728170506,0.1882899452838977,FALSE
P52895,AKR1C2,blue,0.3122870022464196,0.062342228211496875,FALSE
P53621,COPA,blue,0.39664224778517077,0.04280846729396681,FALSE
P54136,RARS1,blue,0.5066583478564358,0.3003019346342643,FALSE
P54619,PRKAG1,blue,0.44313081001869387,0.11943690675449375,FALSE
P54646,PRKAA2,blue,0.3671766728215874,0.06260351623146149,FALSE
P54652,HSPA2,blue,0.40222280891249645,0.1312773596479616,FALSE
P55036,PSMD4,blue,0.6571925175938464,0.3001253549067155,FALSE
P55042,RRAD,blue,0.44356464302687837,0.035490523221264,FALSE
P55072,VCP,blue,0.7505870774174757,0.08417885093530911,TRUE
P55209,NAP1L1,blue,0.6107733134478052,0.17693211655751784,FALSE
P55327,TPD52,blue,0.3593402933205798,0.16457639947278224,FALSE
P56211,ARPP19,blue,0.3696728260399546,0.11168961314988135,FALSE
P61026,RAB10,blue,0.38173860331409176,0.21426181209686535,FALSE
P61221,ABCE1,blue,0.436769154914366,0.24478268807162262,FALSE
P61224,RAP1B,blue,0.388233028853185,0.20048362851314266,FALSE
P61619,SEC61A1,blue,0.37599909332196085,0.1200193912700664,FALSE
P62280,RPS11,blue,0.6469830074354815,0.11341415842809473,FALSE
P62495,ETF1,blue,0.4657488776922968,0.18454521312005864,FALSE
P62826,RAN,blue,0.4194890015266622,0.10737739758294117,FALSE
P63010,AP2B1,blue,0.4419570644990515,0.009435973879968411,FALSE
P63172,DYNLT1,blue,0.627291804502935,0.1305694894533155,FALSE
P67870,CSNK2B,blue,0.4197769549785778,0.06471332087900301,FALSE
P68363,TUBA1B,blue,0.7893019915459578,0.09845089799401645,TRUE
P68366,TUBA4A,blue,0.6360212615731287,0.22803694055040588,FALSE
P68371,TUBB4B,blue,0.6640422211333112,0.1741592181796624,FALSE
P78371,CCT2,blue,0.6808141749435503,0.13175811921689046,FALSE
Q00610,CLTC,blue,0.7272274737377638,0.1034907196204652,TRUE
Q00765,REEP5,blue,0.87463964992307,0.220330479676342,TRUE
Q01082,SPTBN1,blue,0.3682419168304609,0.006539922507294384,FALSE
Q02952,AKAP12,blue,0.32106652769211463,0.16649928240755058,FALSE
Q04446,GBE1,blue,0.621109153790812,0.14602014813086933,FALSE
Q04828,AKR1C1,blue,0.595742451648115,0.2889945597071683,FALSE
Q04917,YWHAH,blue,0.29924944444847046,0.2591606280512361,FALSE
Q06323,PSME1,blue,0.5934435707449225,0.07847467546864702,FALSE
Q07065,CKAP4,blue,0.5194104972309365,0.022629412553763783,FALSE
Q07866,KLC1,blue,0.427032204424889,0.16147215495293293,FALSE
Q07960,ARHGAP1,blue,0.6805660730975117,0.37685373812974776,FALSE
Q10567,AP1B1,blue,0.4018454145539278,0.2265046032218192,FALSE
Q12988,HSPB3,blue,0.5801482032217334,0.19133208732084855,FALSE
Q13033,STRN3,blue,0.40651092026385943,0.039445595207494286,FALSE
Q13085,ACACA,blue,0.5304653786146561,0.12329112669095225,FALSE
Q13409,DYNC1I2,blue,0.7138286795633684,0.021093184864044927,FALSE
Q13445,TMED1,blue,0.4976598793547826,0.22510447585098178,FALSE
Q13642,FHL1,blue,0.46540749075793103,0.0298909423895173,FALSE
Q13813,SPTAN1,blue,0.5114962842412849,0.10247933315398804,FALSE
Q13885,TUBB2A,blue,0.5158181926431434,0.019227293477282432,FALSE
Q14116,IL18,blue,0.5223376698982134,0.2877060473282365,FALSE
Q14203,DCTN1,blue,0.40514199743691787,0.17169871916899332,FALSE
Q14204,DYNC1H1,blue,0.841060002216989,0.1448584269979051,TRUE
Q14232,EIF2B1,blue,0.7272178858995341,0.4063645281619118,TRUE
Q14315,FLNC,blue,0.7376357623223035,0.16368873690866026,TRUE
Q14677,CLINT1,blue,0.3388466011079482,0.3134167088979537,FALSE
Q14697,GANAB,blue,0.4275675899268403,0.2173517363590448,FALSE
Q14974,KPNB1,blue,0.7987269070977445,0.32279116823114934,TRUE
Q14997,PSME4,blue,0.6061689868843803,0.06683122773944207,FALSE
Q14BN4,SLMAP,blue,0.6648091639007386,0.09491893344907794,FALSE
Q15075,EEA1,blue,0.6519879189629124,0.04301278155855101,FALSE
Q15121,PEA15,blue,0.4468223816648094,0.11260668796273092,FALSE
Q15276,RABEP1,blue,0.5113974150282642,0.05752451981427356,FALSE
Q15691,MAPRE1,blue,0.5648919161242297,0.2927678139837565,FALSE
Q16082,HSPB2,blue,0.7446300204085128,0.166135208843061,TRUE
Q16531,DDB1,blue,0.5545203750272977,0.030900860131262645,FALSE
Q16851,UGP2,blue,0.47393333939364773,0.1725113982377414,FALSE
Q2TBA0,KLHL40,blue,0.6763788450294967,0.042340886487937726,FALSE
Q53GG5,PDLIM3,blue,0.6277009494780335,0.20825743775024716,FALSE
Q5BKX8,CAVIN4,blue,0.31328154433945726,0.10672027257478474,FALSE
Q5T4S7,UBR4,blue,0.3808671336781536,0.06270200236649393,FALSE
Q5VYK3,ECPAS,blue,0.6144327978542853,0.09200009743397725,FALSE
Q6ZMU5,TRIM72,blue,0.5137479794777732,0.19852094824272895,FALSE
Q7Z4G1,COMMD6,blue,0.5516213500906458,0.13246851593458375,FALSE
Q86UE4,MTDH,blue,0.5669927454937531,0.0929448741385772,FALSE
Q86UP2,KTN1,blue,0.6288683095695641,0.2372874798720988,FALSE
Q86VF7,NRAP,blue,0.6738765108166512,0.0395498575728378,FALSE
Q86VP6,CAND1,blue,0.34857747067190514,0.220030999890085,FALSE
Q86VX2,COMMD7,blue,0.4037384103165518,0.07050092547567383,FALSE
Q8IUZ5,PHYKPL,blue,0.46970031477956964,0.19919348475499588,FALSE
Q8IVN3,MUSTN1,blue,0.48519394441035174,0.24810659281962558,FALSE
Q8IWX7,UNC45B,blue,0.4042638937081968,0.006533944603940226,FALSE
Q8N3D4,EHBP1L1,blue,0.7027621483349017,0.1900256349966617,FALSE
Q8NBF2,NHLRC2,blue,0.3564659745482744,0.329078624164999,FALSE
Q8NBS9,TXNDC5,blue,0.47827858789028155,0.24586856678582975,FALSE
Q8NCA5,FAM98A,blue,0.4064868652810128,0.291034950693667,FALSE
Q8TC12,RDH11,blue,0.5399299890094279,0.1613048830401108,FALSE
Q8TD19,NEK9,blue,0.6029892294339072,0.22120430558674498,FALSE
Q8WW22,DNAJA4,blue,0.5767958874132693,0.009355749149396972,FALSE
Q92616,GCN1,blue,0.7076769390090619,0.27066487008194473,FALSE
Q92973,TNPO1,blue,0.7279219052702097,0.27492349323883347,TRUE
Q93008,USP9X,blue,0.48007608749747127,0.10357483801072687,FALSE
Q96CW1,AP2M1,blue,0.5153991224360562,0.179326499053148,FALSE
Q96FQ6,S100A16,blue,0.6362426093158003,0.4392739950906371,FALSE
Q96HE7,ERO1A,blue,0.4516038063538048,0.04694420452447423,FALSE
Q96HN2,AHCYL2,blue,0.34860137684198755,0.0038214301376542645,FALSE
Q96K17,BTF3L4,blue,0.33207284115512903,0.262205005656294,FALSE
Q96L96,ALPK3,blue,0.5931891876891114,0.18439956245761244,FALSE
Q96MG2,JSRP1,blue,0.3878715490470163,0.16068585046993045,FALSE
Q99426,TBCB,blue,0.40939648465939876,0.1449590577372717,FALSE
Q99536,VAT1,blue,0.4166232561516505,0.005692125850827225,FALSE
Q99584,S100A13,blue,0.7761613266713199,0.08109495044984089,TRUE
Q99613,EIF3C,blue,0.49057131560187733,0.29697259418757943,FALSE
Q99832,CCT7,blue,0.7588994339897649,0.0034715867727464858,TRUE
Q9BQE5,APOL2,blue,0.5750266415939788,0.03861026842004206,FALSE
Q9BTE1,DCTN5,blue,0.3825061116681955,0.009744232134620867,FALSE
Q9BTV4,TMEM43,blue,0.5905893991805559,0.19394882643220024,FALSE
Q9BUF5,TUBB6,blue,0.6523397686603422,0.035947079881556106,FALSE
Q9BXB4,OSBPL11,blue,0.4913867354636518,0.21934172221217338,FALSE
Q9C0C9,UBE2O,blue,0.4370076980556862,0.31895350052941124,FALSE
Q9GZV1,ANKRD2,blue,0.6432055876107334,0.07688699157280533,FALSE
Q9H2G2,SLK,blue,0.47801292395549455,0.30822892960190346,FALSE
Q9H4G4,GLIPR2,blue,0.47398438122611397,0.11673410578905875,FALSE
Q9HB71,CACYBP,blue,0.31589053758084235,0.3027063118641283,FALSE
Q9HDC9,APMAP,blue,0.5689403180769972,0.3516244101033515,FALSE
Q9NP72,RAB18,blue,0.31853055015560794,0.11404748716206052,FALSE
Q9NSD9,FARSB,blue,0.6778241019988634,0.17425074806304236,FALSE
Q9NY33,DPP3,blue,0.3231417457539707,0.08376628724882035,FALSE
Q9NZB2,FAM120A,blue,0.6121687551187677,0.17264585830589316,FALSE
Q9NZU5,LMCD1,blue,0.4629042884586601,0.18071949461544404,FALSE
Q9P003,CNIH4,blue,0.4892061240378542,0.353745134073052,FALSE
Q9P2J5,LARS1,blue,0.5702196549000603,0.10337974545414758,FALSE
Q9UBI6,GNG12,blue,0.4417943991128398,0.05700654986780458,FALSE
Q9UBY9,HSPB7,blue,0.7190795384634892,0.02167042821915278,FALSE
Q9UDT6,CLIP2,blue,0.386666773209425,0.08453759271877907,FALSE
Q9UHP9,SMPX,blue,0.5021591866429316,0.10783222843649001,FALSE
Q9UHQ4,BCAP29,blue,0.34715872084039084,0.14341098220941478,FALSE
Q9UJW0,DCTN4,blue,0.30319228676303644,0.06437135042639407,FALSE
Q9UK76,JPT1,blue,0.542215421188077,0.08862562498529046,FALSE
Q9UL46,PSME2,blue,0.6783908516948299,0.00892658891631688,FALSE
Q9ULC4,MCTS1,blue,0.3987551404993706,0.01531147379171653,FALSE
Q9UNM6,PSMD13,blue,0.622974355640202,0.24272927896932933,FALSE
Q9UPY8,MAPRE3,blue,0.5878530852605313,0.1936562237811055,FALSE
Q9Y266,NUDC,blue,0.32733029794939333,0.1063172529091169,FALSE
Q9Y285,FARSA,blue,0.49440326662538436,0.437132741686022,FALSE
Q9Y2J8,PADI2,blue,0.3905205333502486,0.23556264175645222,FALSE
Q9Y316,MEMO1,blue,0.40295282693288526,0.19051492063511002,FALSE
Q9Y394,DHRS7,blue,0.5688732249623719,0.1316262316164502,FALSE
Q9Y3A3,MOB4,blue,0.7053722463508693,0.40379878433578714,FALSE
Q9Y4L1,HYOU1,blue,0.5462300019797063,0.10005702001015063,FALSE
Q9Y696,CLIC4,blue,0.7213018610927804,0.1996497349989917,TRUE
Q9Y6G9,DYNC1LI1,blue,0.6410616780928197,0.057395639707241264,FALSE
Q9Y6Y8,SEC23IP,blue,0.4553129339903264,0.4132410778245506,FALSE
A2RTX5,TARS3,turquoise,0.42686623595071993,0.2681567647382489,FALSE
A3KMH1,VWA8,turquoise,0.5961980770154495,0.3388786579274785,FALSE
O00151,PDLIM1,turquoise,0.6118557357502611,0.1845260139500192,FALSE
O00159,MYO1C,turquoise,0.3796756221030475,0.01829710219721693,FALSE
O00429,DNM1L,turquoise,0.5341729208098218,0.015937698971812197,FALSE
O00442,RTCA,turquoise,0.32542213149670723,0.14303362322359509,FALSE
O00748,CES2,turquoise,0.4832421784338515,0.28578163272442025,FALSE
O14841,OPLAH,turquoise,0.7314305862498842,0.26564484543798866,FALSE
O14950,MYL12B,turquoise,0.4016712054312969,0.01546947160720073,FALSE
O15382,BCAT2,turquoise,0.5741261994373338,0.0016997593234839381,FALSE
O43488,AKR7A2,turquoise,0.7238504073837372,0.11203724937247726,FALSE
O43615,TIMM44,turquoise,0.7288099705340603,0.17881345143406965,FALSE
O43684,BUB3,turquoise,0.4636911802716159,0.3052512962593852,FALSE
O43765,SGTA,turquoise,0.4604465720742881,0.184463502286756,FALSE
O43772,SLC25A20,turquoise,0.6733631667141379,0.09575095014021924,FALSE
O43837,IDH3B,turquoise,0.4294768903091578,0.0831329622587686,FALSE
O60313,OPA1,turquoise,0.5334933817553716,0.2681892683145657,FALSE
O75208,COQ9,turquoise,0.5901984111589782,0.15580653238788958,FALSE
O75323,NIPSNAP2,turquoise,0.5066860559614469,0.0581824304070585,FALSE
O75347,TBCA,turquoise,0.3870395777258643,0.0967829201055259,FALSE
O75390,CS,turquoise,0.7734780260330322,0.04808345390227185,TRUE
O75521,ECI2,turquoise,0.6575882792414481,0.22032531182649834,FALSE
O95202,LETM1,turquoise,0.7236498639074035,0.06208653347049834,FALSE
O95218,ZRANB2,turquoise,0.3134182198686538,0.04940989083058211,FALSE
O95336,PGLS,turquoise,0.5000074328790823,0.1503501771315478,FALSE
O95433,AHSA1,turquoise,0.3026119470186185,0.09196481476787062,FALSE
O95822,MLYCD,turquoise,0.8166291782559596,0.22222940803311142,TRUE
O95870,ABHD16A,turquoise,0.40521404661985366,0.45889230111635515,FALSE
O95989,NUDT3,turquoise,0.34928802724092767,0.20576469112264978,FALSE
O96011,PEX11B,turquoise,0.39726234719602205,0.09208661992154371,FALSE
P00167,CYB5A,turquoise,0.4741924993333148,0.011135147651697833,FALSE
P00367,GLUD1,turquoise,0.349355911249034,0.0957032046485508,FALSE
P00505,GOT2,turquoise,0.8363093991652141,0.14745089065067482,TRUE
P00966,ASS1,turquoise,0.3818320505634684,0.11388575464639991,FALSE
P01889,HLA-B,turquoise,0.5071430413167356,0.11142620486091517,FALSE
P02144,MB,turquoise,0.5112639714079145,0.0013789589086458183,FALSE
P02750,LRG1,turquoise,0.44147275854611545,0.3274047545810077,FALSE
P02753,RBP4,turquoise,0.3416832314088084,0.09183421917279139,FALSE
P02766,TTR,turquoise,0.3843269731065639,0.08313579269879658,FALSE
P04080,CSTB,turquoise,0.41558466155134655,0.3410875108953521,FALSE
P04179,SOD2,turquoise,0.6298379716033161,0.23577520377066344,FALSE
P04439,HLA-A,turquoise,0.4407358076808003,0.2162737001563266,FALSE
P05091,ALDH2,turquoise,0.3299583512434445,0.009128159629793305,FALSE
P05165,PCCA,turquoise,0.698269536390124,0.12510972122671915,FALSE
P05166,PCCB,turquoise,0.7755071559166213,0.03366885101261682,TRUE
P05413,FABP3,turquoise,0.5306765639189108,0.1521904580148986,FALSE
P05556,ITGB1,turquoise,0.3325668341926791,0.07155935512227245,FALSE
P06454,PTMA,turquoise,0.4464930334422165,0.065786911117344,FALSE
P06732,CKM,turquoise,0.29946051421881786,0.06752029686419053,FALSE
P07195,LDHB,turquoise,0.4917544908335686,0.025227759765534565,FALSE
P07203,GPX1,turquoise,0.3581710222917432,0.2768938919812381,FALSE
P07339,CTSD,turquoise,0.4125517671518372,0.4314244524948341,FALSE
P07451,CA3,turquoise,0.4615149325946474,0.0641478925516962,FALSE
P07602,PSAP,turquoise,0.46972244534718605,0.2851224373901361,FALSE
P07858,CTSB,turquoise,0.6216253996859084,0.244363104475234,FALSE
P07954,FH,turquoise,0.8262743845287849,0.12493555483330575,TRUE
P09110,ACAA1,turquoise,0.41928165957838426,0.3205877123893441,FALSE
P09429,HMGB1,turquoise,0.37114577204683136,0.3740135266687228,FALSE
P09525,ANXA4,turquoise,0.2933454575074854,0.2582992854463351,FALSE
P10109,FDX1,turquoise,0.364496203132754,0.044399530886206885,FALSE
P10253,GAA,turquoise,0.5329992590550178,0.16792280291702555,FALSE
P10809,HSPD1,turquoise,0.7315852356645308,0.10188419398267057,FALSE
P10909,CLU,turquoise,0.3236281529455723,0.0864836352681387,FALSE
P11182,DBT,turquoise,0.49097433671314744,0.36203114577781564,FALSE
P11279,LAMP1,turquoise,0.29619919542432105,0.022051908222529754,FALSE
P11310,ACADM,turquoise,0.7299442135098082,0.09237298094421688,FALSE
P12277,CKB,turquoise,0.4891107200511394,0.279071628793985,FALSE
P12956,XRCC6,turquoise,0.3093914114428395,0.2979040866020031,FALSE
P13164,IFITM1,turquoise,0.3402266769093472,0.07615639665114181,FALSE
P13473,LAMP2,turquoise,0.30487160860215706,0.006711304131192331,FALSE
P13667,PDIA4,turquoise,0.30008823275492175,0.02509904923794503,FALSE
P13797,PLS3,turquoise,0.6166877281006745,0.4108381855140195,FALSE
P13804,ETFA,turquoise,0.89856224876661,0.11065795856202564,TRUE
P15090,FABP4,turquoise,0.536453704258513,0.2574707740177185,FALSE
P15531,NME1,turquoise,0.3180563109375973,0.29118751919706753,FALSE
P16219,ACADS,turquoise,0.5194996799321286,0.11507411094301016,FALSE
P16930,FAH,turquoise,0.4202371336189116,0.15791618029343638,FALSE
P17174,GOT1,turquoise,0.6043051860052727,0.005791220803318979,FALSE
P17540,CKMT2,turquoise,0.7282507775668479,0.11279954713232083,FALSE
P20231,TPSB2,turquoise,0.4490481807803355,0.4168966644858236,FALSE
P21397,MAOA,turquoise,0.7405909448904753,0.17072032020896294,TRUE
P21399,ACO1,turquoise,0.3900961138261052,0.28459593752913814,FALSE
P21912,SDHB,turquoise,0.6790099249126569,0.02994942691794589,FALSE
P22033,MMUT,turquoise,0.5475390073883544,0.4143372025489676,FALSE
P22830,FECH,turquoise,0.440658047552517,0.15158131415566226,FALSE
P23786,CPT2,turquoise,0.715375237039165,0.037218568634496615,FALSE
P24298,GPT,turquoise,0.6538222895228031,0.02297283960478544,FALSE
P24752,ACAT1,turquoise,0.7687149234449162,0.34588153687499784,TRUE
P25311,AZGP1,turquoise,0.3449673740978176,0.028973592338378307,FALSE
P25325,MPST,turquoise,0.3286862080453818,0.2759334208113751,FALSE
P26440,IVD,turquoise,0.6429791225058283,0.019602069006590193,FALSE
P26583,HMGB2,turquoise,0.627154651630791,0.2103663010329124,FALSE
P27338,MAOB,turquoise,0.7327982731537962,0.166420368660059,FALSE
P27348,YWHAQ,turquoise,0.45743295513917087,0.06727110168472765,FALSE
P27695,APEX1,turquoise,0.34717711074605256,0.24240126349837554,FALSE
P30038,ALDH4A1,turquoise,0.6329167609564149,0.18667578843518823,FALSE
P30084,ECHS1,turquoise,0.7469682958534359,0.22736975435355591,TRUE
P30405,PPIF,turquoise,0.8123842891136477,0.17650312003689547,TRUE
P30533,LRPAP1,turquoise,0.429827064124742,0.25866003293090434,FALSE
P30626,SRI,turquoise,0.34831570369878134,0.1564399584555152,FALSE
P31040,SDHA,turquoise,0.6347458553282864,0.30946535134756425,FALSE
P31937,HIBADH,turquoise,0.6961551283773185,0.13473408090120828,FALSE
P33121,ACSL1,turquoise,0.7536998470295028,0.16420326514307337,TRUE
P34897,SHMT2,turquoise,0.43308523156729223,0.03366872922782912,FALSE
P35813,PPM1A,turquoise,0.4189840639565,0.012071888848995906,FALSE
P35914,HMGCL,turquoise,0.8404054247426861,0.2240031111321314,TRUE
P36776,LONP1,turquoise,0.7484551349008212,0.21238573557863183,TRUE
P36957,DLST,turquoise,0.5059152790172629,0.014275519010845276,FALSE
P37802,TAGLN2,turquoise,0.42217834873246846,0.12510507936276227,FALSE
P38117,ETFB,turquoise,0.9264193971250836,0.07419906126618496,TRUE
P38646,HSPA9,turquoise,0.4439644297834645,0.04621436202223091,FALSE
P40925,MDH1,turquoise,0.6068559140197062,0.03309826094131856,FALSE
P40926,MDH2,turquoise,0.5891232560486781,0.11441911025039296,FALSE
P40939,HADHA,turquoise,0.7028445365028178,0.39280372555899135,FALSE
P42126,ECI1,turquoise,0.7324762585578557,0.13367569225218257,FALSE
P42765,ACAA2,turquoise,0.7950193932156435,0.0726880366098444,TRUE
P43155,CRAT,turquoise,0.9012034245605306,0.09596181636865003,TRUE
P43897,TSFM,turquoise,0.3393064269935929,0.1903003142081008,FALSE
P45381,ASPA,turquoise,0.3584470499680626,0.0642215019162303,FALSE
P45954,ACADSB,turquoise,0.5691034339427855,0.33583226422490065,FALSE
P48059,LIMS1,turquoise,0.38989320525397586,0.024690833493374295,FALSE
P48449,LSS,turquoise,0.5078100666546862,0.2629868850123473,FALSE
P48735,IDH2,turquoise,0.9099973207891433,0.07504842723353179,TRUE
P49023,PXN,turquoise,0.31456394893102185,0.26193908371213,FALSE
P49406,MRPL19,turquoise,0.5059005376104914,0.07838685412386033,FALSE
P49411,TUFM,turquoise,0.452622900804455,0.04284312850025751,FALSE
P49419,ALDH7A1,turquoise,0.3490677861331174,0.0415261107987879,FALSE
P49748,ACADVL,turquoise,0.7803692171072955,0.1545235266515859,TRUE
P49753,ACOT2,turquoise,0.5055391868341071,0.002755666440003575,FALSE
P49840,GSK3A,turquoise,0.33649626591264564,0.0321692236755203,FALSE
P50213,IDH3A,turquoise,0.4510455480641697,0.0520476390105487,FALSE
P50225,SULT1A1,turquoise,0.3225456131914443,0.2641134640488118,FALSE
P51553,IDH3G,turquoise,0.49032832981451,0.04800479470694181,FALSE
P51570,GALK1,turquoise,0.3304200585756507,0.1998582462302459,FALSE
P51649,ALDH5A1,turquoise,0.9028648367936312,0.08232486183264166,TRUE
P51687,SUOX,turquoise,0.6972927156988041,0.3298403128266402,FALSE
P52564,MAP2K6,turquoise,0.5601584077289103,0.23389712949823888,FALSE
P52566,ARHGDIB,turquoise,0.5926655401912733,0.24442590871966538,FALSE
P52815,MRPL12,turquoise,0.5436477246517039,0.15276298319684437,FALSE
P53041,PPP5C,turquoise,0.4105577959266812,0.015115237382600528,FALSE
P53597,SUCLG1,turquoise,0.7424222344089809,0.031723194229042725,TRUE
P53701,HCCS,turquoise,0.6237695156658638,0.36448691328891947,FALSE
P53804,TTC3,turquoise,0.716372226876732,0.06169004901192962,FALSE
P53985,SLC16A1,turquoise,0.43176997519736354,0.21785736643964249,FALSE
P53992,SEC24C,turquoise,0.3362119702157598,0.3053051742491976,FALSE
P54727,RAD23B,turquoise,0.3046397654677913,0.010011605495940261,FALSE
P54819,AK2,turquoise,0.5576968281492933,0.07155997728758191,FALSE
P55084,HADHB,turquoise,0.7940940831696129,0.27252830218529145,TRUE
P59666,DEFA3,turquoise,0.3919205626333788,0.25993807963190396,FALSE
P60953,CDC42,turquoise,0.47725661656843005,0.31250752900155604,FALSE
P61086,UBE2K,turquoise,0.5044298507738242,0.04636596262780423,FALSE
P61158,ACTR3,turquoise,0.3124068463960454,0.4180289674703868,FALSE
P61160,ACTR2,turquoise,0.383044985565965,0.23106743367088386,FALSE
P61604,HSPE1,turquoise,0.36341215850574893,0.21502814024418127,FALSE
P61916,NPC2,turquoise,0.37679393073973555,0.2823340484293131,FALSE
P62072,TIMM10,turquoise,0.5773997681357562,0.20738053902838033,FALSE
P63104,YWHAZ,turquoise,0.4084470417714801,0.13348249690721095,FALSE
P63167,DYNLL1,turquoise,0.3821035309053781,0.25616614456286385,FALSE
P63279,UBE2I,turquoise,0.2942322017526573,0.0483847539850213,FALSE
P67936,TPM4,turquoise,0.49717538861013183,0.09535555278503026,FALSE
P78417,GSTO1,turquoise,0.3859729051127322,0.046902451112572394,FALSE
P78527,PRKDC,turquoise,0.37201655863183036,0.041165166156076696,FALSE
P82909,MRPS36,turquoise,0.537435695794182,0.1516449482663799,FALSE
P84095,RHOG,turquoise,0.307958684258849,0.027844775910452292,FALSE
Q00059,TFAM,turquoise,0.6097122866750767,0.2162895696314647,FALSE
Q00G26,PLIN5,turquoise,0.515007689569443,0.12520690036039092,FALSE
Q01085,TIAL1,turquoise,0.5083057584232173,0.09379153350414018,FALSE
Q01469,FABP5,turquoise,0.38425301725051997,0.25031546935819743,FALSE
Q01518,CAP1,turquoise,0.5131718483277,0.19736387422439933,FALSE
Q01844,EWSR1,turquoise,0.3089135868579567,0.3020353013980589,FALSE
Q02252,ALDH6A1,turquoise,0.6055966405112106,0.2448438227084622,FALSE
Q02338,BDH1,turquoise,0.49697929566775007,0.2021419537998921,FALSE
Q02790,FKBP4,turquoise,0.34918077696049604,0.06865687339630658,FALSE
Q08752,PPID,turquoise,0.3092681799010159,0.05596536680290188,FALSE
Q12931,TRAP1,turquoise,0.60359291261641,0.04393977549079364,FALSE
Q13011,ECH1,turquoise,0.7383857860247739,0.11669300477968378,FALSE
Q13148,TARDBP,turquoise,0.37425512230334046,0.17510183663010714,FALSE
Q13228,SELENBP1,turquoise,0.41292630712190437,0.1309164506346723,FALSE
Q13423,NNT,turquoise,0.6796083681753374,0.026597316870186127,FALSE
Q13435,SF3B2,turquoise,0.49227848426757825,0.41225098860943354,FALSE
Q13451,FKBP5,turquoise,0.2940731878247534,0.46902402441722507,FALSE
Q13510,ASAH1,turquoise,0.6230553494202599,0.1622052185611118,FALSE
Q13564,NAE1,turquoise,0.34702514716428556,0.07222625354531713,FALSE
Q13619,CUL4A,turquoise,0.30081240180692187,0.09502832557040634,FALSE
Q13907,IDI1,turquoise,0.6673161144580428,0.3436627035674559,FALSE
Q14195,DPYSL3,turquoise,0.3487979412890863,0.08961899412719244,FALSE
Q14767,LTBP3,turquoise,0.3187115538522653,5.545830534053765e-4,FALSE
Q15119,PDK2,turquoise,0.3437360456511066,0.03199205954310321,FALSE
Q15181,PPA1,turquoise,0.4219862568193801,0.15850632007170246,FALSE
Q15404,RSU1,turquoise,0.3806139904826193,0.06503620771131535,FALSE
Q15848,ADIPOQ,turquoise,0.3179572462398716,0.11421167654633192,FALSE
Q16134,ETFDH,turquoise,0.5794185661265946,0.30106901529633184,FALSE
Q16543,CDC37,turquoise,0.6127894201752302,0.09929910657336191,FALSE
Q16555,DPYSL2,turquoise,0.47128462979819025,0.1421858968322235,FALSE
Q16595,FXN,turquoise,0.8049950238266893,0.1148722730799052,TRUE
Q16698,DECR1,turquoise,0.6643271400410311,0.04804368451511084,FALSE
Q16762,TST,turquoise,0.8634606491079786,0.09402762896465873,TRUE
Q16836,HADH,turquoise,0.7507774580086215,0.09016460675881294,TRUE
Q3LXA3,TKFC,turquoise,0.3330986529874146,0.15046352873318564,FALSE
Q3ZCQ8,TIMM50,turquoise,0.7188449619259837,0.13927508109643916,FALSE
Q4G0N4,NADK2,turquoise,0.6191373614004633,0.010934505941344921,FALSE
Q53GQ0,HSD17B12,turquoise,0.3714030603384689,0.04906399361853636,FALSE
Q53H82,LACTB2,turquoise,0.4069201444808789,0.22465472153299548,FALSE
Q5HYK3,COQ5,turquoise,0.7763040284343592,0.21431421007556792,TRUE
Q5T440,IBA57,turquoise,0.7293535465628758,0.20724127147440163,FALSE
Q5U5X0,LYRM7,turquoise,0.37556316615442004,0.02979858721423324,FALSE
Q6DKJ4,NXN,turquoise,0.3729139882518922,0.28222364668438127,FALSE
Q6IAA8,LAMTOR1,turquoise,0.3927666102486708,0.14564948128983435,FALSE
Q6NVY1,HIBCH,turquoise,0.5195208097023394,0.10610137116951801,FALSE
Q6P587,FAHD1,turquoise,0.6795901018450401,0.005717210968406613,FALSE
Q6PCB7,SLC27A1,turquoise,0.4848679386430934,0.030833412336715185,FALSE
Q6UWP2,DHRS11,turquoise,0.46031371843501906,0.013542612484849859,FALSE
Q6UXV4,APOOL,turquoise,0.3426850913397063,0.0700117582972272,FALSE
Q6YN16,HSDL2,turquoise,0.7365197089668215,0.22294043106794814,FALSE
Q7L0Y3,TRMT10C,turquoise,0.7130554601373565,0.17718873919104924,FALSE
Q7Z2K6,ERMP1,turquoise,0.4959060733339786,0.1554911090308947,FALSE
Q7Z3D6,DGLUCY,turquoise,0.42114071979813633,0.03105811567666564,FALSE
Q7Z434,MAVS,turquoise,0.4575810240253456,0.13240794384748455,FALSE
Q7Z4W1,DCXR,turquoise,0.6688447025160195,0.0955858342334943,FALSE
Q86SX6,GLRX5,turquoise,0.534788595773574,0.04876013139593538,FALSE
Q86U28,ISCA2,turquoise,0.6446758780961203,0.08044675418853561,FALSE
Q86YB7,ECHDC2,turquoise,0.5711217609408634,0.03913756630813249,FALSE
Q8IW45,NAXD,turquoise,0.5697504379707267,0.19366038567843477,FALSE
Q8IWL3,HSCB,turquoise,0.3235474080542787,0.22703850327202293,FALSE
Q8IWW8,ADHFE1,turquoise,0.5586708137318532,0.053813434359820965,FALSE
Q8IXL7,MSRB3,turquoise,0.31876309598447133,0.04218435071352134,FALSE
Q8N0U4,FAM185A,turquoise,0.550171807129471,0.1008060595022273,FALSE
Q8N183,NDUFAF2,turquoise,0.6675317072085408,0.012544135202031693,FALSE
Q8N335,GPD1L,turquoise,0.6525105444765775,0.2439391002375339,FALSE
Q8N4Q1,CHCHD4,turquoise,0.513338523241805,0.38023503291501093,FALSE
Q8N4T8,CBR4,turquoise,0.740345666447696,0.13091467057490425,FALSE
Q8N5M1,ATPAF2,turquoise,0.6502216642060983,0.31445312820250765,FALSE
Q8NBN7,RDH13,turquoise,0.3374222844907954,0.054247943817740764,FALSE
Q8NBX0,SCCPDH,turquoise,0.3675702850195622,0.05728311292095081,FALSE
Q8NCN5,PDPR,turquoise,0.3562788884276236,0.1227255117912315,FALSE
Q8NCW5,NAXE,turquoise,0.4360177506421477,0.017734843380778426,FALSE
Q8NE62,CHDH,turquoise,0.5565047558521226,0.023437725576133234,FALSE
Q8NFV4,ABHD11,turquoise,0.6737428929226801,0.23878995253152002,FALSE
Q8NI37,PPTC7,turquoise,0.6256178277706504,0.22770135270814792,FALSE
Q8NI60,COQ8A,turquoise,0.8050966377763257,0.060272502254865155,TRUE
Q8TD30,GPT2,turquoise,0.6729500365661752,0.21719906591388702,FALSE
Q8WVM8,SCFD1,turquoise,0.3618963892193634,0.06271457627197638,FALSE
Q8WWV3,RTN4IP1,turquoise,0.35143646877448165,0.08785706980358042,FALSE
Q8WY91,THAP4,turquoise,0.5461880020959635,0.21720070783694745,FALSE
Q92506,HSD17B8,turquoise,0.6234414563405519,0.08005861348657219,FALSE
Q92523,CPT1B,turquoise,0.6658535805032114,0.06252389804343592,FALSE
Q92696,RABGGTA,turquoise,0.41839246229040156,0.02530710544558304,FALSE
Q92947,GCDH,turquoise,0.5532036568067431,0.267947837328674,FALSE
Q93052,LPP,turquoise,0.389662478675092,0.04328484111142166,FALSE
Q96AG3,SLC25A46,turquoise,0.37719052290788196,0.006892624628560554,FALSE
Q96C11,FGGY,turquoise,0.46210279613043315,0.30346747131281876,FALSE
Q96C90,PPP1R14B,turquoise,0.3268611675842353,0.09274677538247086,FALSE
Q96CM8,ACSF2,turquoise,0.7259898616258927,0.17847901960114065,FALSE
Q96CN7,ISOC1,turquoise,0.36019299144210704,0.006250688020812308,FALSE
Q96CV9,OPTN,turquoise,0.4268636609985315,0.20939928246081055,FALSE
Q96CX2,KCTD12,turquoise,0.30463737255781115,0.019526427496180082,FALSE
Q96DC8,ECHDC3,turquoise,0.5175597368691183,0.1019323650889171,FALSE
Q96FW1,OTUB1,turquoise,0.5142316771203332,0.4982886649550539,FALSE
Q96GK7,FAHD2A,turquoise,0.6041366740970804,0.2077991293107121,FALSE
Q96H20,SNF8,turquoise,0.3303688696613119,0.0026521366801835118,FALSE
Q96I99,SUCLG2,turquoise,0.5034876631863527,0.008099031204225284,FALSE
Q96MF6,COQ10A,turquoise,0.5850914645380854,0.04505432566493974,FALSE
Q96PE7,MCEE,turquoise,0.6556418514139181,0.27003238508851,FALSE
Q96Q06,PLIN4,turquoise,0.5494108671689454,0.07900366068621398,FALSE
Q96RQ3,MCCC1,turquoise,0.756686454521458,0.31577777166277293,TRUE
Q99447,PCYT2,turquoise,0.403234764571732,0.03646484391228782,FALSE
Q99541,PLIN2,turquoise,0.6395749776720919,0.05549774407579208,FALSE
Q99766,DMAC2L,turquoise,0.39772648279932243,0.1335932354690218,FALSE
Q99798,ACO2,turquoise,0.8643042517275784,0.19207564596163795,TRUE
Q99807,COQ7,turquoise,0.7821845601752565,0.09275847284659065,TRUE
Q9BPX6,MICU1,turquoise,0.5958078206339691,0.24281776068509528,FALSE
Q9BS92,NIPSNAP3B,turquoise,0.3513401942017898,0.23012285249619296,FALSE
Q9BSH4,TACO1,turquoise,0.764735513435769,0.28976432381711875,TRUE
Q9BSL1,UBAC1,turquoise,0.34947137954835283,0.2081310985597832,FALSE
Q9BTZ2,DHRS4,turquoise,0.3132646878684818,0.013168052065726157,FALSE
Q9BUK0,CHCHD7,turquoise,0.5470038107905718,0.1663114360442134,FALSE
Q9BUR5,APOO,turquoise,0.5847941614446278,0.03505725315006595,FALSE
Q9BV79,MECR,turquoise,0.7287387736218434,0.09276461948680748,FALSE
Q9BW91,NUDT9,turquoise,0.33704799898478205,0.1427492087611766,FALSE
Q9BXK5,BCL2L13,turquoise,0.3447811366313531,0.20772538088246656,FALSE
Q9BXW7,HDHD5,turquoise,0.549369214736092,0.04277116069774484,FALSE
Q9GZP4,PITHD1,turquoise,0.3139876123533569,0.14844944913264588,FALSE
Q9GZT9,EGLN1,turquoise,0.4161889845581281,0.291787690457066,FALSE
Q9H0N5,PCBD2,turquoise,0.42472050564997016,0.3235007008857286,FALSE
Q9H299,SH3BGRL3,turquoise,0.33436802972875884,0.08080303709658702,FALSE
Q9H2U2,PPA2,turquoise,0.48477084507236823,0.05913328925854058,FALSE
Q9H479,FN3K,turquoise,0.6181234514664278,0.06998064249418769,FALSE
Q9H773,DCTPP1,turquoise,0.4361905379840015,0.0738693313987051,FALSE
Q9H845,ACAD9,turquoise,0.36389565425954506,0.04451040065495921,FALSE
Q9H910,JPT2,turquoise,0.37253288755877456,0.029022247695426266,FALSE
Q9H9B4,SFXN1,turquoise,0.6975906537690716,0.19872472745017275,FALSE
Q9H9P8,L2HGDH,turquoise,0.6394194341301828,0.19975197667965114,FALSE
Q9HAV7,GRPEL1,turquoise,0.4446886004959778,0.5113773758945922,FALSE
Q9HCC0,MCCC2,turquoise,0.5343448674139633,0.15552205320659007,FALSE
Q9NP81,SARS2,turquoise,0.5486243823902768,0.20558276673820008,FALSE
Q9NPJ3,ACOT13,turquoise,0.4183062007325818,0.17851334858310797,FALSE
Q9NQ50,MRPL40,turquoise,0.6269176684243106,0.06348731009460708,FALSE
Q9NR19,ACSS2,turquoise,0.6225159398443972,0.15076310968624637,FALSE
Q9NR28,DIABLO,turquoise,0.5283128639701113,0.011891683116418349,FALSE
Q9NRG7,SDR39U1,turquoise,0.6601677628996374,0.22822016002373655,FALSE
Q9NRV9,HEBP1,turquoise,0.5140972533478115,0.054508152287592766,FALSE
Q9NSE4,IARS2,turquoise,0.7733605876524042,0.02493501508278005,TRUE
Q9NTG7,SIRT3,turquoise,0.6551978657275239,0.042061153727469505,FALSE
Q9NUJ1,ABHD10,turquoise,0.4627117963354016,0.20843449283977394,FALSE
Q9NVS9,PNPO,turquoise,0.5229967641188611,0.1129144739285443,FALSE
Q9NWU1,OXSM,turquoise,0.49525235075662294,0.22155414665623144,FALSE
Q9NX40,OCIAD1,turquoise,0.5987639525841952,0.23270392050666078,FALSE
Q9NXA8,SIRT5,turquoise,0.6450390211742787,0.06667183432650235,FALSE
Q9NZ45,CISD1,turquoise,0.649372335304401,0.30780675160327975,FALSE
Q9NZD2,GLTP,turquoise,0.3212802986538674,0.02866262230375796,FALSE
Q9NZJ6,COQ3,turquoise,0.7117235074226812,0.06254480348640061,FALSE
Q9NZL9,MAT2B,turquoise,0.32072801916888677,0.0526250908772911,FALSE
Q9NZN4,EHD2,turquoise,0.38946906370530876,0.11378076485976309,FALSE
Q9P032,NDUFAF4,turquoise,0.3457758250110364,0.045706433312249425,FALSE
Q9P0J1,PDP1,turquoise,0.7843778401931376,0.269745522673747,TRUE
Q9P2R7,SUCLA2,turquoise,0.7727675264468898,0.006274806054277129,TRUE
Q9UBB4,ATXN10,turquoise,0.35809500032819847,0.16082804392374475,FALSE
Q9UBE0,SAE1,turquoise,0.34666068902176334,0.2899967239884084,FALSE
Q9UBR2,CTSZ,turquoise,0.6665601886554404,0.28303483285301206,FALSE
Q9UBT2,UBA2,turquoise,0.34510818786738773,0.3734363152648275,FALSE
Q9UGM6,WARS2,turquoise,0.3926668966348494,0.1111592009905483,FALSE
Q9UHL4,DPP7,turquoise,0.4329272536571127,0.050295924619079155,FALSE
Q9UHQ9,CYB5R1,turquoise,0.563335488635601,0.0550782962963535,FALSE
Q9UII2,ATP5IF1,turquoise,0.7023414063098838,0.06300421144605503,FALSE
Q9UIJ7,AK3,turquoise,0.45746300282672997,0.17900101813883368,FALSE
Q9UJ70,NAGK,turquoise,0.49527349155546696,0.18916178309650353,FALSE
Q9UKG1,APPL1,turquoise,0.47777144148789,0.05345928445704313,FALSE
Q9UKU7,ACAD8,turquoise,0.7113335322034912,0.30837824856020724,FALSE
Q9UM22,EPDR1,turquoise,0.6042395665404562,4.594597345974374e-5,FALSE
Q9UMS0,NFU1,turquoise,0.5133031700179743,0.0763741112990681,FALSE
Q9UN37,VPS4A,turquoise,0.4019831341045194,0.08694098762247415,FALSE
Q9Y2Q3,GSTK1,turquoise,0.6616372323767832,0.08162567009594061,FALSE
Q9Y2Q9,MRPS35,turquoise,0.3247018395901145,0.028808909314362537,FALSE
Q9Y2R0,COA3,turquoise,0.6312757525445777,0.22990997553006645,FALSE
Q9Y2Z0,SUGT1,turquoise,0.5340516712751617,0.1273777546387682,FALSE
Q9Y2Z9,COQ6,turquoise,0.43221646925673707,0.02702817780242528,FALSE
Q9Y305,ACOT9,turquoise,0.6440994656644771,0.23462234434332688,FALSE
Q9Y383,LUC7L2,turquoise,0.4212984402155147,0.21207365704715098,FALSE
Q9Y3D2,MSRB2,turquoise,0.7847156252058854,0.1708768344409283,TRUE
Q9Y4W6,AFG3L2,turquoise,0.7426358252357654,0.03163666664460466,TRUE
Q9Y508,RNF114,turquoise,0.4851780448565885,0.5162348781111655,FALSE
Q9Y5J7,TIMM9,turquoise,0.7171604921429667,0.22776431995272825,FALSE
Q9Y5L4,TIMM13,turquoise,0.4925748684877949,0.03777415727700324,FALSE
Q9Y5Z7,HCFC2,turquoise,0.4446510895190378,0.027360891960133436,FALSE
Q9Y6N1,COX11,turquoise,0.567590558095294,0.04044078905619097,FALSE
O00418,EEF2K,yellow,0.4141780101949113,0.1008959231703244,FALSE
O00423,EML1,yellow,0.558154028489419,0.22080266880652555,FALSE
O14732,IMPA2,yellow,0.5758399817738561,0.06667245497789138,FALSE
O14980,XPO1,yellow,0.3929178074243542,0.19634299150554554,FALSE
O15427,SLC16A3,yellow,0.4431890833322882,0.0585419706886197,FALSE
O43399,TPD52L2,yellow,0.36848187645803554,0.4962567199811413,FALSE
O43414,ERI3,yellow,0.5182770810440864,0.0955612717051568,FALSE
O43760,SYNGR2,yellow,0.4445278675204791,0.2734341415584254,FALSE
O43813,LANCL1,yellow,0.3074658669604676,0.4045522980312594,FALSE
O75131,CPNE3,yellow,0.43293621749692063,0.18852685589383353,FALSE
O75298,RTN2,yellow,0.6426599220315866,0.00914716290821394,FALSE
O75832,PSMD10,yellow,0.4521920923020595,0.062263061085809146,FALSE
O75874,IDH1,yellow,0.4605796274425992,0.08703941437766959,FALSE
O94760,DDAH1,yellow,0.4265294207153462,0.1725358908624839,FALSE
O94903,PLPBP,yellow,0.501014423295489,0.04082553451640376,FALSE
O95479,H6PD,yellow,0.5639357707690862,0.17150452320479867,FALSE
O95747,OXSR1,yellow,0.5128814577749964,0.21034033796120938,FALSE
O95816,BAG2,yellow,0.45226524898829484,0.10598981203132407,FALSE
O95881,TXNDC12,yellow,0.4608766219217935,0.12426688009053422,FALSE
O96007,MOCS2,yellow,0.41631413855718985,0.1429884296537274,FALSE
P00338,LDHA,yellow,0.5467673312619223,0.39898933296492206,FALSE
P00441,SOD1,yellow,0.5054119029560036,0.2883623961661686,FALSE
P00558,PGK1,yellow,0.6803728361533681,0.18220171177348232,TRUE
P00568,AK1,yellow,0.5365082223165505,0.04424739101104274,FALSE
P04075,ALDOA,yellow,0.6806805124838734,0.18774549615771938,TRUE
P04406,GAPDH,yellow,0.39670219415567654,0.017988192131968624,FALSE
P06744,GPI,yellow,0.5515747060835304,0.15289295554743157,FALSE
P07384,CAPN1,yellow,0.5139279900899097,0.20372609211177528,FALSE
P08133,ANXA6,yellow,0.4723083811545704,0.037135018250715524,FALSE
P08237,PFKM,yellow,0.6928033015007767,0.028204194292613366,TRUE
P09104,ENO2,yellow,0.4393272250022381,0.21658940995794623,FALSE
P09211,GSTP1,yellow,0.5242290035034058,0.2520056618044209,FALSE
P09417,QDPR,yellow,0.788899508502544,0.013752134356794564,TRUE
P09913,IFIT2,yellow,0.5688674012911082,0.1105497055630716,FALSE
P09960,LTA4H,yellow,0.5279898462233102,0.0516497023894534,FALSE
P10599,TXN,yellow,0.5513041919389835,0.1269389165278907,FALSE
P11766,ADH5,yellow,0.5847491118826826,0.13068145887708665,FALSE
P12955,PEPD,yellow,0.4290080688270609,0.290738214948829,FALSE
P13010,XRCC5,yellow,0.37540376402663855,0.013758254962781272,FALSE
P13489,RNH1,yellow,0.5973506996464548,0.03810404847158902,FALSE
P13611,VCAN,yellow,0.519837602071083,0.1525973567242962,FALSE
P13929,ENO3,yellow,0.5617243780250536,0.15358159879284583,FALSE
P14618,PKM,yellow,0.5407882650955592,0.10485036517048574,FALSE
P14621,ACYP2,yellow,0.3538384865626501,0.05156670486094353,FALSE
P15121,AKR1B1,yellow,0.6279499393019053,0.17634759846551523,FALSE
P15170,GSPT1,yellow,0.4159995712860735,0.3897899837259136,FALSE
P15259,PGAM2,yellow,0.5680925653626029,0.19803689955943735,FALSE
P16298,PPP3CB,yellow,0.5657546908581577,0.11967313376936503,FALSE
P17858,PFKL,yellow,0.6127212261987807,0.06377072395950964,FALSE
P19075,TSPAN8,yellow,0.6275472453278818,0.07671022264264224,FALSE
P21266,GSTM3,yellow,0.5211795378960239,0.22216769561525462,FALSE
P21695,GPD1,yellow,0.8646069509418005,0.041994394219278926,TRUE
P21817,RYR1,yellow,0.4357707524748443,0.0040259389685319445,FALSE
P23634,ATP2B4,yellow,0.6459508328557944,0.03954224337572896,FALSE
P24666,ACP1,yellow,0.4827590722943374,0.31027724646453636,FALSE
P28070,PSMB4,yellow,0.35023453654637493,0.20627023639881664,FALSE
P28907,CD38,yellow,0.35549922884095014,0.13242015226840873,FALSE
P30086,PEBP1,yellow,0.5601154251499904,0.06843223520892916,FALSE
P30566,ADSL,yellow,0.7932189381707899,0.31113052453838363,TRUE
P34896,SHMT1,yellow,0.37318104912289957,0.1425392833386244,FALSE
P35573,AGL,yellow,0.35752592965548474,0.10695618930842385,FALSE
P36871,PGM1,yellow,0.8019096639679432,0.041229177079622,TRUE
P41236,PPP1R2,yellow,0.5390578900590371,0.16697741020955695,FALSE
P43304,GPD2,yellow,0.680452239927776,0.19381814291683389,TRUE
P46459,NSF,yellow,0.3527745645943719,0.026606213051379207,FALSE
P46926,GNPDA1,yellow,0.44480662792245457,0.06994889556034804,FALSE
P48147,PREP,yellow,0.7909789484607485,0.05234795676255488,TRUE
P48163,ME1,yellow,0.47514939450250093,0.2933135604866273,FALSE
P49189,ALDH9A1,yellow,0.5763278909613748,0.24606539898063393,FALSE
P49773,HINT1,yellow,0.5612829041217151,0.06430123588720028,FALSE
P50395,GDI2,yellow,0.5502097554701616,0.21505647485746596,FALSE
P50502,ST13,yellow,0.5659172939157362,0.09677757524918457,FALSE
P51692,STAT5B,yellow,0.4996018738296911,0.4344737647223206,FALSE
P52565,ARHGDIA,yellow,0.5341237249310886,0.03355502650697866,FALSE
P54284,CACNB3,yellow,0.5600125463666792,0.002353877893338473,FALSE
P54289,CACNA2D1,yellow,0.6140491454861099,0.03200391106333016,FALSE
P54577,YARS1,yellow,0.4323066834815569,0.15479724296623423,FALSE
P55786,NPEPPS,yellow,0.9099388841960123,0.046263626255525464,TRUE
P58546,MTPN,yellow,0.6541847769967584,0.02525315522706565,TRUE
P60174,TPI1,yellow,0.7104680126000191,0.08563829380527271,TRUE
P61081,UBE2M,yellow,0.4982579572785619,0.06362306822430334,FALSE
P61088,UBE2N,yellow,0.5628506241434177,0.30655438287591824,FALSE
P61925,PKIA,yellow,0.33556713114941594,0.07979469968882491,FALSE
P61956,SUMO2,yellow,0.39297776094497044,0.22305811358332503,FALSE
P61970,NUTF2,yellow,0.6041328882849428,0.057522813597780414,FALSE
P63098,PPP3R1,yellow,0.7858479046838163,0.12173992034818769,TRUE
P68036,UBE2L3,yellow,0.4917930076322751,0.0732914997163057,FALSE
Q02641,CACNB1,yellow,0.6522482042830272,0.047602209178413464,FALSE
Q04637,EIF4G1,yellow,0.5799516670564808,0.06613515859602682,FALSE
Q04760,GLO1,yellow,0.805035585860139,0.06975945710674154,TRUE
Q05519,SRSF11,yellow,0.3473007064204618,0.0070734562790296125,FALSE
Q06432,CACNG1,yellow,0.513348958474542,0.1304227355432146,FALSE
Q06830,PRDX1,yellow,0.641893410445748,0.07288088369564924,FALSE
Q08209,PPP3CA,yellow,0.6115635658045592,0.16535182683086244,FALSE
Q08623,PUDP,yellow,0.39632903434246153,0.2571082561990342,FALSE
Q0VDF9,HSPA14,yellow,0.35706986621071213,0.12303478572603974,FALSE
Q12846,STX4,yellow,0.32235567041602553,0.19328972306538464,FALSE
Q13057,COASY,yellow,0.4787530305018679,0.23699017310617668,FALSE
Q13326,SGCG,yellow,0.5819004689398145,0.1800864932020812,FALSE
Q13508,ART3,yellow,0.5768727412736985,0.141132935070947,FALSE
Q13526,PIN1,yellow,0.33321117046439397,0.36574656465183814,FALSE
Q13884,SNTB1,yellow,0.444973394168777,0.17129339975766059,FALSE
Q14108,SCARB2,yellow,0.3233930766392095,0.1343263003887412,FALSE
Q15102,PAFAH1B3,yellow,0.5299450329312827,0.2431188857151831,FALSE
Q15555,MAPRE2,yellow,0.416684786557431,0.21360297886442986,FALSE
Q15631,TSN,yellow,0.5558148647189991,0.0828925520252972,FALSE
Q15746,MYLK,yellow,0.7425010372804602,0.12871706801247895,TRUE
Q15819,UBE2V2,yellow,0.6411648650511423,0.2689794050654391,FALSE
Q16563,SYPL1,yellow,0.3644082549238138,0.3393208292307281,FALSE
Q16585,SGCB,yellow,0.5361968233912516,0.1797920387860109,FALSE
Q16773,KYAT1,yellow,0.3303345380934939,0.048520472278091156,FALSE
Q16881,TXNRD1,yellow,0.6259006040438091,0.15541645454449857,FALSE
Q5JWF2,GNAS,yellow,0.50585321012644,0.20425160776764154,FALSE
Q5VXT5,SYPL2,yellow,0.597665875011803,0.22838066530614873,FALSE
Q6IQ22,RAB12,yellow,0.44425728825892175,0.10177436025619482,FALSE
Q6IQ26,DENND5A,yellow,0.49396593395278326,0.04062514750566161,FALSE
Q6JBY9,RCSD1,yellow,0.39096937573535695,0.07088193040593367,FALSE
Q6YP21,KYAT3,yellow,0.42207301733309094,0.17014592491171607,FALSE
Q7L5N1,COPS6,yellow,0.3442172204908595,0.03786723649898806,FALSE
Q8N142,ADSS1,yellow,0.47603912716974833,0.253000144557832,FALSE
Q8N5M9,JAGN1,yellow,0.45487678525742725,0.08931116627784631,FALSE
Q8N766,EMC1,yellow,0.330946824011504,0.021106876609300912,FALSE
Q8NHH9,ATL2,yellow,0.5728923125749436,0.18601668163010063,FALSE
Q8TB45,DEPTOR,yellow,0.30369407632231527,0.17627011321658814,FALSE
Q8TCA0,LRRC20,yellow,0.6422012549058119,0.1325182758164009,FALSE
Q8WTS6,SETD7,yellow,0.37907690119089793,0.10251154182228771,FALSE
Q92629,SGCD,yellow,0.5106277007011056,0.14435090441641032,FALSE
Q93034,CUL5,yellow,0.4824808031513313,0.16822605935092005,FALSE
Q93084,ATP2A3,yellow,0.5888444320116344,0.03798493719016124,FALSE
Q969M7,UBE2F,yellow,0.42797836090744307,0.21028146078860246,FALSE
Q96DG6,CMBL,yellow,0.8299339685476926,0.0776851648041184,TRUE
Q96FV2,SCRN2,yellow,0.3878588116622695,0.13313892241524136,FALSE
Q96MF2,STAC3,yellow,0.4297433170367313,0.057554637325303394,FALSE
Q96S66,CLCC1,yellow,0.43667718968439956,0.18358882653892045,FALSE
Q96S96,PEBP4,yellow,0.46329629591897914,0.2726393979135339,FALSE
Q99497,PARK7,yellow,0.6248679134343407,0.059537967441447404,FALSE
Q99598,TSNAX,yellow,0.49291907232750926,0.006274121155733654,FALSE
Q99829,CPNE1,yellow,0.5634552272953858,0.08739229145472968,FALSE
Q9BSJ8,ESYT1,yellow,0.299833191960762,0.004831898528523718,FALSE
Q9BV57,ADI1,yellow,0.3800782629026845,0.06921028087596122,FALSE
Q9BZE9,ASPSCR1,yellow,0.5689706617505558,0.11096483883899912,FALSE
Q9GZT8,NIF3L1,yellow,0.5413549535719442,0.1649361181096313,FALSE
Q9H0P0,NT5C3A,yellow,0.501796534177093,0.05542764012056417,FALSE
Q9H1E5,TMX4,yellow,0.38795820014350335,0.13418356491043892,FALSE
Q9H1R3,MYLK2,yellow,0.7519920705661151,0.17373722292309693,TRUE
Q9H477,RBKS,yellow,0.4060992547670764,0.21604098616329317,FALSE
Q9H8H3,METTL7A,yellow,0.5044621771558626,0.006719906714267203,FALSE
Q9H9Q2,COPS7B,yellow,0.33352523234469866,0.07172597022193615,FALSE
Q9NR31,SAR1A,yellow,0.4924619711654813,0.013361838200377504,FALSE
Q9NR56,MBNL1,yellow,0.31270210562390977,0.09840439583172421,FALSE
Q9NTK5,OLA1,yellow,0.6351672992568639,0.1412062785795722,FALSE
Q9NWV8,BABAM1,yellow,0.47279181691912575,0.23867740852756122,FALSE
Q9P2X3,IMPACT,yellow,0.46012290258517463,0.08409660153406802,FALSE
Q9UI30,TRMT112,yellow,0.631226228843458,0.0029857721036745167,FALSE
Q9ULA0,DNPEP,yellow,0.49768268910943425,0.19033559524861685,FALSE
Q9UMX0,UBQLN1,yellow,0.5131177230776613,0.1823222174663939,FALSE
Q9UN36,NDRG2,yellow,0.504158865544572,0.49972567916579436,FALSE
Q9UNS2,COPS3,yellow,0.49970805585032124,0.16868394400991207,FALSE
Q9UNZ2,NSFL1C,yellow,0.5742487217824507,0.2378446060125899,FALSE
Q9UPU5,USP24,yellow,0.3828411855306875,0.238555235684689,FALSE
Q9Y237,PIN4,yellow,0.5995807549452873,0.01844935295116249,FALSE
Q9Y3A5,SBDS,yellow,0.3572889924074602,0.17875127735617657,FALSE
Q9Y4J8,DTNA,yellow,0.39303699895769884,0.22631230892491044,FALSE
Q9Y5K5,UCHL5,yellow,0.38257712778184183,0.2786717916489529,FALSE
Q9Y6B6,SAR1B,yellow,0.6062348736260247,0.17911092098973916,FALSE
A0A0U1RRL7,MMP24OS,green,0.6954671377422149,0.16582417525164297,FALSE
O00217,NDUFS8,green,0.9060745406772831,0.001292665171488995,TRUE
O14548,COX7A2L,green,0.5782835718217015,0.09180860818813844,FALSE
O14561,NDUFAB1,green,0.5921866166226927,0.07941283891890903,FALSE
O14880,MGST3,green,0.49285569996020023,0.1768895666681319,FALSE
O14924,RGS12,green,0.3305455023629785,0.07555214599848173,FALSE
O14949,UQCRQ,green,0.8245283239813099,5.621801446663741e-4,FALSE
O14957,UQCR11,green,0.7076401213623473,0.033621847576959824,FALSE
O15144,ARPC2,green,0.37193164557576375,0.12698693092603067,FALSE
O15239,NDUFA1,green,0.4166434903876421,0.21392554657273408,FALSE
O43181,NDUFS4,green,0.7714549834998801,0.07784277249935877,FALSE
O43674,NDUFB5,green,0.80899479380206,0.16768189349270257,FALSE
O43676,NDUFB3,green,0.8929784549972266,0.02177001421726067,TRUE
O43678,NDUFA2,green,0.8040905280102159,0.08486794376286558,FALSE
O43920,NDUFS5,green,0.8545218760089411,0.15135246768391913,FALSE
O60220,TIMM8A,green,0.6772423148075097,0.25471656666164466,FALSE
O60343,TBC1D4,green,0.3092288026246756,0.04103537515848599,FALSE
O75122,CLASP2,green,0.48946747018899445,0.126543493523005,FALSE
O75251,NDUFS7,green,0.8960304661566948,0.038879371336537454,TRUE
O75306,NDUFS2,green,0.8326520623505798,0.07788267817035024,FALSE
O75351,VPS4B,green,0.32357150952811825,0.16040650828527855,FALSE
O75380,NDUFS6,green,0.8478831296684537,0.036715637941226634,FALSE
O75431,MTX2,green,0.6993445154982747,0.1978980897477948,FALSE
O75438,NDUFB1,green,0.7670200124317231,0.13439975604289672,FALSE
O75439,PMPCB,green,0.40957076980353224,0.455556489020141,FALSE
O75489,NDUFS3,green,0.8857782573049244,0.17132371626705256,TRUE
O75608,LYPLA1,green,0.40615103108102596,0.1108126692865867,FALSE
O75746,SLC25A12,green,0.6747512788698755,0.3025722651608077,FALSE
O95139,NDUFB6,green,0.8499528976653759,0.03491997300339575,FALSE
O95167,NDUFA3,green,0.9110762501990537,0.03738542740503938,TRUE
O95168,NDUFB4,green,0.916932825362291,0.05146580972205699,TRUE
O95169,NDUFB8,green,0.8459588378005138,0.02296512087406485,FALSE
O95182,NDUFA7,green,0.9099316775529938,0.043279046888004616,TRUE
O95298,NDUFC2,green,0.9195103722965563,0.03566378283556497,TRUE
O95299,NDUFA10,green,0.8058831378809442,0.03784302559139032,FALSE
O96000,NDUFB10,green,0.8788142307929803,0.17113842304667873,TRUE
O96008,TOMM40,green,0.6997903891794883,0.059351077734330515,FALSE
P00395,MT-CO1,green,0.33255458785333397,0.359642897268294,FALSE
P00403,MT-CO2,green,0.8546191146370361,0.02194923671357861,FALSE
P00414,MT-CO3,green,0.6951926864272281,0.21747957650392175,FALSE
P02794,FTH1,green,0.34772184341895684,0.28378593912726924,FALSE
P03886,MT-ND1,green,0.8405159334760761,0.0423026224329949,FALSE
P03897,MT-ND3,green,0.5773274512912565,0.0024282071751640447,FALSE
P07919,UQCRH,green,0.8229513323175625,0.11024681211813256,FALSE
P08311,CTSG,green,0.5027681699423764,0.23293235643054988,FALSE
P08574,CYC1,green,0.7219603497554858,0.14684667584236702,FALSE
P09012,SNRPA,green,0.4028481639142451,0.01368631317853615,FALSE
P09488,GSTM1,green,0.28919746529129176,0.06221167752676356,FALSE
P09669,COX6C,green,0.8013561623680309,0.11027182364623431,FALSE
P10176,COX8A,green,0.7206244286583185,0.2484065625627133,FALSE
P10606,COX5B,green,0.8438794759472804,0.1779620207350242,FALSE
P10916,MYL2,green,0.6046933113114508,0.039740455481876207,FALSE
P11233,RALA,green,0.3805349933444948,0.08350532542687308,FALSE
P12694,BCKDHA,green,0.48479221872869815,0.1612082446279045,FALSE
P13073,COX4I1,green,0.8589652864571329,0.012078735036492679,FALSE
P13645,KRT10,green,0.2869224710248614,0.11115246142448569,FALSE
P14406,COX7A2,green,0.8304716866649009,0.12832506272261987,FALSE
P14854,COX6B1,green,0.8568462209343364,0.09443494554070023,FALSE
P14927,UQCRB,green,0.5952201125622978,0.09761459134341392,FALSE
P15104,GLUL,green,0.3425323622136668,0.3526519910713861,FALSE
P15927,RPA2,green,0.519520483554622,0.24396071229955543,FALSE
P15954,COX7C,green,0.8010101208645078,0.11589386575092946,FALSE
P17152,TMEM11,green,0.7168230206816318,0.24131863053450664,FALSE
P17568,NDUFB7,green,0.8458628582517524,0.09071633186129914,FALSE
P19404,NDUFV2,green,0.9123743690253598,0.010556915912091432,TRUE
P20674,COX5A,green,0.8767251186914196,0.018422350891569253,FALSE
P21796,VDAC1,green,0.5661540999106809,0.25588185974909206,FALSE
P21980,TGM2,green,0.5151820423906233,0.13223560827798042,FALSE
P22695,UQCRC2,green,0.8573439257032143,0.003056675178767769,FALSE
P24310,COX7A1,green,0.8250578642716918,0.054291832597732806,FALSE
P24311,COX7B,green,0.8900369839053429,0.09970493014988574,TRUE
P26885,FKBP2,green,0.34415650553146,0.045492671579443485,FALSE
P28331,NDUFS1,green,0.9465572908622956,0.06707220941757924,TRUE
P30040,ERP29,green,0.45536045469246234,0.0097418072828624,FALSE
P31930,UQCRC1,green,0.69788936036227,0.19805881029786823,FALSE
P31943,HNRNPH1,green,0.3297656960553832,0.16709530629702452,FALSE
P40123,CAP2,green,0.34833875719755675,0.2757367826562271,FALSE
P42167,TMPO,green,0.2871378637497599,0.3925642812892227,FALSE
P45880,VDAC2,green,0.8540566457840264,0.2860422398831011,FALSE
P47985,UQCRFS1,green,0.7184666299183531,0.030825979560822687,FALSE
P49821,NDUFV1,green,0.9262041476489185,0.0861402279825191,TRUE
P50402,EMD,green,0.4432885503357866,0.1890451543482868,FALSE
P51970,NDUFA8,green,0.8412804768133256,0.07516288178371258,FALSE
P52272,HNRNPM,green,0.4148394819598438,0.046071540013520616,FALSE
P55809,OXCT1,green,0.3917109073302142,3.732637102183325e-5,FALSE
P56181,NDUFV3,green,0.8843320037224006,0.07606463355793973,TRUE
P56556,NDUFA6,green,0.7742590671344123,0.06371195056304527,FALSE
P83111,LACTB,green,0.5734561890484892,0.12299988216244531,FALSE
P99999,CYCS,green,0.35939970577765473,0.0782343887217141,FALSE
Q00013,MPP1,green,0.358752348771526,0.04779630464634089,FALSE
Q02221,COX6A2,green,0.3306883284285857,0.27012622868000125,FALSE
Q03135,CAV1,green,0.413554392838076,0.11201696626626874,FALSE
Q10589,BST2,green,0.48265440021567796,0.3122057005447517,FALSE
Q13310,PABPC4,green,0.46093220802461554,0.2000493324879405,FALSE
Q13724,MOGS,green,0.3425389897232046,0.20954371060389043,FALSE
Q14061,COX17,green,0.33513332892464165,0.2350329108302024,FALSE
Q15118,PDK1,green,0.5508380086208771,0.1621428265022391,FALSE
Q15124,PGM5,green,0.5304205428747117,0.1733855558762102,FALSE
Q15637,SF1,green,0.3266200462462546,0.12762514750211335,FALSE
Q16718,NDUFA5,green,0.9065754354181886,0.15600227000905156,TRUE
Q16795,NDUFA9,green,0.8972317076471226,0.1731798527694261,TRUE
Q16891,IMMT,green,0.8016119527750744,0.18672212261993082,FALSE
Q5D862,FLG2,green,0.2906894009846658,0.2271758505738708,FALSE
Q5JTJ3,COA6,green,0.5876750083338256,0.15081046089863978,FALSE
Q86UT6,NLRX1,green,0.5655793580749386,0.13979676480932918,FALSE
Q86V88,MDP1,green,0.4134866429771918,0.2218348838016537,FALSE
Q86VD7,SLC25A42,green,0.37614052702061884,0.12056490757714687,FALSE
Q8IWA4,MFN1,green,0.3496079129667519,0.003251303432059997,FALSE
Q8IYB8,SUPV3L1,green,0.5387140443536468,0.2939458940679068,FALSE
Q8IYQ7,THNSL1,green,0.4859270873258263,0.13762323588706687,FALSE
Q8IYU8,MICU2,green,0.41831517164022086,0.051768787943770385,FALSE
Q8N4H5,TOMM5,green,0.6782064156546266,0.044010148185376574,FALSE
Q8N5G0,SMIM20,green,0.41354296755045084,0.12163906154232232,FALSE
Q8NBU5,ATAD1,green,0.5997773955547719,0.0326173109162715,FALSE
Q8NE86,MCU,green,0.6883758272852237,0.10536377618375813,FALSE
Q8TCS8,PNPT1,green,0.4778533067815003,0.37999062782676885,FALSE
Q92667,AKAP1,green,0.4266044638695713,0.05302654022606733,FALSE
Q96AN5,TMEM143,green,0.77740782508617,0.13261840920758627,FALSE
Q96DB5,RMDN1,green,0.4872536059085488,0.2385833759743579,FALSE
Q96DE0,NUDT16,green,0.38216885523132543,0.30514812362385885,FALSE
Q96DV4,MRPL38,green,0.5154571300229598,0.30128418574828164,FALSE
Q96E11,MRRF,green,0.5789295494429125,0.17668511139925966,FALSE
Q96EY1,DNAJA3,green,0.4011874598701673,0.045791609090100445,FALSE
Q96PU8,QKI,green,0.30608870503628877,0.08565009479445115,FALSE
Q99623,PHB2,green,0.5894590718134175,0.11031016543753733,FALSE
Q9BPW8,NIPSNAP1,green,0.37155576723979716,0.04405386772823105,FALSE
Q9BPX5,ARPC5L,green,0.32531835232296613,0.0838830255550497,FALSE
Q9BRX8,PRXL2A,green,0.32443416501318184,0.02763697343712846,FALSE
Q9BV86,NTMT1,green,0.4116431794809107,0.4460043781471031,FALSE
Q9BVV7,TIMM21,green,0.6666392553695802,0.007023700324543386,FALSE
Q9BX66,SORBS1,green,0.31858078735372947,0.13488946746231942,FALSE
Q9BXJ8,TMEM120A,green,0.6643394651443991,0.22141669276708886,FALSE
Q9BZE1,MRPL37,green,0.3936092205352804,0.05508672451592482,FALSE
Q9H061,TMEM126A,green,0.6880010112799658,0.18399256686172774,FALSE
Q9H078,CLPB,green,0.5212409642113666,0.06627680285320565,FALSE
Q9H223,EHD4,green,0.4020831062373558,0.2846466361935741,FALSE
Q9H2W6,MRPL46,green,0.5203485598240615,0.02393058078201143,FALSE
Q9H3K2,GHITM,green,0.5631243964753223,0.044916782108941525,FALSE
Q9HBL0,TNS1,green,0.60481745994568,0.374048990633236,FALSE
Q9HBL7,PLGRKT,green,0.4800605020286679,0.3055097284409509,FALSE
Q9NRP2,CMC2,green,0.593690674056571,0.029022461501829255,FALSE
Q9NS69,TOMM22,green,0.6813859442538291,0.11245643248153897,FALSE
Q9NUB1,ACSS1,green,0.33412613135149033,0.26660202392610055,FALSE
Q9NVH1,DNAJC11,green,0.7345556133551499,0.09075581574555794,FALSE
Q9NVH6,TMLHE,green,0.37102250118419217,0.4508492581522052,FALSE
Q9NVI7,ATAD3A,green,0.7906445346652764,0.08866562390275229,FALSE
Q9NX14,NDUFB11,green,0.8445381528164045,0.27475924039196925,FALSE
Q9NX63,CHCHD3,green,0.7805657606141875,0.03321268097097825,FALSE
Q9P0J0,NDUFA13,green,0.794161299198134,0.12640180122420672,FALSE
Q9P0S9,TMEM14C,green,0.3327136944037383,0.12537931578636538,FALSE
Q9UBQ0,VPS29,green,0.3770541518242081,0.13095963071661948,FALSE
Q9UI09,NDUFA12,green,0.8626825907966994,0.07639373912063914,FALSE
Q9UJS0,SLC25A13,green,0.5640705235909987,0.25587505935801436,FALSE
Q9UJZ1,STOML2,green,0.45972523166459545,0.1999036503692725,FALSE
Q9UKV8,AGO2,green,0.3990258578347975,0.1140631854978921,FALSE
Q9UN86,G3BP2,green,0.4524992307152792,0.18795616186210737,FALSE
Q9UPN7,PPP6R1,green,0.5300197382002951,0.13218641060277375,FALSE
Q9Y277,VDAC3,green,0.4622705946955968,0.11593980626418238,FALSE
Q9Y3B7,MRPL11,green,0.3979061427797225,0.029729721692632216,FALSE
Q9Y512,SAMM50,green,0.6553413170888324,0.23583778227873997,FALSE
Q9Y5J9,TIMM8B,green,0.4814739432656802,0.00911595159474778,FALSE
Q9Y6C9,MTCH2,green,0.5947316878399552,0.17934464218044383,FALSE
Q9Y6H1,CHCHD2,green,0.32963050109415387,0.11373816586584234,FALSE
Q9Y6M9,NDUFB9,green,0.8959674205549437,0.0027225979161231498,TRUE
