uniprot_id,gene,module_color,aging_dep,pred_prob
A0A0U1RRL7,MMP24OS,green,FALSE,0.17939359561718574
A0FGR8,ESYT2,blue,FALSE,0.19153572053004728
A1L4K1,FSD2,brown,TRUE,0.14291472113064857
A2RTX5,TARS3,turquoise,FALSE,0.0910940415996527
A3KMH1,VWA8,turquoise,FALSE,0.04484611498666395
A5YM72,CARNS1,blue,FALSE,0.25323950358708935
A6NCE7,MAP1LC3B2,black,FALSE,0.1669994384225128
A8MU46,SMTNL1,red,FALSE,0.16385975901215558
A8MXV4,NUDT19,pink,FALSE,0.1770632015416685
E9PAV3,NACA,blue,TRUE,0.19620183069591351
L0R6Q1,SLC35A4,brown,FALSE,0.14150424360954725
O00151,PDLIM1,turquoise,TRUE,0.07602532596838327
O00159,MYO1C,turquoise,FALSE,0.060573657033453625
O00217,NDUFS8,green,FALSE,0.2057679326276012
O00231,PSMD11,red,FALSE,0.17568461178292988
O00232,PSMD12,magenta,FALSE,0.14868941986386983
O00299,CLIC1,black,FALSE,0.17541279128447726
O00303,EIF3F,purple,FALSE,0.16378684525586995
O00330,PDHX,pink,FALSE,0.16593971264272045
O00399,DCTN6,blue,FALSE,0.20205543273619703
O00410,IPO5,blue,FALSE,0.1820242854421802
O00418,EEF2K,yellow,FALSE,0.1883693143599524
O00423,EML1,yellow,FALSE,0.18314047437259812
O00429,DNM1L,turquoise,FALSE,0.0874533047982776
O00442,RTCA,turquoise,FALSE,0.05998065395427265
O00483,NDUFA4,pink,FALSE,0.17179379951543566
O00487,PSMD14,magenta,TRUE,0.15428370015814624
O00499,BIN1,blue,FALSE,0.18820937848025224
O00505,KPNA3,black,FALSE,0.16418814739320664
O00571,DDX3X,purple,FALSE,0.1697856541053102
O00629,KPNA4,blue,FALSE,0.19239523907606232
O00748,CES2,turquoise,FALSE,0.10919122233530444
O00757,FBP2,magenta,FALSE,0.147858064576193
O00764,PDXK,pink,FALSE,0.16772580305102497
O14521,SDHD,pink,FALSE,0.1666800788403145
O14548,COX7A2L,green,FALSE,0.1964914215724274
O14558,HSPB6,blue,FALSE,0.23128879716353357
O14561,NDUFAB1,green,FALSE,0.19403285613960913
O14732,IMPA2,yellow,FALSE,0.18811616191868202
O14744,PRMT5,magenta,FALSE,0.14349151028754464
O14818,PSMA7,red,FALSE,0.1747055612125283
O14841,OPLAH,turquoise,TRUE,0.08580080661275855
O14880,MGST3,green,FALSE,0.1965798889282036
O14924,RGS12,green,FALSE,0.1875406088921987
O14929,HAT1,blue,TRUE,0.2129269092953935
O14949,UQCRQ,green,FALSE,0.19426264551942918
O14950,MYL12B,turquoise,FALSE,0.23551955360570223
O14957,UQCR11,green,FALSE,0.2136665340666436
O14958,CASQ2,blue,FALSE,0.18572357806238776
O14964,HGS,black,FALSE,0.1603471342140555
O14979,HNRNPDL,brown,FALSE,0.1445070763558161
O14980,XPO1,yellow,FALSE,0.1796294408441589
O14983,ATP2A1,red,FALSE,0.17401979414344856
O15061,SYNM,brown,TRUE,0.1580612751738382
O15143,ARPC1B,blue,FALSE,0.22769354441007425
O15144,ARPC2,green,FALSE,0.10102810524518421
O15173,PGRMC2,pink,FALSE,0.16292303023750457
O15212,PFDN6,red,FALSE,0.17062799789873156
O15239,NDUFA1,green,FALSE,0.24504096083027696
O15260,SURF4,blue,FALSE,0.18426509578824454
O15273,TCAP,brown,FALSE,0.14654927182863084
O15371,EIF3D,purple,FALSE,0.16717664100151197
O15372,EIF3H,black,FALSE,0.1579502606599763
O15382,BCAT2,turquoise,FALSE,0.08903474934259192
O15400,STX7,blue,FALSE,0.19456988386153798
O15427,SLC16A3,yellow,FALSE,0.1917990443146872
O43169,CYB5B,magenta,FALSE,0.14034438578918682
O43181,NDUFS4,green,FALSE,0.20048685450011008
O43237,DYNC1LI2,blue,FALSE,0.18812088333965832
O43242,PSMD3,magenta,TRUE,0.14850924913374852
O43390,HNRNPR,black,TRUE,0.1695953754259118
O43396,TXNL1,blue,FALSE,0.18696031433797583
O43399,TPD52L2,yellow,FALSE,0.18347402330873816
O43414,ERI3,yellow,FALSE,0.19300849186172037
O43488,AKR7A2,turquoise,TRUE,0.10140458376799164
O43561,LAT,red,FALSE,0.17675724132434675
O43583,DENR,red,FALSE,0.17282110501500678
O43615,TIMM44,turquoise,FALSE,0.10669526109226907
O43674,NDUFB5,green,FALSE,0.21471582146537063
O43676,NDUFB3,green,FALSE,0.21081294332215766
O43678,NDUFA2,green,FALSE,0.19675668399329482
O43684,BUB3,turquoise,FALSE,0.07307981702363109
O43707,ACTN4,brown,TRUE,0.11925373086485305
O43741,PRKAB2,red,FALSE,0.17687831147397415
O43760,SYNGR2,yellow,FALSE,0.19153428366293776
O43765,SGTA,turquoise,TRUE,0.08972597131497738
O43772,SLC25A20,turquoise,FALSE,0.12710790283047227
O43776,NARS1,brown,TRUE,0.14810863835684207
O43813,LANCL1,yellow,FALSE,0.18608507741489708
O43826,SLC37A4,magenta,FALSE,0.1460410957653295
O43837,IDH3B,turquoise,FALSE,0.17734464687320964
O43852,CALU,blue,FALSE,0.2188444565184459
O43865,AHCYL1,blue,FALSE,0.20176971370899932
O43920,NDUFS5,green,FALSE,0.21332930287792584
O60220,TIMM8A,green,FALSE,0.22016825763341963
O60237,PPP1R12B,blue,FALSE,0.2092605724200632
O60256,PRPSAP2,red,FALSE,0.1729055948623534
O60271,SPAG9,blue,TRUE,0.1799440119017844
O60313,OPA1,turquoise,FALSE,0.12080712172163303
O60343,TBC1D4,green,FALSE,0.19522426653483738
O60506,SYNCRIP,black,FALSE,0.16092033550331092
O60613,SELENOF,black,FALSE,0.17189345222626035
O60662,KLHL41,blue,FALSE,0.21643983135540326
O60684,KPNA6,blue,FALSE,0.1881525853230718
O60763,USO1,red,FALSE,0.1671356512752788
O60825,PFKFB2,pink,FALSE,0.17806840826253806
O60869,EDF1,purple,FALSE,0.1639362207440011
O60884,DNAJA2,blue,FALSE,0.1976995230359603
O60925,PFDN1,brown,FALSE,0.14554771846181996
O75083,WDR1,red,FALSE,0.17797580673081304
O75112,LDB3,black,FALSE,0.16593449395389168
O75122,CLASP2,green,FALSE,0.1795533138581941
O75131,CPNE3,yellow,FALSE,0.18054977536014474
O75153,CLUH,pink,FALSE,0.1708662754111652
O75208,COQ9,turquoise,FALSE,0.07744845652838805
O75251,NDUFS7,green,FALSE,0.22869862995344306
O75298,RTN2,yellow,FALSE,0.18024274796353276
O75306,NDUFS2,green,FALSE,0.21840903294151132
O75323,NIPSNAP2,turquoise,FALSE,0.10565294310586955
O75339,CILP,brown,FALSE,0.12236052198688284
O75347,TBCA,turquoise,FALSE,0.09116737948048254
O75351,VPS4B,green,FALSE,0.20293079498049568
O75369,FLNB,blue,TRUE,0.2163671531443408
O75380,NDUFS6,green,FALSE,0.21669242867490154
O75390,CS,turquoise,FALSE,0.0964649897878012
O75396,SEC22B,blue,FALSE,0.1848073633748556
O75431,MTX2,green,FALSE,0.1936181789165039
O75436,VPS26A,red,FALSE,0.16916076658360774
O75438,NDUFB1,green,FALSE,0.19789904638492742
O75439,PMPCB,green,FALSE,0.19957164269116448
O75489,NDUFS3,green,FALSE,0.20029104355705005
O75521,ECI2,turquoise,TRUE,0.09357309910446109
O75531,BANF1,brown,TRUE,0.13501323928084744
O75534,CSDE1,black,FALSE,0.1640499938301772
O75569,PRKRA,black,FALSE,0.1643269488648666
O75608,LYPLA1,green,FALSE,0.18728060251272408
O75663,TIPRL,blue,FALSE,0.18983500241779727
O75688,PPM1B,red,FALSE,0.17501434978070235
O75746,SLC25A12,green,FALSE,0.18795959240663596
O75821,EIF3G,purple,TRUE,0.17347007082914007
O75822,EIF3J,red,FALSE,0.1731170607235702
O75832,PSMD10,yellow,FALSE,0.18487318251247178
O75874,IDH1,yellow,FALSE,0.18495329110448636
O75880,SCO1,pink,TRUE,0.1888783823723717
O75915,ARL6IP5,blue,FALSE,0.17964716359252303
O75923,DYSF,blue,FALSE,0.19563317551768994
O75935,DCTN3,red,FALSE,0.19278182016744694
O75947,ATP5PD,pink,FALSE,0.16902366385787457
O75955,FLOT1,magenta,FALSE,0.15251661838734054
O75964,ATP5MG,pink,FALSE,0.16729176891415873
O76003,GLRX3,blue,FALSE,0.22211274998308347
O94760,DDAH1,yellow,FALSE,0.1829639529538339
O94812,BAIAP3,pink,FALSE,0.16962919774273943
O94886,TMEM63A,blue,FALSE,0.20043821448485363
O94903,PLPBP,yellow,FALSE,0.18407042212663965
O94905,ERLIN2,purple,FALSE,0.16455434195432408
O94919,ENDOD1,blue,FALSE,0.1831691983564402
O94979,SEC31A,blue,FALSE,0.1932835606643586
O95139,NDUFB6,green,FALSE,0.22255125872945491
O95140,MFN2,pink,FALSE,0.16274859969914612
O95167,NDUFA3,green,FALSE,0.21948320674314153
O95168,NDUFB4,green,FALSE,0.21448117874363742
O95169,NDUFB8,green,FALSE,0.20361057820269318
O95182,NDUFA7,green,FALSE,0.21506811953740035
O95202,LETM1,turquoise,FALSE,0.11019098891067923
O95210,STBD1,magenta,TRUE,0.14891066212572265
O95218,ZRANB2,turquoise,FALSE,0.11198452439127711
O95292,VAPB,brown,TRUE,0.14925021200119254
O95298,NDUFC2,green,FALSE,0.22787314465380717
O95299,NDUFA10,green,FALSE,0.2129390118339809
O95336,PGLS,turquoise,FALSE,0.08551073025465186
O95373,IPO7,magenta,FALSE,0.14579784980822913
O95376,ARIH2,brown,FALSE,0.13543790538108447
O95425,SVIL,brown,FALSE,0.1623259600225202
O95433,AHSA1,turquoise,FALSE,0.09199719965731734
O95479,H6PD,yellow,FALSE,0.1850407391954624
O95563,MPC2,pink,FALSE,0.1674998896207391
O95571,ETHE1,pink,FALSE,0.16856753240039293
O95573,ACSL3,blue,FALSE,0.18843081451919486
O95747,OXSR1,yellow,FALSE,0.183108994997122
O95777,LSM8,brown,FALSE,0.13631375829853415
O95782,AP2A1,blue,FALSE,0.205891645570352
O95816,BAG2,yellow,FALSE,0.1764489971117859
O95817,BAG3,blue,FALSE,0.20185818105093353
O95822,MLYCD,turquoise,FALSE,0.10460282642566451
O95831,AIFM1,pink,FALSE,0.1689127861649311
O95861,BPNT1,red,FALSE,0.1711197153882007
O95870,ABHD16A,turquoise,FALSE,0.02615770272327814
O95881,TXNDC12,yellow,FALSE,0.1768582989456164
O95989,NUDT3,turquoise,FALSE,0.081353897413404
O96000,NDUFB10,green,FALSE,0.20927203013770823
O96007,MOCS2,yellow,FALSE,0.1864444199202054
O96008,TOMM40,green,FALSE,0.20406371142203747
O96011,PEX11B,turquoise,FALSE,0.06272846329511807
P00167,CYB5A,turquoise,FALSE,0.0610151613240134
P00338,LDHA,yellow,TRUE,0.17720707624408755
P00367,GLUD1,turquoise,FALSE,0.12312948855386813
P00387,CYB5R3,blue,FALSE,0.18698716661475914
P00390,GSR,blue,FALSE,0.18892776121011418
P00395,MT-CO1,green,TRUE,0.24558078610097142
P00403,MT-CO2,green,FALSE,0.20266419815508657
P00414,MT-CO3,green,FALSE,0.21488584128880003
P00441,SOD1,yellow,FALSE,0.18277417992983935
P00492,HPRT1,blue,FALSE,0.24298290638230957
P00505,GOT2,turquoise,FALSE,0.11494480127197042
P00558,PGK1,yellow,TRUE,0.17847478089995747
P00568,AK1,yellow,FALSE,0.17778710507992795
P00846,MT-ATP6,magenta,FALSE,0.14160691034983872
P00918,CA2,red,FALSE,0.16750633305892576
P00966,ASS1,turquoise,FALSE,0.019663604736721706
P01889,HLA-B,turquoise,FALSE,0.18348148821831667
P02144,MB,turquoise,TRUE,0.07227991605993729
P02452,COL1A1,brown,FALSE,0.12511665789044132
P02461,COL3A1,brown,FALSE,0.1127446189862201
P02462,COL4A1,brown,FALSE,0.12318346056486537
P02511,CRYAB,blue,FALSE,0.21829227893634265
P02545,LMNA,brown,FALSE,0.13693192452595923
P02585,TNNC2,brown,FALSE,0.13307224355332736
P02750,LRG1,turquoise,TRUE,0.028733958895987347
P02753,RBP4,turquoise,FALSE,0.054274141994177724
P02766,TTR,turquoise,FALSE,0.11757376209330574
P02775,PPBP,brown,FALSE,0.13565984901259615
P02794,FTH1,green,FALSE,0.25039208951754477
P03886,MT-ND1,green,FALSE,0.2170960902568817
P03891,MT-ND2,brown,TRUE,0.1329127946377589
P03897,MT-ND3,green,FALSE,0.20323958668494793
P03905,MT-ND4,magenta,TRUE,0.1451696329569196
P03928,MT-ATP8,pink,FALSE,0.17563296218675592
P04075,ALDOA,yellow,FALSE,0.180338867277983
P04080,CSTB,turquoise,FALSE,0.11137190436809119
P04083,ANXA1,blue,FALSE,0.22589336775598112
P04179,SOD2,turquoise,TRUE,0.08778174137439163
P04275,VWF,brown,FALSE,0.1403144807352146
P04406,GAPDH,yellow,FALSE,0.17397861570933348
P04439,HLA-A,turquoise,FALSE,0.13190344846311286
P04632,CAPNS1,blue,FALSE,0.190626979144508
P04792,HSPB1,blue,FALSE,0.23259083136392456
P04843,RPN1,purple,FALSE,0.16621993790865483
P04844,RPN2,magenta,FALSE,0.15090733201637935
P05023,ATP1A1,blue,FALSE,0.1953216851198123
P05026,ATP1B1,pink,FALSE,0.17569875652045042
P05091,ALDH2,turquoise,TRUE,0.069384599177725
P05141,SLC25A5,pink,FALSE,0.1726512684391732
P05165,PCCA,turquoise,TRUE,0.08546185164093333
P05166,PCCB,turquoise,TRUE,0.09223738294337988
P05198,EIF2S1,black,FALSE,0.16711128700507016
P05386,RPLP1,black,FALSE,0.16478352678035857
P05387,RPLP2,black,FALSE,0.17667050684480393
P05388,RPLP0,black,FALSE,0.17230761725223945
P05413,FABP3,turquoise,FALSE,0.06733883834043371
P05556,ITGB1,turquoise,FALSE,0.0760463351820638
P05783,KRT18,brown,FALSE,0.13216969511754112
P05976,MYL1,brown,FALSE,0.12613017829617024
P06396,GSN,black,FALSE,0.1892516646430292
P06454,PTMA,turquoise,FALSE,0.11734785430121701
P06576,ATP5F1B,pink,FALSE,0.175825041172466
P06703,S100A6,blue,FALSE,0.2870122394994923
P06730,EIF4E,brown,FALSE,0.14949303375979334
P06732,CKM,turquoise,FALSE,0.07938177943195938
P06733,ENO1,red,FALSE,0.1797312073388627
P06744,GPI,yellow,FALSE,0.17825798002579601
P06748,NPM1,black,FALSE,0.16398665741764606
P06753,TPM3,brown,FALSE,0.1273730681914271
P07099,EPHX1,blue,FALSE,0.19075608142536402
P07195,LDHB,turquoise,FALSE,0.07935948109046902
P07203,GPX1,turquoise,FALSE,0.07567434988228063
P07237,P4HB,blue,FALSE,0.18469620821344354
P07305,H1-0,brown,FALSE,0.14370051433734768
P07339,CTSD,turquoise,TRUE,0.06893479501857683
P07355,ANXA2,blue,FALSE,0.2020339577146037
P07384,CAPN1,yellow,TRUE,0.17987149309048614
P07437,TUBB,blue,FALSE,0.20701704767765533
P07451,CA3,turquoise,TRUE,0.06951405500709348
P07585,DCN,brown,FALSE,0.14326999129391416
P07602,PSAP,turquoise,TRUE,0.07551070875956378
P07737,PFN1,blue,FALSE,0.18540521387827838
P07741,APRT,red,FALSE,0.17810446147599532
P07814,EPRS1,blue,FALSE,0.1893019270353327
P07858,CTSB,turquoise,TRUE,0.14373522324059096
P07900,HSP90AA1,blue,FALSE,0.18493075660639877
P07919,UQCRH,green,FALSE,0.18994013429248358
P07951,TPM2,brown,TRUE,0.1302050792912689
P07954,FH,turquoise,TRUE,0.12920369593059852
P08123,COL1A2,brown,FALSE,0.12639975238758544
P08133,ANXA6,yellow,FALSE,0.17824467460169177
P08237,PFKM,yellow,FALSE,0.17770049607286795
P08238,HSP90AB1,blue,FALSE,0.19182876822017864
P08311,CTSG,green,FALSE,0.411761417241844
P08559,PDHA1,pink,FALSE,0.1715787087519304
P08572,COL4A2,brown,FALSE,0.12976011030207962
P08574,CYC1,green,FALSE,0.19493860396983897
P08590,MYL3,brown,FALSE,0.13007385087802772
P08670,VIM,brown,TRUE,0.1424878325871937
P08708,RPS17,purple,FALSE,0.1826913964071945
P08758,ANXA5,blue,FALSE,0.18215144752519083
P08865,RPSA,purple,FALSE,0.17993829035771544
P09012,SNRPA,green,FALSE,0.2108991468551465
P09104,ENO2,yellow,TRUE,0.1783440383666166
P09110,ACAA1,turquoise,FALSE,0.076668767621016
P09211,GSTP1,yellow,FALSE,0.18212344949812015
P09382,LGALS1,red,FALSE,0.1737114437269284
P09417,QDPR,yellow,FALSE,0.1875038650652365
P09429,HMGB1,turquoise,TRUE,0.08627632094987057
P09467,FBP1,magenta,FALSE,0.13868995311782373
P09488,GSTM1,green,FALSE,0.28632267624125474
P09493,TPM1,brown,TRUE,0.12925142595968372
P09497,CLTB,blue,FALSE,0.19372783461309306
P09525,ANXA4,turquoise,TRUE,0.10925502369373535
P09601,HMOX1,brown,TRUE,0.14030483453481077
P09622,DLD,pink,FALSE,0.16884215823530546
P09651,HNRNPA1,black,FALSE,0.16186109372028107
P09669,COX6C,green,FALSE,0.2168071431877622
P09874,PARP1,purple,FALSE,0.17686498373027706
P09913,IFIT2,yellow,FALSE,0.18322965965524698
P09936,UCHL1,blue,TRUE,0.23575358550190925
P09960,LTA4H,yellow,FALSE,0.1811923996759455
P09972,ALDOC,magenta,FALSE,0.16077972599516588
P0CW19,LIMS3,brown,FALSE,0.13821126060382208
P0DMV8,HSPA1A,blue,FALSE,0.1712499092296171
P0DP23,CALM1,brown,FALSE,0.14511928705026697
P10109,FDX1,turquoise,FALSE,0.0570915221194733
P10176,COX8A,green,FALSE,0.18474879822086507
P10253,GAA,turquoise,TRUE,0.0842785577371449
P10301,RRAS,red,FALSE,0.1719202592425704
P10515,DLAT,pink,FALSE,0.16985124897444084
P10599,TXN,yellow,FALSE,0.18345209746181218
P10606,COX5B,green,FALSE,0.21531642683560892
P10636,MAPT,blue,TRUE,0.1997322741821001
P10644,PRKAR1A,red,FALSE,0.1720695050708531
P10768,ESD,red,FALSE,0.17113467768409757
P10809,HSPD1,turquoise,FALSE,0.10465662618362145
P10828,THRB,brown,TRUE,0.125321966239567
P10909,CLU,turquoise,TRUE,0.0669507814852085
P10916,MYL2,green,FALSE,0.27806266343097935
P11021,HSPA5,blue,FALSE,0.19139162894354977
P11047,LAMC1,brown,FALSE,0.13067634990804355
P11055,MYH3,brown,FALSE,0.13943194337539527
P11142,HSPA8,blue,FALSE,0.1876761908274278
P11177,PDHB,pink,FALSE,0.1701986567656373
P11182,DBT,turquoise,FALSE,0.08945495996209474
P11233,RALA,green,FALSE,0.19311702190392926
P11279,LAMP1,turquoise,FALSE,0.11135266676449024
P11310,ACADM,turquoise,TRUE,0.11993946593307592
P11441,UBL4A,blue,FALSE,0.18355384626512697
P11532,DMD,purple,FALSE,0.15828528171483516
P11766,ADH5,yellow,FALSE,0.18373360460435037
P12109,COL6A1,brown,FALSE,0.12820443597373618
P12110,COL6A2,brown,FALSE,0.12660772266187567
P12111,COL6A3,brown,FALSE,0.1278174286480155
P12236,SLC25A6,red,FALSE,0.1721979998488753
P12268,IMPDH2,red,FALSE,0.18083269067071275
P12277,CKB,turquoise,TRUE,0.08055573609491957
P12694,BCKDHA,green,FALSE,0.17085508876662217
P12814,ACTN1,brown,TRUE,0.11706610518307355
P12882,MYH1,brown,FALSE,0.13964184597351786
P12883,MYH7,brown,FALSE,0.126076396135508
P12955,PEPD,yellow,FALSE,0.18412705475514038
P12956,XRCC6,turquoise,TRUE,0.11651218038767004
P13010,XRCC5,yellow,FALSE,0.18281525256157477
P13073,COX4I1,green,FALSE,0.1972432467080472
P13164,IFITM1,turquoise,FALSE,0.09027498977666802
P13473,LAMP2,turquoise,FALSE,0.07632026103012073
P13489,RNH1,yellow,FALSE,0.1823355952405976
P13535,MYH8,brown,FALSE,0.14852334610310677
P13611,VCAN,yellow,FALSE,0.1842545703555332
P13639,EEF2,blue,FALSE,0.1828943626063096
P13645,KRT10,green,FALSE,0.21265118991997808
P13667,PDIA4,turquoise,FALSE,0.1797882333765554
P13693,TPT1,red,FALSE,0.17120996776724312
P13716,ALAD,red,FALSE,0.1776393557496992
P13797,PLS3,turquoise,FALSE,0.16353948265349674
P13798,APEH,red,FALSE,0.17309741475474497
P13804,ETFA,turquoise,TRUE,0.07567877989693533
P13805,TNNT1,brown,FALSE,0.13072548331384581
P13807,GYS1,blue,FALSE,0.19723966684899286
P13861,PRKAR2A,red,FALSE,0.1708013688998878
P13929,ENO3,yellow,FALSE,0.17903941102495946
P13987,CD59,red,FALSE,0.16992579693298593
P14209,CD99,purple,FALSE,0.18061813420619485
P14314,PRKCSH,blue,FALSE,0.1848852965843215
P14406,COX7A2,green,FALSE,0.211898958366191
P14543,NID1,brown,FALSE,0.12809797232252332
P14618,PKM,yellow,FALSE,0.17779351430007886
P14621,ACYP2,yellow,FALSE,0.17728535100538753
P14625,HSP90B1,blue,FALSE,0.19679660659638323
P14649,MYL6B,brown,FALSE,0.14346555793411278
P14854,COX6B1,green,FALSE,0.2161628970592108
P14868,DARS1,blue,FALSE,0.200665541211387
P14927,UQCRB,green,FALSE,0.18839240320967018
P15090,FABP4,turquoise,TRUE,0.0692230808016586
P15104,GLUL,green,FALSE,0.16434041929800797
P15121,AKR1B1,yellow,FALSE,0.1805440159981099
P15170,GSPT1,yellow,FALSE,0.17852309473838152
P15259,PGAM2,yellow,FALSE,0.18370162246802216
P15311,EZR,blue,FALSE,0.22709934467168602
P15374,UCHL3,brown,TRUE,0.14440736616442373
P15531,NME1,turquoise,FALSE,0.12834456515804293
P15880,RPS2,blue,FALSE,0.20825799546686535
P15927,RPA2,green,FALSE,0.2675461461388625
P15954,COX7C,green,FALSE,0.20682878199227084
P16152,CBR1,blue,FALSE,0.2150148520076883
P16219,ACADS,turquoise,FALSE,0.042784607655234834
P16298,PPP3CB,yellow,FALSE,0.1871156242111525
P16615,ATP2A2,red,FALSE,0.1599198565578719
P16930,FAH,turquoise,TRUE,0.09205824197893768
P17152,TMEM11,green,FALSE,0.2045170815545614
P17174,GOT1,turquoise,FALSE,0.08266350208840773
P17540,CKMT2,turquoise,FALSE,0.115780260694734
P17568,NDUFB7,green,FALSE,0.21149989175608688
P17612,PRKACA,red,FALSE,0.1748102900381107
P17655,CAPN2,blue,FALSE,0.2098317720660085
P17661,DES,brown,TRUE,0.13586937141222932
P17858,PFKL,yellow,FALSE,0.1769220175549589
P17931,LGALS3,blue,FALSE,0.22494237711368179
P17948,FLT1,brown,FALSE,0.11405470936953996
P17980,PSMC3,red,FALSE,0.1765526544637681
P17987,TCP1,blue,FALSE,0.1950886010887395
P18077,RPL35A,black,FALSE,0.16375214025325147
P18085,ARF4,red,FALSE,0.17142678579007414
P18124,RPL7,black,FALSE,0.17532974204904794
P18206,VCL,blue,FALSE,0.190451832100008
P18621,RPL17,black,TRUE,0.17165412761255322
P18669,PGAM1,red,FALSE,0.17555042308632146
P18859,ATP5PF,pink,FALSE,0.17653246195187214
P19075,TSPAN8,yellow,FALSE,0.19306755655125887
P19237,TNNI1,brown,FALSE,0.13213419109965846
P19338,NCL,black,TRUE,0.16572674070833182
P19404,NDUFV2,green,FALSE,0.21897478119332064
P19971,TYMP,brown,TRUE,0.14476156358981276
P20020,ATP2B1,black,FALSE,0.15830968043408059
P20042,EIF2S2,black,FALSE,0.16793082476874124
P20231,TPSB2,turquoise,TRUE,0.1493108515335211
P20290,BTF3,red,FALSE,0.17240425768106832
P20472,PVALB,brown,FALSE,0.15799853025541805
P20618,PSMB1,red,FALSE,0.17308110037068752
P20674,COX5A,green,FALSE,0.20313999905718258
P20807,CAPN3,black,TRUE,0.17045586390473855
P20810,CAST,blue,TRUE,0.19760922430542138
P20929,NEB,brown,TRUE,0.15004842418750508
P21266,GSTM3,yellow,FALSE,0.1809483134007635
P21291,CSRP1,blue,FALSE,0.20703499792295899
P21333,FLNA,blue,TRUE,0.22201369568189142
P21397,MAOA,turquoise,TRUE,0.08118453090578885
P21399,ACO1,turquoise,FALSE,0.07729616013315746
P21695,GPD1,yellow,FALSE,0.1819764480295733
P21796,VDAC1,green,FALSE,0.18951955896540215
P21810,BGN,brown,FALSE,0.14280109631072538
P21817,RYR1,yellow,FALSE,0.1806856971736008
P21912,SDHB,turquoise,FALSE,0.08226218507278833
P21980,TGM2,green,FALSE,0.23949892792464142
P22033,MMUT,turquoise,FALSE,0.11042936179925555
P22061,PCMT1,red,FALSE,0.1708743172910693
P22102,GART,blue,FALSE,0.19298748338335267
P22234,PAICS,magenta,FALSE,0.15181060386803222
P22314,UBA1,red,FALSE,0.16965631673285306
P22570,FDXR,brown,FALSE,0.14204769190825006
P22626,HNRNPA2B1,brown,FALSE,0.14397152426854956
P22695,UQCRC2,green,FALSE,0.19289395742121077
P22830,FECH,turquoise,FALSE,0.10653508780329637
P23109,AMPD1,red,FALSE,0.17560808985367987
P23142,FBLN1,black,FALSE,0.15713406909373442
P23246,SFPQ,black,FALSE,0.17129089908079415
P23327,HRC,blue,TRUE,0.19713052905924103
P23368,ME2,pink,FALSE,0.18058177674442794
P23396,RPS3,purple,FALSE,0.17409229402327506
P23526,AHCY,magenta,FALSE,0.14622606064711746
P23528,CFL1,red,FALSE,0.17539721976812406
P23634,ATP2B4,yellow,FALSE,0.18000298337309814
P23786,CPT2,turquoise,TRUE,0.07204965908042028
P24043,LAMA2,brown,FALSE,0.13671002156400586
P24298,GPT,turquoise,FALSE,0.06706609600094296
P24310,COX7A1,green,FALSE,0.20646050034788832
P24311,COX7B,green,FALSE,0.22364386522907456
P24534,EEF1B2,blue,FALSE,0.19534482247420867
P24539,ATP5PB,pink,FALSE,0.16636032023598327
P24666,ACP1,yellow,FALSE,0.1885647228637355
P24752,ACAT1,turquoise,TRUE,0.07779077235003148
P25311,AZGP1,turquoise,FALSE,0.06700792308361667
P25325,MPST,turquoise,TRUE,0.04810071551565301
P25398,RPS12,purple,FALSE,0.18629254254255914
P25705,ATP5F1A,pink,FALSE,0.17124684338829727
P25786,PSMA1,red,FALSE,0.17270260747437835
P25787,PSMA2,red,FALSE,0.17300539021919897
P25788,PSMA3,red,FALSE,0.17239144949877958
P25789,PSMA4,red,FALSE,0.17688047142251706
P26038,MSN,blue,FALSE,0.22010283971077077
P26196,DDX6,magenta,FALSE,0.14752780876504815
P26373,RPL13,black,FALSE,0.17190483138517423
P26440,IVD,turquoise,TRUE,0.09534939350395409
P26447,S100A4,blue,FALSE,0.2687103693915695
P26583,HMGB2,turquoise,TRUE,0.060627988886049394
P26639,TARS1,blue,FALSE,0.21227648625017295
P26640,VARS1,blue,FALSE,0.21729572651478218
P26641,EEF1G,blue,TRUE,0.20092830139084392
P26885,FKBP2,green,FALSE,0.19483486396628522
P27338,MAOB,turquoise,TRUE,0.07889206760523415
P27348,YWHAQ,turquoise,TRUE,0.10332075396656593
P27361,MAPK3,brown,FALSE,0.15111695366530525
P27635,RPL10,black,TRUE,0.1832132453177424
P27695,APEX1,turquoise,FALSE,0.1244106814368837
P27816,MAP4,blue,FALSE,0.19240447238199368
P27824,CANX,blue,FALSE,0.19199978331990877
P28066,PSMA5,red,FALSE,0.17394409969309535
P28070,PSMB4,yellow,FALSE,0.17842318364483525
P28072,PSMB6,red,FALSE,0.1686253073084629
P28074,PSMB5,red,FALSE,0.16573228491805686
P28289,TMOD1,brown,FALSE,0.14537637958934319
P28331,NDUFS1,green,FALSE,0.2070909555642258
P28482,MAPK1,red,FALSE,0.18492616121683184
P28749,RBL1,black,FALSE,0.16604524267081625
P28907,CD38,yellow,FALSE,0.1850599259188229
P29218,IMPA1,magenta,FALSE,0.1490559509584672
P29400,COL4A5,brown,FALSE,0.154920406912135
P29692,EEF1D,blue,FALSE,0.19495409807891134
P29966,MARCKS,blue,FALSE,0.209927915908829
P29992,GNA11,brown,FALSE,0.15049350139059833
P30038,ALDH4A1,turquoise,TRUE,0.08382857914007953
P30040,ERP29,green,FALSE,0.18490987862969208
P30043,BLVRB,red,FALSE,0.17144010465300868
P30049,ATP5F1D,pink,FALSE,0.1679033101882741
P30050,RPL12,black,FALSE,0.18149012942852308
P30084,ECHS1,turquoise,TRUE,0.09779903020896481
P30086,PEBP1,yellow,FALSE,0.18399657267880953
P30101,PDIA3,blue,FALSE,0.19868208336164705
P30153,PPP2R1A,blue,FALSE,0.18669213681174726
P30405,PPIF,turquoise,FALSE,0.10746499240427007
P30419,NMT1,purple,FALSE,0.16175342714279395
P30520,ADSS2,brown,FALSE,0.14134313262911363
P30533,LRPAP1,turquoise,TRUE,0.10681542098134213
P30536,TSPO,pink,FALSE,0.17102318037883
P30566,ADSL,yellow,FALSE,0.1844047934258482
P30622,CLIP1,blue,FALSE,0.17745579518731083
P30626,SRI,turquoise,FALSE,0.12592967763243454
P30837,ALDH1B1,blue,FALSE,0.279930119524518
P31040,SDHA,turquoise,FALSE,0.09043549227425755
P31415,CASQ1,red,FALSE,0.18698740553955165
P31689,DNAJA1,blue,FALSE,0.2067343220725515
P31930,UQCRC1,green,FALSE,0.1901663335699318
P31937,HIBADH,turquoise,FALSE,0.10389067453645222
P31939,ATIC,blue,TRUE,0.19233626028345932
P31943,HNRNPH1,green,FALSE,0.21453613128059426
P31946,YWHAB,red,FALSE,0.1746759523174447
P31949,S100A11,blue,FALSE,0.22108704003835233
P32456,GBP2,blue,FALSE,0.17867088332182512
P33121,ACSL1,turquoise,FALSE,0.08720112873983786
P33176,KIF5B,blue,FALSE,0.20504205023657537
P34896,SHMT1,yellow,FALSE,0.18767830936975935
P34897,SHMT2,turquoise,FALSE,0.20005238922136945
P34932,HSPA4,blue,FALSE,0.19020540417563025
P34949,MPI,brown,FALSE,0.15111255710947535
P35080,PFN2,blue,FALSE,0.18711145243779084
P35221,CTNNA1,pink,FALSE,0.17277278308967822
P35241,RDX,red,TRUE,0.1674292948313489
P35268,RPL22,purple,TRUE,0.19260852949140836
P35555,FBN1,brown,FALSE,0.1464237284861785
P35573,AGL,yellow,FALSE,0.1792443486792721
P35606,COPB2,blue,FALSE,0.19551794653031473
P35609,ACTN2,brown,TRUE,0.11361773259548784
P35611,ADD1,red,FALSE,0.17256563468586394
P35637,FUS,black,FALSE,0.165116880711019
P35659,DEK,brown,FALSE,0.1460450170054613
P35754,GLRX,brown,FALSE,0.14993462809874497
P35813,PPM1A,turquoise,FALSE,0.0991332150479839
P35914,HMGCL,turquoise,TRUE,0.09716372534215655
P35998,PSMC2,blue,TRUE,0.18820311053428784
P36542,ATP5F1C,pink,FALSE,0.17280095637085371
P36578,RPL4,black,FALSE,0.17420225777056736
P36776,LONP1,turquoise,TRUE,0.10063182117491497
P36871,PGM1,yellow,FALSE,0.18170118707710362
P36957,DLST,turquoise,FALSE,0.10463836300207316
P36959,GMPR,red,FALSE,0.17143755280463388
P37108,SRP14,purple,FALSE,0.16104172548204412
P37802,TAGLN2,turquoise,FALSE,0.17321966283320947
P38117,ETFB,turquoise,TRUE,0.08878137478313237
P38606,ATP6V1A,red,FALSE,0.1803824348627496
P38646,HSPA9,turquoise,FALSE,0.14140202429612292
P39019,RPS19,purple,TRUE,0.17987905403750756
P39023,RPL3,black,FALSE,0.1541049930843849
P39059,COL15A1,brown,FALSE,0.13091562227447326
P39656,DDOST,magenta,TRUE,0.1448240782568646
P39687,ANP32A,blue,FALSE,0.1878063140012548
P40121,CAPG,blue,FALSE,0.2239840320859119
P40123,CAP2,green,FALSE,0.20605212110780965
P40227,CCT6A,blue,FALSE,0.2099594158978409
P40429,RPL13A,black,FALSE,0.1739208406943826
P40616,ARL1,magenta,FALSE,0.16190897580461655
P40925,MDH1,turquoise,FALSE,0.07555383657399836
P40926,MDH2,turquoise,FALSE,0.10766805296362321
P40939,HADHA,turquoise,TRUE,0.08198265707761487
P41091,EIF2S3,magenta,FALSE,0.1456635556050256
P41227,NAA10,blue,FALSE,0.20303230351229973
P41236,PPP1R2,yellow,FALSE,0.18283612027201326
P41250,GARS1,red,FALSE,0.16215271502447215
P41252,IARS1,magenta,FALSE,0.1563160160551527
P41567,EIF1,red,FALSE,0.16303246977673982
P42126,ECI1,turquoise,TRUE,0.09276129022395688
P42167,TMPO,green,FALSE,0.18878747416367733
P42330,AKR1C3,blue,FALSE,0.21927875306116634
P42677,RPS27,blue,TRUE,0.19153950417531326
P42704,LRPPRC,pink,FALSE,0.17786919566708909
P42765,ACAA2,turquoise,TRUE,0.06828108554523159
P42766,RPL35,black,TRUE,0.1775015098495125
P43034,PAFAH1B1,magenta,FALSE,0.14743470214130658
P43155,CRAT,turquoise,TRUE,0.09718239468688283
P43304,GPD2,yellow,FALSE,0.18537255662576588
P43686,PSMC4,blue,TRUE,0.1878085457946889
P43897,TSFM,turquoise,FALSE,0.13986221220386139
P45378,TNNT3,brown,TRUE,0.1305374796894471
P45381,ASPA,turquoise,FALSE,0.12127903210908383
P45877,PPIC,brown,FALSE,0.14978911958436594
P45880,VDAC2,green,FALSE,0.19867711551341383
P45954,ACADSB,turquoise,FALSE,0.074826980264694
P45974,USP5,blue,FALSE,0.1958172484885996
P45985,MAP2K4,brown,TRUE,0.14311361792456706
P46019,PHKA2,brown,TRUE,0.1338451779204349
P46020,PHKA1,red,FALSE,0.1851848873587717
P46109,CRKL,black,FALSE,0.15857014885564838
P46379,BAG6,blue,FALSE,0.1794919453779599
P46459,NSF,yellow,FALSE,0.17797848832855148
P46776,RPL27A,black,TRUE,0.16364879904950835
P46777,RPL5,black,FALSE,0.1717843206155355
P46779,RPL28,black,FALSE,0.17100865913380017
P46781,RPS9,purple,FALSE,0.17483144740666834
P46782,RPS5,purple,FALSE,0.17757164075032728
P46783,RPS10,black,TRUE,0.17839349789148018
P46926,GNPDA1,yellow,FALSE,0.1851831271571787
P46976,GYG1,blue,FALSE,0.18681024107006539
P46977,STT3A,magenta,FALSE,0.1468806573485842
P47755,CAPZA2,brown,TRUE,0.14472434474362153
P47756,CAPZB,brown,FALSE,0.14228595327933233
P47813,EIF1AX,purple,FALSE,0.16632536253193533
P47897,QARS1,pink,FALSE,0.17518542536114262
P47914,RPL29,black,FALSE,0.17379423407289274
P47985,UQCRFS1,green,FALSE,0.194764116508435
P48047,ATP5PO,pink,FALSE,0.17183049398780845
P48059,LIMS1,turquoise,FALSE,0.12072668030066731
P48147,PREP,yellow,FALSE,0.184057573970414
P48163,ME1,yellow,FALSE,0.18403727647531762
P48444,ARCN1,blue,FALSE,0.19264851755362997
P48449,LSS,turquoise,FALSE,0.0908365765508668
P48507,GCLM,brown,TRUE,0.13990177596001935
P48509,CD151,magenta,TRUE,0.14711223572473398
P48556,PSMD8,blue,FALSE,0.18398629043605688
P48643,CCT5,blue,FALSE,0.2012245147680885
P48681,NES,blue,FALSE,0.2033794650999799
P48735,IDH2,turquoise,TRUE,0.10042130176365807
P48788,TNNI2,brown,TRUE,0.13197363213903043
P49023,PXN,turquoise,FALSE,0.08449511142990272
P49189,ALDH9A1,yellow,FALSE,0.18672028140526853
P49207,RPL34,brown,TRUE,0.1618278990878525
P49257,LMAN1,red,FALSE,0.17359577219767267
P49368,CCT3,blue,FALSE,0.19596415815665866
P49406,MRPL19,turquoise,FALSE,0.09782284463551362
P49411,TUFM,turquoise,FALSE,0.1635425509135326
P49419,ALDH7A1,turquoise,FALSE,0.08774724639987065
P49589,CARS1,red,FALSE,0.17341925471700795
P49591,SARS1,blue,FALSE,0.19803402288551233
P49720,PSMB3,red,FALSE,0.17207614846444405
P49748,ACADVL,turquoise,FALSE,0.08329373564830975
P49753,ACOT2,turquoise,FALSE,0.09213833979887073
P49755,TMED10,brown,FALSE,0.15449588806380177
P49773,HINT1,yellow,FALSE,0.17751820557716141
P49821,NDUFV1,green,FALSE,0.20468070781533249
P49840,GSK3A,turquoise,FALSE,0.062173228545857426
P50213,IDH3A,turquoise,FALSE,0.15853068945005677
P50225,SULT1A1,turquoise,FALSE,0.07167936995654205
P50395,GDI2,yellow,FALSE,0.17962580783508383
P50402,EMD,green,TRUE,0.21827717337889396
P50416,CPT1A,magenta,FALSE,0.14310676982310963
P50454,SERPINH1,blue,FALSE,0.28923865731865506
P50461,CSRP3,blue,FALSE,0.2379751466049275
P50502,ST13,yellow,FALSE,0.1816362464902506
P50851,LRBA,brown,TRUE,0.14712240572488394
P50895,BCAM,brown,FALSE,0.1460162646218423
P50914,RPL14,black,FALSE,0.1693349371179188
P50990,CCT8,blue,FALSE,0.19700740727522656
P50991,CCT4,blue,FALSE,0.20004697724792433
P51114,FXR1,purple,FALSE,0.17506966388556133
P51452,DUSP3,red,FALSE,0.17542912656115817
P51553,IDH3G,turquoise,FALSE,0.1558420534081089
P51570,GALK1,turquoise,TRUE,0.058760765969898626
P51572,BCAP31,blue,FALSE,0.192123617562407
P51648,ALDH3A2,red,FALSE,0.1708149354547723
P51649,ALDH5A1,turquoise,TRUE,0.09015272683500528
P51659,HSD17B4,red,FALSE,0.1719884245565865
P51665,PSMD7,blue,TRUE,0.18841564371208733
P51687,SUOX,turquoise,TRUE,0.06470397288794313
P51692,STAT5B,yellow,FALSE,0.18319608466417983
P51858,HDGF,red,TRUE,0.16843615333014503
P51888,PRELP,brown,FALSE,0.1438678247696324
P51970,NDUFA8,green,FALSE,0.20769893019050925
P51991,HNRNPA3,brown,FALSE,0.1423580954793158
P52179,MYOM1,brown,TRUE,0.1453887715795538
P52272,HNRNPM,green,FALSE,0.2075302053564028
P52294,KPNA1,blue,FALSE,0.20248334464243417
P52564,MAP2K6,turquoise,FALSE,0.1010301037877539
P52565,ARHGDIA,yellow,FALSE,0.1812368142304269
P52566,ARHGDIB,turquoise,TRUE,0.05911711931441614
P52815,MRPL12,turquoise,FALSE,0.1245772882932654
P52895,AKR1C2,blue,FALSE,0.20364378741296604
P52907,CAPZA1,brown,TRUE,0.14009227635678184
P53041,PPP5C,turquoise,TRUE,0.08699709874508171
P53597,SUCLG1,turquoise,FALSE,0.09831247961505166
P53621,COPA,blue,FALSE,0.185477399230559
P53701,HCCS,turquoise,FALSE,0.09900137115511358
P53804,TTC3,turquoise,FALSE,0.0936666037421402
P53814,SMTN,magenta,TRUE,0.1566967963047905
P53985,SLC16A1,turquoise,FALSE,0.12130085219256954
P53992,SEC24C,turquoise,TRUE,0.09295156663818104
P54136,RARS1,blue,FALSE,0.1856946194507863
P54284,CACNB3,yellow,FALSE,0.1849457910650822
P54289,CACNA2D1,yellow,FALSE,0.18358683212757576
P54296,MYOM2,brown,TRUE,0.1497518274237011
P54577,YARS1,yellow,FALSE,0.18098506568232153
P54578,USP14,red,FALSE,0.17456729664773368
P54619,PRKAG1,blue,FALSE,0.2023923357927035
P54646,PRKAA2,blue,FALSE,0.19138017544829042
P54652,HSPA2,blue,FALSE,0.18976331983673084
P54727,RAD23B,turquoise,TRUE,0.0876052747550566
P54819,AK2,turquoise,FALSE,0.10107003391773985
P55036,PSMD4,blue,FALSE,0.18832056645867373
P55042,RRAD,blue,FALSE,0.23390957464701226
P55072,VCP,blue,FALSE,0.18303633506734754
P55084,HADHB,turquoise,TRUE,0.07979376746580046
P55209,NAP1L1,blue,FALSE,0.18631021695922922
P55268,LAMB2,brown,FALSE,0.13785537731864958
P55327,TPD52,blue,FALSE,0.2283157077855914
P55786,NPEPPS,yellow,FALSE,0.18326365845090864
P55795,HNRNPH2,brown,FALSE,0.14530801574099053
P55809,OXCT1,green,FALSE,0.16708698324336996
P55822,SH3BGR,red,TRUE,0.17170378373566722
P55884,EIF3B,purple,FALSE,0.1685262171298193
P56134,ATP5MF,pink,FALSE,0.16034304107321654
P56181,NDUFV3,green,FALSE,0.22074922217367346
P56211,ARPP19,blue,FALSE,0.1803949092277353
P56381,ATP5F1E,pink,FALSE,0.16902118612362077
P56385,ATP5ME,pink,FALSE,0.17005021152839064
P56537,EIF6,brown,FALSE,0.14551508674773359
P56556,NDUFA6,green,FALSE,0.23501916687040111
P57772,EEFSEC,purple,FALSE,0.19021731018269342
P58546,MTPN,yellow,FALSE,0.18232411469939888
P59666,DEFA3,turquoise,FALSE,0.10305370293118228
P59998,ARPC4,magenta,FALSE,0.15389888406332689
P60174,TPI1,yellow,FALSE,0.1811531832417314
P60228,EIF3E,red,FALSE,0.18207422622136854
P60520,GABARAPL2,brown,FALSE,0.14441559398532258
P60602,ROMO1,pink,FALSE,0.16083085045473047
P60660,MYL6,brown,FALSE,0.1339579607549499
P60709,ACTB,brown,FALSE,0.13083310438333487
P60842,EIF4A1,red,FALSE,0.17472541380978862
P60866,RPS20,purple,FALSE,0.1787857101189418
P60891,PRPS1,red,FALSE,0.17037707619164208
P60900,PSMA6,red,FALSE,0.17336770743355664
P60953,CDC42,turquoise,TRUE,0.0831121779954022
P60981,DSTN,red,FALSE,0.1837338280438874
P61019,RAB2A,red,FALSE,0.1624650124897046
P61026,RAB10,blue,FALSE,0.17480103848637937
P61081,UBE2M,yellow,FALSE,0.1839156223914958
P61086,UBE2K,turquoise,TRUE,0.06537906371847624
P61088,UBE2N,yellow,FALSE,0.1861884533056595
P61106,RAB14,red,FALSE,0.1694192080810143
P61158,ACTR3,turquoise,FALSE,0.12226240664670504
P61160,ACTR2,turquoise,FALSE,0.13468368468268682
P61163,ACTR1A,purple,FALSE,0.1714705332261124
P61201,COPS2,red,FALSE,0.17097633261814532
P61221,ABCE1,blue,FALSE,0.21532222850064517
P61224,RAP1B,blue,FALSE,0.19079004857233767
P61247,RPS3A,purple,TRUE,0.1837936323394485
P61254,RPL26,black,FALSE,0.16722700935417514
P61313,RPL15,black,FALSE,0.166830763801627
P61353,RPL27,brown,TRUE,0.14493879365285256
P61513,RPL37A,black,FALSE,0.18800956446921496
P61586,RHOA,red,FALSE,0.1673214605053886
P61604,HSPE1,turquoise,FALSE,0.15937176692728042
P61619,SEC61A1,blue,FALSE,0.1801298512156094
P61758,VBP1,red,FALSE,0.1669304883309897
P61916,NPC2,turquoise,FALSE,0.09620097900850638
P61925,PKIA,yellow,FALSE,0.18178245448753233
P61956,SUMO2,yellow,FALSE,0.17771472772626182
P61970,NUTF2,yellow,FALSE,0.18175943699882802
P62072,TIMM10,turquoise,TRUE,0.06811841619214215
P62081,RPS7,magenta,TRUE,0.16834911637965297
P62136,PPP1CA,red,FALSE,0.17933832452413495
P62140,PPP1CB,red,FALSE,0.1841017287657321
P62191,PSMC1,red,FALSE,0.17469833806426177
P62195,PSMC5,purple,FALSE,0.16560432417991525
P62241,RPS8,purple,FALSE,0.17268808828056814
P62244,RPS15A,black,FALSE,0.17246209473124385
P62249,RPS16,purple,FALSE,0.1813445521800551
P62263,RPS14,purple,FALSE,0.17575944527280676
P62266,RPS23,black,TRUE,0.16889079361211443
P62269,RPS18,purple,FALSE,0.18074057204523425
P62277,RPS13,purple,FALSE,0.18471334792632907
P62280,RPS11,blue,FALSE,0.21773384099383641
P62318,SNRPD3,black,TRUE,0.17357905411506663
P62328,TMSB4X,pink,FALSE,0.1878837955481561
P62333,PSMC6,red,TRUE,0.1756773412374347
P62424,RPL7A,black,FALSE,0.16629404147686436
P62495,ETF1,blue,FALSE,0.2010945274114114
P62701,RPS4X,purple,FALSE,0.17723234080690733
P62750,RPL23A,black,TRUE,0.1780835375897604
P62753,RPS6,purple,FALSE,0.18143825393307408
P62807,H2BC4,brown,FALSE,0.13270857137081574
P62820,RAB1A,red,FALSE,0.1713672644264006
P62826,RAN,blue,FALSE,0.183496091414535
P62829,RPL23,purple,TRUE,0.18165361579101916
P62841,RPS15,purple,FALSE,0.19317867894569746
P62847,RPS24,black,TRUE,0.16595280253129108
P62851,RPS25,purple,FALSE,0.17989756405359664
P62857,RPS28,purple,FALSE,0.17366831928958124
P62873,GNB1,red,FALSE,0.16400979460903214
P62879,GNB2,red,FALSE,0.1655854299490056
P62888,RPL30,black,FALSE,0.17042850199171433
P62899,RPL31,black,TRUE,0.17107117760591073
P62906,RPL10A,black,FALSE,0.16932418091568233
P62910,RPL32,black,FALSE,0.1926001460506198
P62913,RPL11,black,FALSE,0.1789903636375002
P62917,RPL8,black,FALSE,0.17664295801365568
P62942,FKBP1A,red,FALSE,0.16802754365343728
P62979,RPS27A,magenta,TRUE,0.13900602857274652
P63010,AP2B1,blue,FALSE,0.19785613839914545
P63098,PPP3R1,yellow,FALSE,0.18537971446904472
P63104,YWHAZ,turquoise,TRUE,0.0831058256497921
P63167,DYNLL1,turquoise,TRUE,0.06672768024035629
P63172,DYNLT1,blue,TRUE,0.2180619710144801
P63173,RPL38,brown,TRUE,0.1363265689519615
P63220,RPS21,purple,FALSE,0.1867495622557611
P63241,EIF5A,red,FALSE,0.1727788300651576
P63244,RACK1,purple,FALSE,0.17865799080839748
P63279,UBE2I,turquoise,FALSE,0.07460377743639718
P63316,TNNC1,brown,FALSE,0.13109974304622338
P67809,YBX1,black,FALSE,0.16794726608801783
P67870,CSNK2B,blue,FALSE,0.19245661545694778
P67936,TPM4,turquoise,TRUE,0.12870535288394053
P68036,UBE2L3,yellow,FALSE,0.18156405626451302
P68104,EEF1A1,magenta,FALSE,0.15211108651285762
P68133,ACTA1,brown,FALSE,0.12727694465255987
P68363,TUBA1B,blue,FALSE,0.20291993253308127
P68366,TUBA4A,blue,TRUE,0.1927229302856702
P68371,TUBB4B,blue,FALSE,0.18804260844249035
P68400,CSNK2A1,black,FALSE,0.1682861282724713
P78371,CCT2,blue,FALSE,0.1998050783024457
P78417,GSTO1,turquoise,TRUE,0.05073859311653009
P78527,PRKDC,turquoise,TRUE,0.09848815790466774
P82663,MRPS25,pink,FALSE,0.17662803730732238
P82675,MRPS5,pink,FALSE,0.18263191932422468
P82909,MRPS36,turquoise,FALSE,0.04845379266554482
P82914,MRPS15,pink,FALSE,0.16969081582415171
P82921,MRPS21,pink,FALSE,0.17926381214608755
P83111,LACTB,green,FALSE,0.18227433977704233
P83731,RPL24,black,TRUE,0.18510200716241487
P84077,ARF1,red,FALSE,0.17516706870590462
P84095,RHOG,turquoise,FALSE,0.12778746704182523
P84098,RPL19,black,FALSE,0.1759423715091967
P84243,H3-3A,brown,FALSE,0.13610144251413014
P98160,HSPG2,brown,FALSE,0.14103249400730639
P98179,RBM3,brown,FALSE,0.13384957991631904
P99999,CYCS,green,FALSE,0.19863215877314583
Q00013,MPP1,green,FALSE,0.21604745979813517
Q00059,TFAM,turquoise,TRUE,0.06550006215309619
Q00169,PITPNA,brown,FALSE,0.14793382209254166
Q00325,SLC25A3,pink,FALSE,0.1755953402583426
Q00341,HDLBP,black,FALSE,0.1665621103599333
Q00577,PURA,brown,FALSE,0.1538964062072162
Q00610,CLTC,blue,FALSE,0.19617899442023382
Q00688,FKBP3,red,FALSE,0.17404127218416854
Q00765,REEP5,blue,FALSE,0.19496324896319642
Q00796,SORD,brown,FALSE,0.15149042854228723
Q00872,MYBPC1,brown,FALSE,0.1313424473762645
Q00G26,PLIN5,turquoise,FALSE,0.03751724972382857
Q01082,SPTBN1,blue,FALSE,0.1986298471605207
Q01085,TIAL1,turquoise,TRUE,0.11969470027277791
Q01105,SET,red,FALSE,0.19381007540736914
Q01469,FABP5,turquoise,FALSE,0.07559146144380306
Q01484,ANK2,pink,FALSE,0.17027539105706296
Q01518,CAP1,turquoise,TRUE,0.1971560789648878
Q01844,EWSR1,turquoise,TRUE,0.060950120947853216
Q02218,OGDH,pink,FALSE,0.1711267820695714
Q02221,COX6A2,green,FALSE,0.22829570463103982
Q02252,ALDH6A1,turquoise,TRUE,0.027256684375882086
Q02338,BDH1,turquoise,FALSE,0.05113011299023417
Q02543,RPL18A,black,FALSE,0.16892477396729189
Q02641,CACNB1,yellow,FALSE,0.1820291740099107
Q02750,MAP2K1,red,FALSE,0.17494796479762334
Q02790,FKBP4,turquoise,TRUE,0.07396815109861753
Q02878,RPL6,black,FALSE,0.17832802364547579
Q02952,AKAP12,blue,FALSE,0.20708292279739457
Q02978,SLC25A11,magenta,TRUE,0.15462786118468727
Q03135,CAV1,green,FALSE,0.19825396684570065
Q03154,ACY1,pink,FALSE,0.1771011642978403
Q03252,LMNB2,brown,FALSE,0.13661037817301716
Q04446,GBE1,blue,FALSE,0.2162746477203159
Q04637,EIF4G1,yellow,FALSE,0.18126007723175652
Q04759,PRKCQ,brown,FALSE,0.15859827925239642
Q04760,GLO1,yellow,FALSE,0.18674511358606297
Q04828,AKR1C1,blue,FALSE,0.20883307719583638
Q04837,SSBP1,pink,FALSE,0.17666147219665945
Q04917,YWHAH,blue,TRUE,0.1965324705669944
Q05519,SRSF11,yellow,FALSE,0.18722236251898272
Q05639,EEF1A2,magenta,FALSE,0.1543477340452987
Q05707,COL14A1,red,FALSE,0.1744223519459655
Q06323,PSME1,blue,FALSE,0.20588923822354363
Q06432,CACNG1,yellow,FALSE,0.19172382139692964
Q06830,PRDX1,yellow,FALSE,0.18043560921319332
Q07020,RPL18,black,FALSE,0.188914896835671
Q07021,C1QBP,pink,FALSE,0.17790057905872694
Q07065,CKAP4,blue,FALSE,0.20917939157312257
Q07507,DPT,brown,FALSE,0.14587362744838278
Q07866,KLC1,blue,FALSE,0.19250310883423496
Q07955,SRSF1,black,FALSE,0.16617639754627084
Q07960,ARHGAP1,blue,TRUE,0.2294178138903259
Q08043,ACTN3,brown,TRUE,0.12819586906594416
Q08209,PPP3CA,yellow,FALSE,0.1829041905947912
Q08211,DHX9,black,FALSE,0.1645133799279296
Q08357,SLC20A2,brown,FALSE,0.12833045555783237
Q08623,PUDP,yellow,FALSE,0.18485641506309453
Q08752,PPID,turquoise,FALSE,0.06777321849652719
Q09666,AHNAK,black,FALSE,0.16477766904794078
Q0VAK6,LMOD3,brown,FALSE,0.15043984275445846
Q0VDF9,HSPA14,yellow,FALSE,0.18053350959309522
Q0VDG4,SCRN3,brown,TRUE,0.15044592980163826
Q0ZGT2,NEXN,black,FALSE,0.17946385184942887
Q10567,AP1B1,blue,FALSE,0.20700668355031554
Q10589,BST2,green,FALSE,0.19570817064139198
Q12846,STX4,yellow,FALSE,0.18550039038184038
Q12904,AIMP1,red,FALSE,0.17317758196334418
Q12906,ILF3,brown,FALSE,0.15056431239280807
Q12931,TRAP1,turquoise,FALSE,0.08740411307198041
Q12955,ANK3,purple,FALSE,0.16544091544262704
Q12988,HSPB3,blue,FALSE,0.20232154549289721
Q13011,ECH1,turquoise,TRUE,0.08549012652528779
Q13033,STRN3,blue,FALSE,0.1784707559890744
Q13057,COASY,yellow,FALSE,0.18533225246738544
Q13061,TRDN,black,FALSE,0.1704462120638753
Q13085,ACACA,blue,FALSE,0.19419073704531498
Q13148,TARDBP,turquoise,FALSE,0.09830107900861305
Q13155,AIMP2,pink,FALSE,0.1690826475356795
Q13162,PRDX4,red,FALSE,0.18167456187777392
Q13200,PSMD2,red,FALSE,0.17611864955212436
Q13203,MYBPH,brown,TRUE,0.10451228225650969
Q13228,SELENBP1,turquoise,TRUE,0.05671221120174802
Q13283,G3BP1,black,FALSE,0.17883372670804892
Q13310,PABPC4,green,FALSE,0.19421932968229566
Q13326,SGCG,yellow,FALSE,0.18620867461818455
Q13347,EIF3I,purple,FALSE,0.1717059676357974
Q13409,DYNC1I2,blue,FALSE,0.20369377049236218
Q13423,NNT,turquoise,FALSE,0.11352351807358677
Q13424,SNTA1,magenta,TRUE,0.15687286082774113
Q13425,SNTB2,brown,FALSE,0.1504183958274294
Q13435,SF3B2,turquoise,TRUE,0.10766047134129074
Q13442,PDAP1,black,FALSE,0.16114703039536965
Q13445,TMED1,blue,FALSE,0.18232657214096393
Q13451,FKBP5,turquoise,FALSE,0.06948216570392558
Q13492,PICALM,pink,FALSE,0.16990675518487786
Q13505,MTX1,pink,FALSE,0.17369042889669667
Q13508,ART3,yellow,FALSE,0.20349328966896066
Q13510,ASAH1,turquoise,TRUE,0.08439886971191582
Q13526,PIN1,yellow,FALSE,0.17983953469366137
Q13554,CAMK2B,purple,FALSE,0.17962062570168488
Q13555,CAMK2G,purple,FALSE,0.16449330859635736
Q13557,CAMK2D,purple,TRUE,0.19604109427165325
Q13561,DCTN2,purple,FALSE,0.1694230717490126
Q13564,NAE1,turquoise,TRUE,0.04928418562141895
Q13586,STIM1,purple,FALSE,0.1658986354878056
Q13618,CUL3,red,FALSE,0.16904395129457217
Q13619,CUL4A,turquoise,FALSE,0.0834275478828773
Q13642,FHL1,blue,FALSE,0.19533317706003125
Q13643,FHL3,brown,TRUE,0.15364900834185052
Q13683,ITGA7,brown,FALSE,0.15365282223493168
Q13698,CACNA1S,magenta,FALSE,0.1435868951725808
Q13724,MOGS,green,FALSE,0.19124152907451908
Q13813,SPTAN1,blue,FALSE,0.19689664295679848
Q13825,AUH,pink,FALSE,0.1728764232330005
Q13884,SNTB1,yellow,FALSE,0.18441848425365232
Q13885,TUBB2A,blue,FALSE,0.2012759754844248
Q13907,IDI1,turquoise,TRUE,0.042714553275140975
Q13976,PRKG1,brown,FALSE,0.16022693629096754
Q14061,COX17,green,FALSE,0.17898259534431368
Q14108,SCARB2,yellow,FALSE,0.17534656039324656
Q14112,NID2,brown,FALSE,0.1374954387808752
Q14116,IL18,blue,FALSE,0.21430280804111373
Q14118,DAG1,red,FALSE,0.16724226642116144
Q14152,EIF3A,purple,FALSE,0.17227649488230495
Q14157,UBAP2L,black,FALSE,0.1890668507063641
Q14165,MLEC,magenta,TRUE,0.15210633601811505
Q14195,DPYSL3,turquoise,FALSE,0.06769039501807723
Q14203,DCTN1,blue,FALSE,0.19940444937668844
Q14204,DYNC1H1,blue,FALSE,0.208153390573735
Q14232,EIF2B1,blue,FALSE,0.19820018785469765
Q14240,EIF4A2,red,FALSE,0.18218251336643249
Q14249,ENDOG,pink,FALSE,0.1715623968654715
Q14315,FLNC,blue,TRUE,0.21994987537580155
Q14324,MYBPC2,brown,FALSE,0.13767534545422289
Q14444,CAPRIN1,black,TRUE,0.18061042041487188
Q14558,PRPSAP1,red,FALSE,0.16249066653979172
Q14677,CLINT1,blue,FALSE,0.17399880124062836
Q14697,GANAB,blue,FALSE,0.18827973574531134
Q14714,SSPN,brown,FALSE,0.1597527206960089
Q14764,MVP,black,FALSE,0.18756743588919253
Q14767,LTBP3,turquoise,FALSE,0.08003699757950956
Q14847,LASP1,black,FALSE,0.17239053567804943
Q14914,PTGR1,pink,FALSE,0.1873551009203334
Q14974,KPNB1,blue,TRUE,0.19254033957765324
Q14997,PSME4,blue,FALSE,0.20639433232473448
Q14BN4,SLMAP,blue,FALSE,0.19653663578240066
Q15006,EMC2,brown,TRUE,0.14174431343989546
Q15008,PSMD6,magenta,FALSE,0.14712948778162807
Q15046,KARS1,red,FALSE,0.16676379404810657
Q15075,EEA1,blue,FALSE,0.19632348149452378
Q15102,PAFAH1B3,yellow,FALSE,0.18069991731449117
Q15118,PDK1,green,FALSE,0.17761026043240705
Q15119,PDK2,turquoise,FALSE,0.09481539559012822
Q15121,PEA15,blue,FALSE,0.15161844618356118
Q15124,PGM5,green,TRUE,0.18890371794774363
Q15149,PLEC,brown,TRUE,0.1603989459347467
Q15172,PPP2R5A,brown,FALSE,0.14203369772545701
Q15181,PPA1,turquoise,FALSE,0.08645628973147555
Q15185,PTGES3,red,FALSE,0.16979387608635782
Q15223,NECTIN1,brown,FALSE,0.2317133259817829
Q15233,NONO,black,FALSE,0.16623514353365035
Q15276,RABEP1,blue,FALSE,0.21138408220042837
Q15286,RAB35,brown,FALSE,0.13863743401176307
Q15363,TMED2,red,FALSE,0.17422014189591184
Q15369,ELOC,brown,FALSE,0.14568779016818886
Q15370,ELOB,brown,TRUE,0.14464017791625033
Q15404,RSU1,turquoise,FALSE,0.08778586330646276
Q15555,MAPRE2,yellow,FALSE,0.18225710301869794
Q15631,TSN,yellow,FALSE,0.18924228693024747
Q15637,SF1,green,FALSE,0.20893205579043717
Q15642,TRIP10,red,TRUE,0.16825547933314605
Q15691,MAPRE1,blue,FALSE,0.19377787307218394
Q15717,ELAVL1,brown,FALSE,0.14387903560816517
Q15746,MYLK,yellow,FALSE,0.20654753666128434
Q15772,SPEG,brown,TRUE,0.15524286437180054
Q15819,UBE2V2,yellow,FALSE,0.18648702463906544
Q15843,NEDD8,red,FALSE,0.1762410197631536
Q15848,ADIPOQ,turquoise,FALSE,0.06482495582982273
Q15942,ZYX,black,FALSE,0.16916962490068324
Q16082,HSPB2,blue,FALSE,0.21342407532344518
Q16134,ETFDH,turquoise,FALSE,0.09031649634420075
Q16531,DDB1,blue,FALSE,0.18872593238302726
Q16543,CDC37,turquoise,TRUE,0.09941818868945365
Q16555,DPYSL2,turquoise,TRUE,0.10592162824024298
Q16563,SYPL1,yellow,FALSE,0.18963815401982126
Q16585,SGCB,yellow,FALSE,0.18444671461365036
Q16595,FXN,turquoise,TRUE,0.07432620508777281
Q16658,FSCN1,pink,FALSE,0.20952457289830992
Q16698,DECR1,turquoise,FALSE,0.1156121407952448
Q16718,NDUFA5,green,FALSE,0.19809249182664376
Q16762,TST,turquoise,TRUE,0.06413834352220787
Q16773,KYAT1,yellow,FALSE,0.19249881722048817
Q16795,NDUFA9,green,FALSE,0.2021400049803626
Q16821,PPP1R3A,magenta,TRUE,0.16215263154382772
Q16836,HADH,turquoise,TRUE,0.0815860699317039
Q16851,UGP2,blue,FALSE,0.18838831723865843
Q16881,TXNRD1,yellow,FALSE,0.18378064201438543
Q16891,IMMT,green,FALSE,0.18293373308872332
Q2TAA2,IAH1,pink,FALSE,0.1699480504420814
Q2TBA0,KLHL40,blue,TRUE,0.22049214590565105
Q3LXA3,TKFC,turquoise,FALSE,0.081487332607762
Q3ZCQ8,TIMM50,turquoise,FALSE,0.09556159632229838
Q4G0N4,NADK2,turquoise,FALSE,0.06855913136425339
Q53GG5,PDLIM3,blue,FALSE,0.18942005413598584
Q53GQ0,HSD17B12,turquoise,FALSE,0.11990785804253896
Q53H12,AGK,pink,FALSE,0.19010532826868198
Q53H82,LACTB2,turquoise,FALSE,0.0947375017445841
Q5BKX8,CAVIN4,blue,FALSE,0.18188552386486317
Q5D862,FLG2,green,FALSE,0.21461123979335106
Q5HYI8,RABL3,purple,FALSE,0.15933523706099342
Q5HYK3,COQ5,turquoise,TRUE,0.0815212766811975
Q5JPE7,NOMO2,red,FALSE,0.1813268766802417
Q5JTJ3,COA6,green,FALSE,0.19505830242985608
Q5JWF2,GNAS,yellow,FALSE,0.19502449345673292
Q5SQH8,C6orf136,pink,FALSE,0.14184450022669995
Q5SSJ5,HP1BP3,black,FALSE,0.17071002224956572
Q5T440,IBA57,turquoise,TRUE,0.08515302044024949
Q5T4S7,UBR4,blue,FALSE,0.18145091114062825
Q5TAQ9,DCAF8,red,FALSE,0.17846506227442915
Q5TDH0,DDI2,brown,TRUE,0.13558154837108027
Q5TGZ0,MICOS10,magenta,TRUE,0.164924363922874
Q5U5X0,LYRM7,turquoise,FALSE,0.06466236549098282
Q5VST9,OBSCN,brown,TRUE,0.15414588068115823
Q5VTT5,MYOM3,brown,TRUE,0.14528804400373385
Q5VU43,PDE4DIP,red,FALSE,0.18615931564893756
Q5VW32,BROX,red,FALSE,0.1765053781958905
Q5VXT5,SYPL2,yellow,FALSE,0.1914842737230207
Q5VYK3,ECPAS,blue,FALSE,0.18298261070799846
Q5XPI4,RNF123,magenta,FALSE,0.13806021155795553
Q68DQ2,CRYBG3,brown,FALSE,0.16277128838571012
Q6DKJ4,NXN,turquoise,TRUE,0.08519026560438635
Q6H8Q1,ABLIM2,brown,FALSE,0.14572429333520545
Q6IAA8,LAMTOR1,turquoise,TRUE,0.07924385229067413
Q6IAN0,DHRS7B,magenta,TRUE,0.1444776091484695
Q6IBS0,TWF2,black,FALSE,0.17872631043393833
Q6IPR1,ETFRF1,brown,FALSE,0.15532003053867768
Q6IQ22,RAB12,yellow,FALSE,0.1826269502558357
Q6IQ26,DENND5A,yellow,FALSE,0.1891255458854364
Q6JBY9,RCSD1,yellow,FALSE,0.18170798096637902
Q6NVY1,HIBCH,turquoise,FALSE,0.14680188994140667
Q6P161,MRPL54,pink,FALSE,0.1762212338694646
Q6P1A2,LPCAT3,purple,FALSE,0.16300184602187187
Q6P4A7,SFXN4,brown,FALSE,0.13318753556120555
Q6P587,FAHD1,turquoise,FALSE,0.09272591996932207
Q6P5Q4,LMOD2,brown,TRUE,0.1330752549023597
Q6PCB7,SLC27A1,turquoise,FALSE,0.03806345429737157
Q6PK04,CCDC137,brown,FALSE,0.12381807374354879
Q6QEF8,CORO6,brown,FALSE,0.14742681476437122
Q6UW68,TMEM205,brown,TRUE,0.14915417944362236
Q6UWP2,DHRS11,turquoise,FALSE,0.21669113819142624
Q6UXV4,APOOL,turquoise,FALSE,0.08260122511147226
Q6YN16,HSDL2,turquoise,FALSE,0.08751434730668149
Q6YP21,KYAT3,yellow,FALSE,0.18604059047885932
Q6ZMU5,TRIM72,blue,FALSE,0.18716805241004414
Q6ZU65,UBN2,brown,FALSE,0.12088338675334111
Q702N8,XIRP1,purple,FALSE,0.2136684703253161
Q7KZF4,SND1,purple,FALSE,0.18673762962818038
Q7L0Y3,TRMT10C,turquoise,FALSE,0.1015851534427335
Q7L1Q6,BZW1,magenta,TRUE,0.15441782094210774
Q7L2H7,EIF3M,brown,FALSE,0.14441861006525872
Q7L5N1,COPS6,yellow,FALSE,0.1798772053868106
Q7LBR1,CHMP1B,brown,FALSE,0.15044441012368232
Q7Z2K6,ERMP1,turquoise,FALSE,0.10740534916884512
Q7Z2W9,MRPL21,pink,FALSE,0.15422136526048935
Q7Z3D6,DGLUCY,turquoise,FALSE,0.10702743853716021
Q7Z434,MAVS,turquoise,TRUE,0.0571550809614069
Q7Z4G1,COMMD6,blue,FALSE,0.2154644382729919
Q7Z4W1,DCXR,turquoise,TRUE,0.07420443465525935
Q86SX6,GLRX5,turquoise,FALSE,0.07793079886278002
Q86TC9,MYPN,black,FALSE,0.16815221148274356
Q86TD4,SRL,black,FALSE,0.16219839808278003
Q86TX2,ACOT1,brown,FALSE,0.13236164138901865
Q86U28,ISCA2,turquoise,FALSE,0.10553367306265762
Q86UE4,MTDH,blue,FALSE,0.1979702400099037
Q86UP2,KTN1,blue,FALSE,0.1904149311414434
Q86UT6,NLRX1,green,FALSE,0.167707059667008
Q86V88,MDP1,green,TRUE,0.16855129494525753
Q86VD7,SLC25A42,green,FALSE,0.14072968099626987
Q86VF7,NRAP,blue,TRUE,0.21518511823307948
Q86VP6,CAND1,blue,FALSE,0.18163695205726937
Q86VX2,COMMD7,blue,FALSE,0.2077849089392039
Q86X55,CARM1,magenta,TRUE,0.17596359701965653
Q86Y39,NDUFA11,magenta,TRUE,0.14060647839580556
Q86YB7,ECHDC2,turquoise,FALSE,0.06514863766402042
Q8IUZ5,PHYKPL,blue,FALSE,0.19009259085730976
Q8IVN3,MUSTN1,blue,TRUE,0.2202307381011874
Q8IW45,NAXD,turquoise,TRUE,0.07547981852702569
Q8IWA4,MFN1,green,FALSE,0.20116727945240567
Q8IWA5,SLC44A2,red,FALSE,0.17228788367618042
Q8IWL3,HSCB,turquoise,FALSE,0.13610968911381457
Q8IWW8,ADHFE1,turquoise,FALSE,0.08796378854834327
Q8IWX7,UNC45B,blue,FALSE,0.20349139153469306
Q8IXL7,MSRB3,turquoise,FALSE,0.19092248030037776
Q8IYB8,SUPV3L1,green,FALSE,0.19653918098324816
Q8IYQ7,THNSL1,green,FALSE,0.1583457527224118
Q8IYU8,MICU2,green,FALSE,0.21587276126099197
Q8N0U4,FAM185A,turquoise,FALSE,0.07174397567408528
Q8N142,ADSS1,yellow,FALSE,0.18174018050421062
Q8N183,NDUFAF2,turquoise,FALSE,0.11421040709754457
Q8N335,GPD1L,turquoise,TRUE,0.07146738375300071
Q8N3D4,EHBP1L1,blue,FALSE,0.20338166803661586
Q8N3K9,CMYA5,pink,FALSE,0.16394938890960628
Q8N3L3,TXLNB,magenta,FALSE,0.14615604545265323
Q8N3V7,SYNPO,brown,FALSE,0.1499035925153416
Q8N4H5,TOMM5,green,FALSE,0.19101125677464523
Q8N4Q1,CHCHD4,turquoise,FALSE,0.12198468527790374
Q8N4T8,CBR4,turquoise,TRUE,0.09266442976680613
Q8N4V1,MMGT1,black,FALSE,0.1604672764196959
Q8N5G0,SMIM20,green,FALSE,0.1872348306217399
Q8N5M1,ATPAF2,turquoise,FALSE,0.05166881774984139
Q8N5M9,JAGN1,yellow,FALSE,0.1850867573828021
Q8N5N7,MRPL50,pink,FALSE,0.1719124236371704
Q8N766,EMC1,yellow,FALSE,0.18237551130643337
Q8NB12,SMYD1,brown,FALSE,0.14477927520559514
Q8NBF2,NHLRC2,blue,FALSE,0.19350957017263
Q8NBN7,RDH13,turquoise,FALSE,0.16686154119148186
Q8NBS9,TXNDC5,blue,FALSE,0.21065959904096174
Q8NBU5,ATAD1,green,FALSE,0.19099254199051166
Q8NBX0,SCCPDH,turquoise,FALSE,0.1261105635717094
Q8NC51,SERBP1,purple,FALSE,0.17158754081629993
Q8NCA5,FAM98A,blue,FALSE,0.20008668410761474
Q8NCN5,PDPR,turquoise,FALSE,0.15047889197651465
Q8NCW5,NAXE,turquoise,FALSE,0.08466327814770766
Q8NDH3,NPEPL1,red,FALSE,0.18120659091414432
Q8NE62,CHDH,turquoise,FALSE,0.3194106770213152
Q8NE71,ABCF1,purple,FALSE,0.16776225117759963
Q8NE86,MCU,green,FALSE,0.19147377519169084
Q8NFV4,ABHD11,turquoise,TRUE,0.11472131064254959
Q8NHH9,ATL2,yellow,FALSE,0.19074539171555344
Q8NI37,PPTC7,turquoise,FALSE,0.127451221226293
Q8NI60,COQ8A,turquoise,TRUE,0.08657709160965173
Q8TAT6,NPLOC4,brown,FALSE,0.14984508625035378
Q8TB22,SPATA20,brown,FALSE,0.1344355134321124
Q8TB45,DEPTOR,yellow,FALSE,0.18117565581226858
Q8TC12,RDH11,blue,FALSE,0.20069329819599738
Q8TCA0,LRRC20,yellow,FALSE,0.18972145843851132
Q8TCD5,NT5C,brown,FALSE,0.14578865609687178
Q8TCS8,PNPT1,green,FALSE,0.1604875063242023
Q8TD19,NEK9,blue,FALSE,0.20461429285667648
Q8TD30,GPT2,turquoise,FALSE,0.005844883282713675
Q8TDC0,MYOZ3,brown,FALSE,0.1333720740452535
Q8TED0,UTP15,brown,FALSE,0.12110419794738315
Q8WTS6,SETD7,yellow,FALSE,0.17692139562810466
Q8WVI0,SMIM4,magenta,FALSE,0.152699861638291
Q8WVJ2,NUDCD2,red,FALSE,0.170582218804672
Q8WVM8,SCFD1,turquoise,TRUE,0.08711694318898916
Q8WW22,DNAJA4,blue,FALSE,0.2227696468414064
Q8WW59,SPRYD4,pink,FALSE,0.16986305207663305
Q8WWV3,RTN4IP1,turquoise,FALSE,0.0798057323399194
Q8WX93,PALLD,purple,FALSE,0.16694241949131478
Q8WY91,THAP4,turquoise,FALSE,0.11758008913701798
Q8WZ42,TTN,brown,TRUE,0.14503577038067028
Q92499,DDX1,black,FALSE,0.167734598792412
Q92506,HSD17B8,turquoise,FALSE,0.09358831557439427
Q92523,CPT1B,turquoise,FALSE,0.060947714273058465
Q92598,HSPH1,brown,FALSE,0.11512826732813769
Q92614,MYO18A,black,FALSE,0.16738021360905675
Q92616,GCN1,blue,FALSE,0.20130858137255753
Q92629,SGCD,yellow,FALSE,0.18703509924506315
Q92667,AKAP1,green,FALSE,0.1813989258781337
Q92696,RABGGTA,turquoise,FALSE,0.15285176667204936
Q92734,TFG,red,FALSE,0.17579171050775586
Q92791,P3H4,red,FALSE,0.18866426231247377
Q92879,CELF1,brown,TRUE,0.1394935335525089
Q92901,RPL3L,black,FALSE,0.17246792914502473
Q92905,COPS5,magenta,FALSE,0.14820410098699324
Q92947,GCDH,turquoise,FALSE,0.0830096967131131
Q92973,TNPO1,blue,FALSE,0.19492204657288775
Q92995,USP13,brown,FALSE,0.14923529581258926
Q93008,USP9X,blue,FALSE,0.20851934611898743
Q93034,CUL5,yellow,FALSE,0.18271008916257198
Q93052,LPP,turquoise,FALSE,0.08223052205053649
Q93084,ATP2A3,yellow,FALSE,0.17808949398359977
Q93100,PHKB,magenta,TRUE,0.16411138111378895
Q969M7,UBE2F,yellow,FALSE,0.17770746986377853
Q969Q0,RPL36AL,black,FALSE,0.17748106836109878
Q96A26,FAM162A,pink,FALSE,0.17154784074123156
Q96A33,CCDC47,brown,TRUE,0.13941621557265096
Q96AB3,ISOC2,pink,FALSE,0.1682267481188144
Q96AC1,FERMT2,magenta,FALSE,0.14896017384313093
Q96AG3,SLC25A46,turquoise,TRUE,0.05116800003879703
Q96AN5,TMEM143,green,FALSE,0.2252099280530973
Q96C00,ZBTB9,brown,FALSE,0.14670410681306778
Q96C11,FGGY,turquoise,FALSE,0.13564529406776635
Q96C23,GALM,magenta,FALSE,0.15423559218332422
Q96C90,PPP1R14B,turquoise,FALSE,0.16888978441870864
Q96CM8,ACSF2,turquoise,FALSE,0.07208072005836758
Q96CN7,ISOC1,turquoise,FALSE,0.12092481626462599
Q96CT7,CCDC124,purple,FALSE,0.16940398787043534
Q96CV9,OPTN,turquoise,FALSE,0.06955395738887657
Q96CW1,AP2M1,blue,FALSE,0.19983378029822552
Q96CX2,KCTD12,turquoise,FALSE,0.22381834834877878
Q96DB5,RMDN1,green,FALSE,0.18692468709309812
Q96DC8,ECHDC3,turquoise,FALSE,0.04492105049604824
Q96DE0,NUDT16,green,FALSE,0.19457373162307928
Q96DG6,CMBL,yellow,FALSE,0.18664110236602235
Q96DV4,MRPL38,green,FALSE,0.20569852325572396
Q96E11,MRRF,green,FALSE,0.21696302085057848
Q96EY1,DNAJA3,green,FALSE,0.18005304937139072
Q96EY7,PTCD3,pink,FALSE,0.18526086105481307
Q96FQ6,S100A16,blue,FALSE,0.22488716011360707
Q96FV2,SCRN2,yellow,FALSE,0.18172921543730575
Q96FW1,OTUB1,turquoise,TRUE,0.07345607829694861
Q96GG9,DCUN1D1,magenta,FALSE,0.15809307097609301
Q96GK7,FAHD2A,turquoise,FALSE,0.08667011210676144
Q96H20,SNF8,turquoise,FALSE,0.11296868560979385
Q96HC4,PDLIM5,brown,TRUE,0.15846876267491716
Q96HE7,ERO1A,blue,FALSE,0.19790506889457227
Q96HN2,AHCYL2,blue,FALSE,0.19173077642341788
Q96HY6,DDRGK1,purple,FALSE,0.17268821281155974
Q96I23,PYURF,magenta,TRUE,0.16397308186233592
Q96I99,SUCLG2,turquoise,FALSE,0.08710897342013779
Q96JJ7,TMX3,magenta,FALSE,0.16350689455741346
Q96K17,BTF3L4,blue,FALSE,0.18385932118925777
Q96L96,ALPK3,blue,FALSE,0.1910828058902401
Q96MF2,STAC3,yellow,FALSE,0.18083828331008361
Q96MF6,COQ10A,turquoise,FALSE,0.15865707256855122
Q96MG2,JSRP1,blue,FALSE,0.18338342689845608
Q96PE7,MCEE,turquoise,FALSE,0.06392269358691505
Q96PU8,QKI,green,FALSE,0.20755264672694596
Q96Q06,PLIN4,turquoise,TRUE,0.055995860532807515
Q96QR8,PURB,black,FALSE,0.16096677197873593
Q96RK4,BBS4,red,FALSE,0.16478988138390271
Q96RQ3,MCCC1,turquoise,TRUE,0.07572480761814557
Q96S66,CLCC1,yellow,FALSE,0.18404014323678514
Q96S96,PEBP4,yellow,FALSE,0.19951417107517133
Q99417,MYCBP,brown,FALSE,0.14063040425830275
Q99426,TBCB,blue,FALSE,0.19273602422111746
Q99436,PSMB7,red,FALSE,0.17344557707015085
Q99447,PCYT2,turquoise,FALSE,0.028443812661500437
Q99460,PSMD1,red,FALSE,0.17263118547888384
Q99497,PARK7,yellow,FALSE,0.18119422316416073
Q99536,VAT1,blue,FALSE,0.19603842165786484
Q99541,PLIN2,turquoise,TRUE,0.02849863624653138
Q99584,S100A13,blue,FALSE,0.2924064543900549
Q99598,TSNAX,yellow,FALSE,0.18482429236401826
Q99613,EIF3C,blue,TRUE,0.19656081318549917
Q99623,PHB2,green,FALSE,0.18728657652544842
Q99627,COPS8,red,FALSE,0.17158706854761976
Q99643,SDHC,magenta,FALSE,0.14250329074284374
Q99714,HSD17B10,pink,FALSE,0.1706021787779379
Q99733,NAP1L4,brown,FALSE,0.14835937859411147
Q99757,TXN2,red,FALSE,0.18057679445278244
Q99766,DMAC2L,turquoise,FALSE,0.0454433562731909
Q99798,ACO2,turquoise,TRUE,0.09202705309855759
Q99807,COQ7,turquoise,TRUE,0.07738940429941586
Q99816,TSG101,red,FALSE,0.1597162819029426
Q99829,CPNE1,yellow,FALSE,0.1895924114960789
Q99832,CCT7,blue,FALSE,0.19509514354219604
Q99873,PRMT1,magenta,FALSE,0.14533483558648533
Q9BPW8,NIPSNAP1,green,FALSE,0.17682358502196216
Q9BPX5,ARPC5L,green,FALSE,0.2076116607428346
Q9BPX6,MICU1,turquoise,TRUE,0.07867742506554133
Q9BQ69,MACROD1,brown,FALSE,0.14826039087561496
Q9BQE5,APOL2,blue,FALSE,0.21171596504378543
Q9BR39,JPH2,brown,FALSE,0.1443564911324845
Q9BRF8,CPPED1,magenta,FALSE,0.15244561723997696
Q9BRT3,MIEN1,magenta,FALSE,0.17231090921571054
Q9BRX2,PELO,black,FALSE,0.17176755652604594
Q9BRX8,PRXL2A,green,FALSE,0.17296206735429073
Q9BS92,NIPSNAP3B,turquoise,FALSE,0.07829477112358141
Q9BSE5,AGMAT,brown,FALSE,0.1507536299770007
Q9BSH4,TACO1,turquoise,TRUE,0.09910773677705685
Q9BSJ8,ESYT1,yellow,FALSE,0.18121111053109432
Q9BSL1,UBAC1,turquoise,FALSE,0.12100187325202724
Q9BT78,COPS4,red,FALSE,0.1708833469227112
Q9BTE1,DCTN5,blue,FALSE,0.2003364469637188
Q9BTE6,AARSD1,brown,FALSE,0.14924534388526842
Q9BTV4,TMEM43,blue,FALSE,0.20682723033947373
Q9BTZ2,DHRS4,turquoise,FALSE,0.2217254797813743
Q9BUB7,TMEM70,pink,FALSE,0.18414583098437717
Q9BUF5,TUBB6,blue,FALSE,0.21950532327075867
Q9BUK0,CHCHD7,turquoise,FALSE,0.11338503497768315
Q9BUR5,APOO,turquoise,FALSE,0.10363199493179383
Q9BV23,ABHD6,magenta,TRUE,0.14928035467269732
Q9BV57,ADI1,yellow,FALSE,0.17720632944149003
Q9BV79,MECR,turquoise,FALSE,0.0867501813029474
Q9BV86,NTMT1,green,FALSE,0.2076287584051425
Q9BVC6,TMEM109,magenta,FALSE,0.14346710183532316
Q9BVV7,TIMM21,green,FALSE,0.1916968557513568
Q9BW91,NUDT9,turquoise,FALSE,0.08787021305432602
Q9BWH2,FUNDC2,magenta,FALSE,0.14117891460066442
Q9BX66,SORBS1,green,FALSE,0.21638471411190535
Q9BX68,HINT2,pink,FALSE,0.16261359043990345
Q9BXB4,OSBPL11,blue,FALSE,0.19599628576019648
Q9BXI3,NT5C1A,brown,FALSE,0.14132816647706456
Q9BXJ8,TMEM120A,green,FALSE,0.19012343773352627
Q9BXK5,BCL2L13,turquoise,FALSE,0.0942720241111407
Q9BXS5,AP1M1,magenta,FALSE,0.14842050085886693
Q9BXW6,OSBPL1A,red,TRUE,0.1800004944812205
Q9BXW7,HDHD5,turquoise,FALSE,0.13212966456349493
Q9BY44,EIF2A,purple,FALSE,0.16663320994714947
Q9BYD1,MRPL13,pink,FALSE,0.18095970960979324
Q9BYD2,MRPL9,magenta,TRUE,0.17289142924916306
Q9BYD6,MRPL1,pink,FALSE,0.17889966104610638
Q9BYV2,TRIM54,brown,TRUE,0.14018515940580634
Q9BZE1,MRPL37,green,FALSE,0.2125167250794864
Q9BZE9,ASPSCR1,yellow,FALSE,0.1888658243673409
Q9BZL1,UBL5,red,FALSE,0.17451484256118419
Q9C0C9,UBE2O,blue,FALSE,0.08190418898876133
Q9GZP4,PITHD1,turquoise,FALSE,0.08052095614680702
Q9GZT3,SLIRP,pink,FALSE,0.17610954872174017
Q9GZT8,NIF3L1,yellow,FALSE,0.18709053051078944
Q9GZT9,EGLN1,turquoise,FALSE,0.10606713680352488
Q9GZV1,ANKRD2,blue,FALSE,0.22816439024372343
Q9H061,TMEM126A,green,FALSE,0.17582463823933994
Q9H078,CLPB,green,FALSE,0.17553654799890883
Q9H0E2,TOLLIP,magenta,FALSE,0.14880688167073997
Q9H0N5,PCBD2,turquoise,TRUE,0.07275113179006629
Q9H0P0,NT5C3A,yellow,FALSE,0.1815744087609709
Q9H0U4,RAB1B,magenta,FALSE,0.1452172986543859
Q9H1E5,TMX4,yellow,FALSE,0.18380227350610995
Q9H1R3,MYLK2,yellow,FALSE,0.19807556921186728
Q9H223,EHD4,green,FALSE,0.20596319078533595
Q9H299,SH3BGRL3,turquoise,FALSE,0.18188299624383328
Q9H2G2,SLK,blue,FALSE,0.2035211015759413
Q9H2I8,LRMDA,magenta,TRUE,0.15135218076678883
Q9H2S6,TNMD,pink,FALSE,0.16190817802509908
Q9H2U2,PPA2,turquoise,FALSE,0.09395107390347296
Q9H2W6,MRPL46,green,FALSE,0.19846168028915404
Q9H3H3,C11orf68,red,FALSE,0.17415566319163356
Q9H3K2,GHITM,green,FALSE,0.18922175597863206
Q9H444,CHMP4B,red,FALSE,0.17646275367418113
Q9H477,RBKS,yellow,FALSE,0.1879767166053756
Q9H479,FN3K,turquoise,FALSE,0.10659267211916884
Q9H4G4,GLIPR2,blue,FALSE,0.24227101171111215
Q9H6F2,TMEM38A,magenta,TRUE,0.14620422373966446
Q9H6K4,OPA3,pink,FALSE,0.16633948196356746
Q9H773,DCTPP1,turquoise,FALSE,0.09289052860895976
Q9H7Z7,PTGES2,pink,FALSE,0.17507680022677735
Q9H845,ACAD9,turquoise,FALSE,0.11013637381291418
Q9H8H3,METTL7A,yellow,FALSE,0.18968651760911542
Q9H8M1,COQ10B,pink,FALSE,0.16406812560250295
Q9H8S9,MOB1A,brown,FALSE,0.14825731097320907
Q9H910,JPT2,turquoise,FALSE,0.1700900068096529
Q9H987,SYNPO2L,brown,TRUE,0.1359384838562516
Q9H9B4,SFXN1,turquoise,FALSE,0.1126943992947849
Q9H9P8,L2HGDH,turquoise,FALSE,0.09806949950866505
Q9H9Q2,COPS7B,yellow,FALSE,0.1660187351100244
Q9HAV7,GRPEL1,turquoise,FALSE,0.08793208649478433
Q9HB71,CACYBP,blue,FALSE,0.1924344877958799
Q9HBL0,TNS1,green,FALSE,0.1926020765033064
Q9HBL7,PLGRKT,green,FALSE,0.19634275143969096
Q9HCC0,MCCC2,turquoise,FALSE,0.11539950355667504
Q9HCP6,HHATL,brown,FALSE,0.14805058498377655
Q9HDC5,JPH1,black,FALSE,0.1637470037689666
Q9HDC9,APMAP,blue,FALSE,0.20571109492753492
Q9NP72,RAB18,blue,FALSE,0.18163098639778877
Q9NP81,SARS2,turquoise,FALSE,0.09573891126860196
Q9NP97,DYNLRB1,red,FALSE,0.1866681784205749
Q9NP98,MYOZ1,brown,TRUE,0.13317423277091642
Q9NPC6,MYOZ2,brown,FALSE,0.1533686686914872
Q9NPF4,OSGEP,brown,FALSE,0.14356844982654396
Q9NPJ3,ACOT13,turquoise,FALSE,0.12144413273390613
Q9NQ50,MRPL40,turquoise,FALSE,0.11046865562091028
Q9NQC3,RTN4,red,FALSE,0.16274127013816844
Q9NQW7,XPNPEP1,brown,FALSE,0.1509499307947669
Q9NR12,PDLIM7,brown,FALSE,0.1372124204181448
Q9NR19,ACSS2,turquoise,FALSE,0.07710041430677417
Q9NR28,DIABLO,turquoise,FALSE,0.10909556011143988
Q9NR31,SAR1A,yellow,FALSE,0.1828351015597402
Q9NR46,SH3GLB2,brown,FALSE,0.1483203126883762
Q9NR50,EIF2B3,purple,FALSE,0.18072881270036317
Q9NR56,MBNL1,yellow,FALSE,0.1780777208523358
Q9NRG7,SDR39U1,turquoise,FALSE,0.07507805572502949
Q9NRP0,OSTC,brown,FALSE,0.1430628347930838
Q9NRP2,CMC2,green,FALSE,0.17545186501562102
Q9NRV9,HEBP1,turquoise,FALSE,0.17317994971538822
Q9NRX4,PHPT1,red,TRUE,0.16342983239317363
Q9NS69,TOMM22,green,FALSE,0.26282777279808184
Q9NS86,LANCL2,brown,FALSE,0.14903729913492836
Q9NSD9,FARSB,blue,FALSE,0.22026543291229725
Q9NSE4,IARS2,turquoise,FALSE,0.1253643735066853
Q9NTG7,SIRT3,turquoise,FALSE,0.13020189149645042
Q9NTK5,OLA1,yellow,FALSE,0.18153105445462805
Q9NTM9,CUTC,red,FALSE,0.17389087127622707
Q9NUB1,ACSS1,green,FALSE,0.17524751006692021
Q9NUJ1,ABHD10,turquoise,FALSE,0.07349926104321008
Q9NVE7,PANK4,red,FALSE,0.16518930596998957
Q9NVH1,DNAJC11,green,FALSE,0.18928299700580933
Q9NVH6,TMLHE,green,FALSE,0.22737166943786402
Q9NVI7,ATAD3A,green,FALSE,0.19936164979173981
Q9NVJ2,ARL8B,magenta,FALSE,0.14836859762572116
Q9NVS2,MRPS18A,pink,FALSE,0.18955324413188426
Q9NVS9,PNPO,turquoise,TRUE,0.061807615992382735
Q9NWU1,OXSM,turquoise,FALSE,0.08577123308680681
Q9NWU5,MRPL22,magenta,FALSE,0.1512516662644012
Q9NWV8,BABAM1,yellow,FALSE,0.18000861894449316
Q9NX14,NDUFB11,green,FALSE,0.20565330738973833
Q9NX40,OCIAD1,turquoise,FALSE,0.10336225347278778
Q9NX47,MARCHF5,magenta,TRUE,0.15637753761373668
Q9NX63,CHCHD3,green,FALSE,0.1845702037911031
Q9NXA8,SIRT5,turquoise,FALSE,0.09582554266387211
Q9NY33,DPP3,blue,FALSE,0.19288651077348004
Q9NY65,TUBA8,brown,FALSE,0.1425553067754996
Q9NYL2,MAP3K20,red,FALSE,0.1635540357864123
Q9NZ01,TECR,purple,FALSE,0.17253818196696064
Q9NZ08,ERAP1,magenta,FALSE,0.15748849521912112
Q9NZ45,CISD1,turquoise,TRUE,0.116723060434629
Q9NZA1,CLIC5,brown,FALSE,0.15058989067206702
Q9NZB2,FAM120A,blue,FALSE,0.19969041781397337
Q9NZD2,GLTP,turquoise,FALSE,0.07709718724752572
Q9NZJ6,COQ3,turquoise,FALSE,0.08955211879692472
Q9NZL9,MAT2B,turquoise,TRUE,0.08617862055939089
Q9NZM1,MYOF,magenta,TRUE,0.15456079455652583
Q9NZN4,EHD2,turquoise,FALSE,0.09957377343885994
Q9NZQ9,TMOD4,brown,TRUE,0.13153488599557808
Q9NZU5,LMCD1,blue,FALSE,0.1965001974245201
Q9NZZ3,CHMP5,brown,FALSE,0.14623479697679762
Q9P003,CNIH4,blue,FALSE,0.1915121073100199
Q9P032,NDUFAF4,turquoise,FALSE,0.18139367899418302
Q9P0I2,EMC3,magenta,TRUE,0.15044432784755854
Q9P0J0,NDUFA13,green,FALSE,0.19580298613261393
Q9P0J1,PDP1,turquoise,TRUE,0.14817440345508098
Q9P0J6,MRPL36,magenta,FALSE,0.14989615175275484
Q9P0L0,VAPA,black,FALSE,0.1665981292296087
Q9P0P0,RNF181,brown,FALSE,0.1508649520517342
Q9P0S9,TMEM14C,green,FALSE,0.14649186104499837
Q9P2J5,LARS1,blue,FALSE,0.189241035013397
Q9P2R7,SUCLA2,turquoise,FALSE,0.09942373650829912
Q9P2T1,GMPR2,red,FALSE,0.17146307670591354
Q9P2X3,IMPACT,yellow,FALSE,0.17450338948695715
Q9UBB4,ATXN10,turquoise,FALSE,0.17648852259255401
Q9UBE0,SAE1,turquoise,FALSE,0.03825033913891969
Q9UBF6,RNF7,brown,FALSE,0.14929754953805377
Q9UBF9,MYOT,black,FALSE,0.17750823455950276
Q9UBI6,GNG12,blue,TRUE,0.1831893300005377
Q9UBQ0,VPS29,green,FALSE,0.1952888660820957
Q9UBQ5,EIF3K,black,FALSE,0.16980821650848335
Q9UBQ7,GRHPR,magenta,FALSE,0.1527930107728049
Q9UBR2,CTSZ,turquoise,TRUE,0.08344256999326319
Q9UBT2,UBA2,turquoise,FALSE,0.1199741007751095
Q9UBW8,COPS7A,red,FALSE,0.170070853467791
Q9UBY9,HSPB7,blue,FALSE,0.21632220117353068
Q9UDT6,CLIP2,blue,FALSE,0.18826517605266285
Q9UDW1,UQCR10,magenta,TRUE,0.15128283563431716
Q9UGI8,TES,brown,FALSE,0.12152733483100528
Q9UGL1,KDM5B,pink,FALSE,0.17388543208661839
Q9UGM6,WARS2,turquoise,FALSE,0.12442652955508826
Q9UHG3,PCYOX1,red,FALSE,0.1670986373519438
Q9UHL4,DPP7,turquoise,FALSE,0.12286622266488602
Q9UHP9,SMPX,blue,FALSE,0.21611031205872838
Q9UHQ4,BCAP29,blue,FALSE,0.18471325985772274
Q9UHQ9,CYB5R1,turquoise,TRUE,0.07399626105657936
Q9UHV9,PFDN2,red,FALSE,0.1652071224933247
Q9UHY7,ENOPH1,brown,FALSE,0.14866000290864287
Q9UI09,NDUFA12,green,FALSE,0.21196227429255965
Q9UI12,ATP6V1H,brown,FALSE,0.14827784661169963
Q9UI30,TRMT112,yellow,FALSE,0.19539236578290667
Q9UII2,ATP5IF1,turquoise,FALSE,0.1167887384252087
Q9UIJ7,AK3,turquoise,FALSE,0.10139683490123957
Q9UJ70,NAGK,turquoise,FALSE,0.12896652671290587
Q9UJS0,SLC25A13,green,FALSE,0.19398316535739543
Q9UJU6,DBNL,black,FALSE,0.16435889439101842
Q9UJW0,DCTN4,blue,FALSE,0.19545521516096945
Q9UJY1,HSPB8,brown,FALSE,0.1489894342144406
Q9UJZ1,STOML2,green,FALSE,0.17766606392595946
Q9UK76,JPT1,blue,FALSE,0.19056743327367665
Q9UKG1,APPL1,turquoise,TRUE,0.0967500669739783
Q9UKU7,ACAD8,turquoise,TRUE,0.13720357456821666
Q9UKV8,AGO2,green,FALSE,0.19357847816198206
Q9UKX2,MYH2,brown,TRUE,0.12488074637052922
Q9UKX3,MYH13,brown,FALSE,0.14796242159542197
Q9UKY7,CDV3,red,FALSE,0.17611999076837714
Q9UL46,PSME2,blue,FALSE,0.23104821811091156
Q9ULA0,DNPEP,yellow,FALSE,0.18091349472271762
Q9ULC4,MCTS1,blue,FALSE,0.1876805471977137
Q9UM00,TMCO1,magenta,TRUE,0.14177824468660621
Q9UM22,EPDR1,turquoise,TRUE,0.08835807888686818
Q9UM54,MYO6,purple,FALSE,0.18190365900799624
Q9UMS0,NFU1,turquoise,FALSE,0.051530336382599955
Q9UMS6,SYNPO2,brown,TRUE,0.15018351166637486
Q9UMX0,UBQLN1,yellow,FALSE,0.18733821553459498
Q9UN36,NDRG2,yellow,FALSE,0.18075138652640635
Q9UN37,VPS4A,turquoise,FALSE,0.08149614780197358
Q9UN86,G3BP2,green,FALSE,0.219581089858538
Q9UNE7,STUB1,red,FALSE,0.16677880121806155
Q9UNM6,PSMD13,blue,TRUE,0.18265360732858563
Q9UNS2,COPS3,yellow,FALSE,0.1810800402645616
Q9UNZ2,NSFL1C,yellow,FALSE,0.18034072518216837
Q9UPN7,PPP6R1,green,FALSE,0.20596514135991031
Q9UPU5,USP24,yellow,FALSE,0.17736429095950015
Q9UPY8,MAPRE3,blue,FALSE,0.19675540618070106
Q9UQ80,PA2G4,black,FALSE,0.17202974782125277
Q9UQM7,CAMK2A,purple,FALSE,0.18059376887259843
Q9UQN3,CHMP2B,red,FALSE,0.17305436294019574
Q9Y224,RTRAF,black,FALSE,0.17114222766456597
Q9Y230,RUVBL2,purple,FALSE,0.16698334854708816
Q9Y235,APOBEC2,purple,FALSE,0.18795346844014202
Q9Y237,PIN4,yellow,FALSE,0.18250094327597463
Q9Y262,EIF3L,purple,FALSE,0.17232318791141543
Q9Y263,PLAA,red,FALSE,0.16510496403553615
Q9Y266,NUDC,blue,FALSE,0.17644633100645196
Q9Y277,VDAC3,green,FALSE,0.19209042152190356
Q9Y285,FARSA,blue,FALSE,0.20550962445670606
Q9Y2H6,FNDC3A,brown,TRUE,0.15184128621352425
Q9Y2J8,PADI2,blue,FALSE,0.20031920666133526
Q9Y2Q3,GSTK1,turquoise,FALSE,0.12032301271879393
Q9Y2Q9,MRPS35,turquoise,FALSE,0.06717220020342628
Q9Y2R0,COA3,turquoise,FALSE,0.07252219031423064
Q9Y2Z0,SUGT1,turquoise,FALSE,0.09687626680740494
Q9Y2Z9,COQ6,turquoise,FALSE,0.08935870388864559
Q9Y305,ACOT9,turquoise,FALSE,0.11613037781570186
Q9Y316,MEMO1,blue,FALSE,0.19687316376205033
Q9Y320,TMX2,brown,TRUE,0.14137240273064575
Q9Y371,SH3GLB1,red,TRUE,0.1639802135641422
Q9Y383,LUC7L2,turquoise,TRUE,0.09189124258311751
Q9Y394,DHRS7,blue,FALSE,0.1942987162459393
Q9Y3A3,MOB4,blue,FALSE,0.19448364822703054
Q9Y3A5,SBDS,yellow,FALSE,0.17883337401279023
Q9Y3B7,MRPL11,green,FALSE,0.18391607122044096
Q9Y3C6,PPIL1,red,FALSE,0.1707434297021731
Q9Y3D2,MSRB2,turquoise,FALSE,0.14720560083462464
Q9Y3D6,FIS1,pink,FALSE,0.1656450855769363
Q9Y3E5,PTRH2,red,TRUE,0.21474002097854217
Q9Y3F4,STRAP,red,FALSE,0.1734857802669115
Q9Y3I0,RTCB,black,FALSE,0.1710966355972073
Q9Y3U8,RPL36,black,FALSE,0.17139113758597124
Q9Y450,HBS1L,magenta,FALSE,0.16093698788618094
Q9Y4E8,USP15,red,FALSE,0.17413182946364578
Q9Y4J8,DTNA,yellow,FALSE,0.18449631867132293
Q9Y4L1,HYOU1,blue,FALSE,0.20720048823507317
Q9Y4W6,AFG3L2,turquoise,FALSE,0.11203206824440182
Q9Y4X5,ARIH1,brown,FALSE,0.16356339674757187
Q9Y508,RNF114,turquoise,TRUE,0.05791467893793795
Q9Y512,SAMM50,green,FALSE,0.18508379141517334
Q9Y5J7,TIMM9,turquoise,FALSE,0.15939906187114797
Q9Y5J9,TIMM8B,green,FALSE,0.1931396067920433
Q9Y5K5,UCHL5,yellow,FALSE,0.17877883237104875
Q9Y5L4,TIMM13,turquoise,FALSE,0.128317285545037
Q9Y5P6,GMPPB,red,FALSE,0.17313521846809457
Q9Y5U8,MPC1,pink,FALSE,0.15873882890628987
Q9Y5X3,SNX5,red,FALSE,0.1622862650926047
Q9Y5Z7,HCFC2,turquoise,FALSE,0.07288216982165288
Q9Y613,FHOD1,purple,FALSE,0.16526861258773526
Q9Y623,MYH4,brown,FALSE,0.1392463564661024
Q9Y676,MRPS18B,pink,FALSE,0.1814474719669938
Q9Y678,COPG1,red,FALSE,0.17853111771033647
Q9Y696,CLIC4,blue,TRUE,0.20676192633403925
Q9Y697,NFS1,pink,FALSE,0.9774093780900074
Q9Y6B6,SAR1B,yellow,FALSE,0.18039389863723299
Q9Y6C9,MTCH2,green,FALSE,0.18174339513374552
Q9Y6G9,DYNC1LI1,blue,FALSE,0.2207889772361159
Q9Y6H1,CHCHD2,green,FALSE,0.21267617348904608
Q9Y6M9,NDUFB9,green,FALSE,0.21532222884377158
Q9Y6N1,COX11,turquoise,FALSE,0.07852967768665242
Q9Y6Y8,SEC23IP,blue,FALSE,0.19483314655177067
