gene,pre_mean,post_mean,pre_sd,pct_miss,shift,effect_d,imputation_reliable
MMP24OS,16.322906735899043,16.24748352214779,0.6550584833182418,40.32258064516129,-0.07542321375125383,-0.11513966412463293,TRUE
ESYT2,17.098331165177516,17.10453946796546,0.3409113149249891,29.03225806451613,0.006208302787943154,0.018210902707377637,TRUE
ILVBL,17.0022662256138,16.992800843581772,0.49633878536757164,27.419354838709676,-0.00946538203202607,-0.019070405761291313,TRUE
TARS3,15.491210573111283,15.444518531691013,0.3875543139831935,35.483870967741936,-0.04669204142027006,-0.12047870385025539,TRUE
VWA8,21.47361209635668,21.369038076962013,0.47186132495348715,54.83870967741935,-0.10457401939466493,-0.22162023854142554,FALSE
MAP1LC3B2,20.71365448426334,20.74957970456294,0.3731862545521013,50,0.03592522029959966,0.09626619378764945,FALSE
NUDT19,17.09822072861629,17.06736410486631,0.6042757799956624,32.25806451612903,-0.03085662374997966,-0.05106381021956755,TRUE
PGRMC1,18.91983573998077,18.87246490738702,0.6377832097841362,48.38709677419355,-0.04737083259374941,-0.07427419202487712,TRUE
DCTN6,15.851648718794934,15.884165753642888,0.3905785274216487,53.2258064516129,0.03251703484795421,0.08325351386470478,FALSE
EEF2K,16.35507340966682,16.362648912053764,0.4739794094707643,19.35483870967742,0.007575502386945487,0.01598276683665254,TRUE
COX7A2L,16.51490204168833,16.47784951753129,0.46691275145430605,46.774193548387096,-0.03705252415704052,-0.07935641946301959,TRUE
GAPDHS,19.680137412117432,19.643444322232885,0.8379478698234502,38.70967741935484,-0.03669308988454745,-0.043789227475783704,TRUE
HGS,16.3499010490389,16.350334626734185,0.3181479155549184,25.806451612903224,4.3357769528640233e-4,0.001362817966385697,TRUE
ARPC1B,17.155284550604783,17.130295108260995,0.4703007377090483,20.967741935483872,-0.02498944234378797,-0.053135026888364564,TRUE
ARPC2,16.83268869422138,16.79376143445447,0.4204063684348956,62.903225806451616,-0.038927259766907696,-0.09259436271583502,FALSE
MAPK13,19.483493686791622,19.402974894331518,0.4557895986507695,64.51612903225806,-0.0805187924601043,-0.17665781031084604,FALSE
EIF3H,15.830370100917165,15.819316978919968,0.513924353031285,22.58064516129032,-0.011053121997196769,-0.02150729369410504,TRUE
ARPC5,17.791422909324567,17.77895269752457,0.4650188115926674,38.70967741935484,-0.012470211799996633,-0.026816574919381754,TRUE
TAPBP,15.367773758655241,15.306410911716542,0.4427912974933034,54.83870967741935,-0.06136284693869953,-0.1385818720604543,FALSE
DHX15,16.624050924683303,16.61434365426224,0.29093262266081815,30.64516129032258,-0.009707270421063896,-0.03336604307995069,TRUE
DYNC1LI2,16.65736356119539,16.665584754845547,0.34353834059586347,16.129032258064516,0.008221193650157943,0.023930934858386908,TRUE
TRAPPC3,16.10923959531714,16.1029856532161,0.29843896038995466,69.35483870967742,-0.006253942101039911,-0.02095551496650508,FALSE
BUB3,16.052906865050232,15.988703505418151,0.36497486776709276,45.16129032258064,-0.06420335963208146,-0.1759117279084887,TRUE
AP1G1,16.55714884081572,16.523380113666594,0.4467522069188328,48.38709677419355,-0.03376872714912693,-0.07558715239936606,TRUE
PPP1R12B,15.587303588088316,15.563834572471212,0.5717370751408186,46.774193548387096,-0.02346901561710446,-0.041048615941731696,TRUE
SPAG9,15.835318173191952,15.833280425026523,0.45616727675148133,14.516129032258066,-0.002037748165429676,-0.004467107285601802,TRUE
TBC1D4,17.522237209797368,17.525273520795377,0.2678478195595851,27.419354838709676,0.003036310998009384,0.011335955629588128,TRUE
SELENOF,13.634859580095178,13.589460113370446,0.48738888567359495,67.74193548387096,-0.045399466724731496,-0.09314834223596881,FALSE
CLASP2,17.03953403751402,17.00899079052126,0.42102434590639254,32.25806451612903,-0.03054324699276023,-0.0725450850757951,TRUE
COBL,17.794148463668837,17.772226637401754,0.45788861372316103,51.61290322580645,-0.021921826267082167,-0.04787589297937005,FALSE
CLUH,17.216646829720737,17.22253446320446,0.49311930271659343,54.83870967741935,0.0058876334837236755,0.011939572130494005,FALSE
CILP,17.966104018969183,17.975254929402823,0.46965232086441305,58.06451612903226,0.00915091043363958,0.01948443567104487,FALSE
VPS4B,18.846481151020406,18.79120487647141,0.4153768067033111,40.32258064516129,-0.05527627454899431,-0.1330750144373761,TRUE
MACROH2A1,19.81762922274909,19.766785878170438,0.6520184719752226,48.38709677419355,-0.05084334457865225,-0.07797838061953612,TRUE
TCEA3,17.4823436925276,17.434992359078542,0.42699620648104863,41.935483870967744,-0.04735133344905762,-0.1108940377697693,TRUE
DCTN3,17.203993230422096,17.210491596716494,0.4553687595731838,45.16129032258064,0.006498366294398039,0.014270557998947808,TRUE
SNCG,16.028362549389303,16.01503321043705,0.5145759385246936,64.51612903225806,-0.013329338952253522,-0.025903541060371345,FALSE
TPPP,16.036184552282815,16.029064486807503,0.4258538837289113,64.51612903225806,-0.007120065475312742,-0.016719503443216713,FALSE
SEC31A,18.250127337033163,18.24379784365372,0.30152537113755623,25.806451612903224,-0.006329493379443107,-0.020991578106890334,TRUE
ARIH2,19.243316125866848,19.274234779853117,0.38889680498553897,32.25806451612903,0.030918653986269362,0.07950349190299741,TRUE
ETHE1,17.39756971185419,17.391224596890474,0.31328919726930593,41.935483870967744,-0.006345114963714593,-0.02025321976952905,TRUE
ASMTL,17.637718575077166,17.6496981966068,0.35988151585414235,53.2258064516129,0.011979621529633278,0.03328768220062889,FALSE
SNAP29,16.511513997482048,16.486579730046852,0.28066328544455726,53.2258064516129,-0.024934267435195778,-0.0888405029382489,FALSE
BAG2,14.61298573039326,14.618939987589766,0.4444939235363681,22.58064516129032,0.005954257196504997,0.01339558738876174,TRUE
MLYCD,16.67549538727743,16.579113963995724,0.6781278243578451,30.64516129032258,-0.09638142328170574,-0.1421286958295427,TRUE
ABHD16A,14.876416308130075,14.8376832211345,0.537716276998902,46.774193548387096,-0.03873308699557576,-0.0720325730360118,TRUE
TXNDC12,19.115079531431665,19.044531354994998,0.7796492828368167,64.51612903225806,-0.07054817643666667,-0.09048706641526232,FALSE
CLPTM1,15.921570932919245,15.865598355597612,0.4790339472551726,58.06451612903226,-0.055972577321632855,-0.116844698882723,FALSE
PEX11B,15.09796418271817,15.063397436241106,0.5102058554136214,38.70967741935484,-0.034566746477064925,-0.06775058755262978,TRUE
CYB5A,17.11052868247609,17.0808132661566,0.44205920688796557,22.58064516129032,-0.029715416319490373,-0.06722044435785585,TRUE
F13A1,18.08687568785512,18.062250835959112,0.6154309877858066,25.806451612903224,-0.02462485189600727,-0.040012369192851976,TRUE
ASS1,19.660174883498325,19.605648280436853,0.7932473417485868,37.096774193548384,-0.054526603061471945,-0.06873846301366328,TRUE
CSTA,18.218692834575187,18.190614739222635,0.8996633715640697,29.03225806451613,-0.028078095352551458,-0.031209557085488025,TRUE
JCHAIN,16.482134530244405,16.448679526644067,0.9040965865357313,37.096774193548384,-0.03345500360033782,-0.037003793730190825,TRUE
HLA-B,15.55926720609746,15.496884391601233,0.6829191116345522,30.64516129032258,-0.0623828144962264,-0.09134729638319021,TRUE
APOE,16.802094698704828,16.7597396998058,0.6851775592596402,27.419354838709676,-0.04235499889902883,-0.06181609179494287,TRUE
LRG1,18.371561612152657,18.32934119654145,0.6794531788574455,27.419354838709676,-0.04222041561120804,-0.06213881533707006,TRUE
FN1,17.068188305105576,17.114067466363064,0.7206847097931235,59.67741935483871,0.04587916125748848,0.06366051705281543,FALSE
RBP4,20.393688157865473,20.287498063306295,0.7416256539362541,45.16129032258064,-0.10619009455917805,-0.14318557347033944,TRUE
PPBP,18.4551225445772,18.47063688329216,0.6768565226523324,51.61290322580645,0.015514338714957887,0.022921163046731592,FALSE
TFRC,16.77188201863427,16.75405452696439,0.904499729368354,29.03225806451613,-0.017827491669880402,-0.019709781098917526,TRUE
VWF,17.117809659775013,17.16529754410142,0.5599554685148015,59.67741935483871,0.047487884326407936,0.08480653729905073,FALSE
SSB,16.550341304807613,16.546171622855304,0.4393857795196913,22.58064516129032,-0.004169681952308935,-0.009489797227545612,TRUE
PTMA,15.021839166693912,14.981876321630946,0.497742181696049,25.806451612903224,-0.03996284506296632,-0.08028824265364355,TRUE
SOD3,18.48061564688999,18.425803508018635,0.6491365159947329,37.096774193548384,-0.05481213887135539,-0.08443853876770681,TRUE
CTSG,17.977382625924722,17.87632058454761,1.2956406666628204,61.29032258064516,-0.10106204137711217,-0.0780015971846712,FALSE
SNRNP70,14.61721643349383,14.630645683140413,0.34663693994100264,70.96774193548387,0.013429249646582875,0.038741542228212966,FALSE
RBP1,19.608485233123808,19.54222414079977,0.7712406821299016,77.41935483870968,-0.06626109232403721,-0.08591493402688101,FALSE
HMOX1,16.90195491471642,16.94285207694463,0.7544001178926677,48.38709677419355,0.04089716222820883,0.05421150031425031,TRUE
LIMS3,17.084431445067697,17.124676168287667,0.35175371237702047,41.935483870967744,0.040244723219970524,0.11441165168666362,TRUE
FDX1,17.430279274878902,17.382049199174094,0.5181636978590171,54.83870967741935,-0.04823007570480797,-0.09307883957152571,FALSE
ARAF,15.269332212000982,15.245100185474826,0.49705570962580664,50,-0.024232026526156858,-0.04875112800615288,FALSE
EPB41,18.351693726332304,18.336428784574434,0.5609708314046503,38.70967741935484,-0.015264941757870076,-0.027211649703153415,TRUE
UBL4A,16.306146934052627,16.30312323987551,0.4207197958335621,30.64516129032258,-0.003023694177116454,-0.007186954849903558,TRUE
IFITM1,15.934303796139636,15.91142860826154,0.45111095481835345,19.35483870967742,-0.02287518787809617,-0.05070856212593464,TRUE
MYH8,19.91368877909568,19.82266989498428,0.8837047603283399,38.70967741935484,-0.09101888411139925,-0.10299693766228128,TRUE
SLC2A4,17.571062734542295,17.54820672039256,0.4634252692683773,62.903225806451616,-0.022856014149734705,-0.04931974077679913,FALSE
JUP,19.5978716675808,19.62301393919788,0.599566430936222,40.32258064516129,0.025142271617077938,0.041934088234089964,TRUE
GLUL,15.520172015886235,15.449170496560576,0.5756535120829283,41.935483870967744,-0.07100151932565879,-0.12334072117227066,TRUE
RPA2,18.02071228344516,17.96024995652587,0.674330744051688,51.61290322580645,-0.06046232691928921,-0.0896627173721961,FALSE
ANK1,19.321056196168414,19.29803798398111,0.5853453602714075,32.25806451612903,-0.023018212187302822,-0.03932415587377331,TRUE
SRM,20.36428757748818,20.2758706175443,0.9616565305925123,46.774193548387096,-0.08841695994388132,-0.09194234857366834,TRUE
TYMP,16.15634961919419,16.18826736283491,0.4251440965994302,22.58064516129032,0.031917743640718754,0.07507511899145945,TRUE
ATP2B1,15.802648334460077,15.795982850115834,0.3780781507462182,54.83870967741935,-0.006665484344242856,-0.017629911517201127,FALSE
PVALB,22.536822357803604,22.450175960621802,1.319441133581703,56.451612903225815,-0.08664639718180212,-0.06566901317271746,FALSE
FDXR,18.015630140519807,17.9929142651822,0.41405882127727117,62.903225806451616,-0.02271587533760666,-0.054861469362091325,FALSE
FBLN1,17.872294993757194,17.855828682880563,0.4894573854220417,22.58064516129032,-0.01646631087663053,-0.03364197040858259,TRUE
MYL9,18.39955947327527,18.38464629104653,0.7286302869992011,66.12903225806451,-0.014913182228742272,-0.020467420164705045,FALSE
TARS1,16.62552179025922,16.615837755688442,0.3883971768784658,19.35483870967742,-0.009684034570778266,-0.024933328940772704,TRUE
COL4A5,20.497645371854386,20.39046177245724,0.9623451904053327,58.06451612903226,-0.10718359939714617,-0.1113774978726721,FALSE
TKT,16.894553884135394,16.872380846879636,0.4610496553514796,19.35483870967742,-0.022173037255758032,-0.04809251454456569,TRUE
GNA11,18.014821199271296,18.002511036624625,0.5001325668481701,37.096774193548384,-0.01231016264667062,-0.024613799345739727,TRUE
NMT1,18.948683530146347,18.950613389905442,0.2821268157802321,46.774193548387096,0.0019298597590946542,0.006840398186742923,TRUE
LRPAP1,18.002414716439283,17.93324548370462,0.5061927933602893,27.419354838709676,-0.06916923273466224,-0.13664602428551395,TRUE
DNAJA1,16.19349602659613,16.174191072366806,0.31859105943994503,59.67741935483871,-0.0193049542293231,-0.06059477708903541,FALSE
AKT2,17.430521070855207,17.42179301044345,0.3903386420137054,37.096774193548384,-0.008728060411755223,-0.022360226409377033,TRUE
GBP2,17.745843716101355,17.72070301441991,0.3780291731457325,43.54838709677419,-0.025140701681444,-0.0665046601357195,TRUE
CTNNA1,15.423402923184193,15.388026808828327,0.5636649597796255,33.87096774193548,-0.035376114355866406,-0.06276088967761506,TRUE
THBS4,17.969085486607742,17.937857321770736,0.5728787522213933,33.87096774193548,-0.031228164837006744,-0.05451094968336055,TRUE
COPB2,16.00616738199445,15.998413374546146,0.3074861817847218,41.935483870967744,-0.0077540074483053445,-0.025217417587025438,TRUE
ADD1,17.122850919425677,17.114391082713688,0.5424637393122119,32.25806451612903,-0.0084598367119888,-0.01559521143793869,TRUE
DEK,19.715561757952585,19.725940002253896,0.3068760042668169,41.935483870967744,0.010378244301310957,0.033819015358031945,TRUE
ARL3,17.329767699402993,17.318025361872554,0.31212877114301146,40.32258064516129,-0.011742337530439073,-0.03762017031444678,TRUE
PPP1CC,15.68622815034573,15.624748030812864,0.49978850503909683,51.61290322580645,-0.061480119532866695,-0.1230122720170551,FALSE
SNCA,18.8466494377168,18.80706121057909,0.9194342137340659,53.2258064516129,-0.03958822713770971,-0.043057161182779385,FALSE
RPL3,18.09207508212997,18.03436904741188,0.8093717557735123,24.193548387096776,-0.057706034718091104,-0.07129731709372754,TRUE
COL15A1,17.04171174136691,17.02142567162934,0.6617518947731709,20.967741935483872,-0.02028606973756908,-0.030655098833562915,TRUE
COL18A1,15.925854788439286,15.893567280272244,0.656813954972071,37.096774193548384,-0.032287508167042844,-0.04915776822740585,TRUE
CAPG,15.451060375774105,15.41325817990509,0.564940540655332,56.451612903225815,-0.037802195869014454,-0.06691358319791291,FALSE
ARL1,17.735214512709284,17.615957470658582,0.8363011744091834,51.61290322580645,-0.11925704205070176,-0.14260059138976167,FALSE
NAA10,16.71707475112607,16.698826605173302,0.36215254251843826,29.03225806451613,-0.018248145952767914,-0.050388010051976496,TRUE
TMPO,15.597577853844362,15.528484844346783,0.5273266373301394,51.61290322580645,-0.06909300949757835,-0.13102506986447152,FALSE
SLC1A4,18.331861191234236,18.321588872600707,0.45663465656823027,38.70967741935484,-0.010272318633528954,-0.022495705233433298,TRUE
PPIC,16.59003147732512,16.579722875783357,0.4590571506298808,37.096774193548384,-0.010308601541762386,-0.02245603086155561,TRUE
MTIF2,20.611254726961022,20.607570250328234,0.21442101680280035,54.83870967741935,-0.0036844766327881473,-0.017183374501841406,FALSE
BAG6,16.083529994071657,16.07025754636778,0.31382644551486943,43.54838709677419,-0.013272447703876367,-0.04229231759643884,TRUE
IQGAP1,17.374334397859116,17.34312282052357,0.3812810745557636,27.419354838709676,-0.031211577335547247,-0.08185976020947888,TRUE
PIP4K2A,17.529210033294305,17.525344074631004,0.27918581207775994,30.64516129032258,-0.0038659586633009724,-0.013847260484082946,TRUE
NES,20.180566871901345,19.971282657564746,1.0592106103106782,58.06451612903226,-0.2092842143365985,-0.19758508109658485,FALSE
PXN,14.511635378418276,14.481456853608837,0.3492194364458348,33.87096774193548,-0.030178524809439722,-0.08641708238401707,TRUE
MRPL19,18.06992422969458,18.011954535382667,0.4408783735810178,37.096774193548384,-0.05796969431191101,-0.13148681764781153,TRUE
CARS1,17.998343053660403,17.992467710833225,0.2971754887767295,30.64516129032258,-0.005875342827177832,-0.019770617191083438,TRUE
GSK3A,16.13581066058742,16.116302169586433,0.3928404993960473,16.129032258064516,-0.019508491000987505,-0.04966008095137809,TRUE
SERPINH1,20.20974222808249,20.19015595512546,0.7906314148160792,62.903225806451616,-0.019586272957031525,-0.024772950568360333,FALSE
NUDT2,19.71577195870647,19.71482995198629,0.7189190673646887,48.38709677419355,-9.420067201801885e-4,-0.0013103098289398037,TRUE
SSR4,13.067908107293542,13.093367987441594,0.5166010343646046,48.38709677419355,0.025459880148051894,0.049283447872624515,TRUE
MECP2,16.23434295505996,16.223611773203434,0.43377097782295604,30.64516129032258,-0.010731181856527883,-0.024739280415638647,TRUE
CAV2,15.97757051426819,15.906457986822106,0.5709833264160298,62.903225806451616,-0.07111252744608443,-0.12454396504438456,FALSE
HNRNPM,18.320135876846567,18.305800402592176,0.38130422984505974,27.419354838709676,-0.0143354742543913,-0.03759589622233254,TRUE
MRPL12,17.656792865774328,17.60176869554864,0.6536461948983796,27.419354838709676,-0.05502417022568906,-0.08418035728677882,TRUE
NUBP1,15.867007692711756,15.872640115205215,0.3734070394337949,38.70967741935484,0.005632422493459188,0.015083868000988283,TRUE
TTC3,22.261520119996288,22.30825011608068,0.4065437396058538,62.903225806451616,0.04672999608439099,0.11494457184286236,FALSE
DRG2,16.92664759576243,16.912545214860618,0.4188402895621849,58.06451612903226,-0.014102380901810818,-0.03367006769227498,FALSE
RRAD,18.87951757671011,18.857688655629822,0.675863757800479,46.774193548387096,-0.021828921080288666,-0.03229781272978504,TRUE
TPD52,17.652044111965203,17.611942101996203,0.5591283073103841,46.774193548387096,-0.04010200996900082,-0.0717223747119985,TRUE
HNRNPH2,19.071472428574992,19.09550723460147,0.34918913067124235,59.67741935483871,0.024034806026477895,0.06883033839076279,FALSE
OXCT1,18.0822532794561,18.058731383784046,0.6589920824723534,38.70967741935484,-0.023521895672054427,-0.03569374549054804,TRUE
MARS1,17.57400140831276,17.58474081562346,0.31894920484034817,51.61290322580645,0.010739407310698112,0.03367121518949635,FALSE
EEFSEC,16.116210382856547,16.14936543473157,0.4794240525269517,43.54838709677419,0.0331550518750241,0.06915600437706497,TRUE
CD81,17.475144168307953,17.436628390179006,0.63141858749583335,33.87096774193548,-0.038515778128946465,-0.06099880315797739,TRUE
SEC61B,16.189996273649886,16.10513560069147,0.8331402452731358,51.61290322580645,-0.08486067295841693,-0.1018564082576473,FALSE
RPL27,18.791632063112356,18.780374123638218,0.7221536845046035,53.2258064516129,-0.011257939474138112,-0.01558939560332098,FALSE
SEC61A1,16.93146525345134,16.86193878240382,0.3782969262560254,58.06451612903226,-0.06952647104752074,-0.1837880940128663,FALSE
DAD1,16.142955681837044,16.114685770918133,0.44765242397456834,59.67741935483871,-0.028269910918911734,-0.06315147512865424,FALSE
NPC2,14.564454117280135,14.419395570698272,0.6511272302881708,48.38709677419355,-0.145058546581863,-0.22278064844203205,TRUE
UFM1,18.796802471830052,18.795915376853852,0.3440899022487782,33.87096774193548,-8.870949761998759e-4,-0.002578090697815663,TRUE
UBE2G1,14.960463134605748,14.939056499798195,0.41737690465781674,51.61290322580645,-0.021406634807553004,-0.05128849864154096,FALSE
RAP1A,14.604048244362081,14.576539669059512,0.427122227813494,53.2258064516129,-0.027508575302569227,-0.06440445734559393,FALSE
RPL32,18.19136967865602,18.13356840840742,0.7657459236607457,27.419354838709676,-0.057801270248599934,-0.07548361468549988,TRUE
VAMP2,17.625649225222766,17.600435656497115,0.5630903971638797,61.29032258064516,-0.025213568725650504,-0.04477712433499811,FALSE
PAFAH1B2,19.44278154846137,19.427866654906115,0.5727931029379343,33.87096774193548,-0.014914893555253883,-0.026038884684109063,TRUE
MRPS5,17.220476200648807,17.17868463585534,0.45485570823014865,29.03225806451613,-0.04179156479346702,-0.09187872997368488,TRUE
MRPS15,17.16950336070589,17.126254888645317,0.6294484872484284,38.70967741935484,-0.04324847206057214,-0.06870851695843856,TRUE
MRPS21,15.302575799333455,15.297145658270345,0.5887195583773397,25.806451612903224,-0.005430141063110128,-0.009223646447345784,TRUE
SARNP,15.869591194197097,15.890950789647846,0.4319851367205091,33.87096774193548,0.021359595450748614,0.0494452091868339,TRUE
ERH,16.574589568234064,16.497534440192638,0.5306657832274994,35.483870967741936,-0.077055128041426,-0.14520462874538123,TRUE
RHOG,14.352405259071192,14.323403956423302,0.4504319619552942,46.774193548387096,-0.029001302647889915,-0.06438553454776444,TRUE
SRSF3,20.002375835091847,19.974155764002596,0.5476840594933396,43.54838709677419,-0.028220071089251064,-0.05152618667659844,TRUE
MXRA7,15.809344451684954,15.79964523124122,0.5262759948460373,53.2258064516129,-0.009699220443733836,-0.018429912324941507,FALSE
FBLN2,17.570450671744293,17.56819866680378,0.5608169404328144,43.54838709677419,-0.0022520049405123643,-0.004015579377424591,TRUE
MPP1,15.43416564487871,15.451197533335362,0.4337594477441257,48.38709677419355,0.0170318884566516,0.0392657463606388,TRUE
PITPNA,16.805507046218636,16.823017197921253,0.29098380007707053,37.096774193548384,0.017510151702616383,0.06017569259174776,TRUE
HDLBP,15.899402969667277,15.900090784485977,0.3042841139331854,50,6.878148187006161e-4,0.0022604361752899343,FALSE
SORD,17.712217707282914,17.764876109678244,0.5159751435046418,27.419354838709676,0.052658402395330484,0.10205608362771211,TRUE
PLIN5,17.483932420844976,17.428655196128506,0.7665646254850805,22.58064516129032,-0.055277224716469675,-0.07211032557299439,TRUE
EWSR1,17.125274749561964,17.110673834595044,0.28200435010696023,33.87096774193548,-0.014600914966919731,-0.051775495524738584,TRUE
AKAP12,16.152421302959084,16.126683497854366,0.43018748550833125,17.741935483870968,-0.025737805104718348,-0.059829274378600895,TRUE
PRKCQ,18.236047348502765,18.28593248927071,0.4284522755967742,30.64516129032258,0.04988514076794459,0.11643103236751762,TRUE
PLP2,15.825884992207053,15.835977042940703,0.7615870878726911,48.38709677419355,0.010092050733650382,0.013251341697296994,TRUE
SRSF11,16.671915352368202,16.691172087817694,0.2789965361970675,50,0.019256735449491913,0.06902141407192969,FALSE
CALD1,16.893537021812772,16.88207742374189,0.5662205062717522,45.16129032258064,-0.011459598070882038,-0.020238754944318656,TRUE
CKAP4,17.93826364379503,17.863853061502365,0.46022513339494087,45.16129032258064,-0.07441058229266417,-0.16168300445427639,TRUE
DPT,18.0116929649722,17.952830139565474,0.6448992642645176,41.935483870967744,-0.05886282540672738,-0.09127444962099333,TRUE
KLC1,16.909473818515462,16.8818432564345,0.3554443201080354,27.419354838709676,-0.027630562080961596,-0.07773527530996538,TRUE
SRSF1,18.142602796556623,18.096243091402627,0.4795488686026123,37.096774193548384,-0.046359705153996345,-0.0966735784177467,TRUE
PPID,19.062043441814556,19.037713114467643,0.5994005996787994,48.38709677419355,-0.024330327346913094,-0.040591096104927116,TRUE
LMOD3,16.314430893510693,16.28263698409924,0.8277482068027989,37.096774193548384,-0.03179390941145144,-0.038410121761853544,TRUE
HSPA14,15.56565892817987,15.57629723370328,0.33044999970139427,46.774193548387096,0.010638305523409386,0.032193389417529174,TRUE
SCRN3,18.352194040407184,18.357470591845846,0.5359794940402125,32.25806451612903,0.005276551438662125,0.009844689017647838,TRUE
AP1B1,15.779301756625665,15.788074338823797,0.3430880031879393,35.483870967741936,0.008772582198131929,0.025569481056224568,TRUE
PMPCA,17.637747626411265,17.633014219458907,0.4399805631808573,40.32258064516129,-0.00473340695235791,-0.010758218313412648,TRUE
EFEMP1,17.573367961669966,17.551894284183813,0.463374042327957,58.06451612903226,-0.02147367748615281,-0.04634199485640292,FALSE
STX4,14.954077837186734,14.94662372615753,0.3344534306140159,51.61290322580645,-0.007454111029204569,-0.02228744078217325,FALSE
PAK1,16.012816186503624,15.9702222694209,0.47617695868270804,66.12903225806451,-0.04259391708272453,-0.08944976506329913,FALSE
CBX3,15.867059072998778,15.826760333142197,0.3953233315760833,41.935483870967744,-0.04029873985658128,-0.10193868319362134,TRUE
G3BP1,16.30056993751612,16.295455304265584,0.5391475305644231,24.193548387096776,-0.005114633250535405,-0.009486518922160313,TRUE
TMED1,16.36877552312901,16.376365497217503,0.42087848497300173,22.58064516129032,0.0075899740884928235,0.01803364714397245,TRUE
PICALM,15.555027197326362,15.550650660899736,0.315170711323477,51.61290322580645,-0.004376536426626387,-0.013886240914481764,FALSE
AAMP,16.862561636839203,16.87270795555785,0.48546370419725593,37.096774193548384,0.010146318718646796,0.020900262225420865,TRUE
MOGS,15.673497562651505,15.656610912504329,0.5618601896608226,40.32258064516129,-0.016886650147176496,-0.03005489703296195,TRUE
NID2,18.151357690284375,18.060370523095916,0.7588713626350948,40.32258064516129,-0.09098716718845878,-0.11989801126836064,TRUE
IL18,17.35068589309844,17.33893285816032,0.9051554862646236,19.35483870967742,-0.011753034938120521,-0.01298454808755863,TRUE
UBAP2L,16.788955002398627,16.7478166359398,0.6504006717100338,41.935483870967744,-0.041138366458827846,-0.06325080561597028,TRUE
EIF2B1,17.81205177498031,17.85033864149304,0.3778836749426247,29.03225806451613,0.03828686651272761,0.1013191864362514,TRUE
CTTN,15.160655753434018,15.147474231700466,0.5573491542213516,56.451612903225815,-0.013181521733551804,-0.023650384384214487,FALSE
TRIM25,18.15688481443553,18.157620878543458,0.41680558198156914,32.25806451612903,7.360641079294794e-4,0.0017659650919982825,TRUE
CAPRIN1,15.61120584681623,15.545652435826225,0.6631924674253753,35.483870967741936,-0.06555341099000422,-0.09884522851185809,TRUE
PRPSAP1,15.252374464342154,15.233139914028632,0.6944887600728847,16.129032258064516,-0.019234550313521837,-0.027695985045896526,TRUE
CLINT1,16.279723286202703,16.255453030856728,0.4189295862367423,24.193548387096776,-0.024270255345975045,-0.057933973019178506,TRUE
MVP,17.68436312213858,17.6795179459667,0.6050094142540882,56.451612903225815,-0.004845176171880183,-0.00800843103880254,FALSE
LASP1,17.947980038244644,17.892266431890906,0.5393181366625837,46.774193548387096,-0.05571360635373779,-0.10330378781345188,TRUE
PSME4,14.894937465004991,14.897166696739763,0.511686878464526,35.483870967741936,0.0022292317347716306,0.004356632598164578,TRUE
PLCL1,15.63029626439175,15.605282022951261,0.6736192096183367,38.70967741935484,-0.02501424144048947,-0.03713409754846836,TRUE
PDK2,18.98752789466995,18.959271515708714,0.5904461819837852,32.25806451612903,-0.028256378961234674,-0.04785597709565789,TRUE
PEA15,18.668927573139314,18.67478772397533,0.4306558765781562,59.67741935483871,0.005860150836017652,0.013607502311544893,FALSE
PPP2R5A,16.79113009318589,16.790891750900233,0.42909852155400635,40.32258064516129,-2.3834228565533522e-4,-5.554488624014927e-4,TRUE
STK38,16.628298779402382,16.613433619457002,0.516993211157173,38.70967741935484,-0.014865159945379958,-0.02875310473053919,TRUE
NECTIN1,21.183880949790158,20.912560148054535,1.2592239117879354,59.67741935483871,-0.271320801735623,-0.21546668483318626,FALSE
RABEP1,16.815934132415865,16.756622327870055,0.4681581687221316,53.2258064516129,-0.05931180454581053,-0.12669180740283992,FALSE
RAB35,15.900483370108118,15.920954695568701,0.3496152544333576,46.774193548387096,0.0204713254605835,0.058553868004880404,TRUE
UBE3C,16.697570323678203,16.691111880864668,0.3935809313145645,61.29032258064516,-0.00645844281353547,-0.01640944034550709,FALSE
DHCR24,16.582903679237653,16.608053132448283,0.4814084528597319,58.06451612903226,0.025149453210630668,0.05224140345113232,FALSE
TGFBI,15.338502896503263,15.317434286333445,0.739587066940216,43.54838709677419,-0.021068610169818314,-0.028486991067843238,TRUE
SF1,14.759209550394923,14.753959893906037,0.6456225552322878,29.03225806451613,-0.005249656488885535,-0.008131154102874807,TRUE
TSC22D1,15.006612495818855,14.961790240899044,0.5464848783094663,69.35483870967742,-0.0448222549198114,-0.08201920437115776,FALSE
ELAVL1,16.794276040927723,16.826729632259198,0.3037934328482444,61.29032258064516,0.03245359133147474,0.10682782385123664,FALSE
TBCE,15.0244743030288,15.022487326875705,0.3651893741670527,32.25806451612903,-0.0019869761530948438,-0.0054409473376022125,TRUE
ADIRF,19.304348874442816,19.240496999573285,0.7618260949715268,67.74193548387096,-0.06385187486953114,-0.08381423961582414,FALSE
RBBP7,17.564906371119392,17.572093640642517,0.43412690725142694,41.935483870967744,0.00718726952312565,0.016555687756444695,TRUE
CLPP,17.786192031406777,17.75234121286748,0.4834947291609936,30.64516129032258,-0.03385081853929606,-0.07001279744670069,TRUE
GUK1,15.098216564822181,15.07355446503202,0.4193309256086064,48.38709677419355,-0.024662099790161207,-0.058812976301157026,TRUE
TKFC,16.684072086003987,16.626148179894994,0.46822914033900054,33.87096774193548,-0.057923906108992895,-0.1237084604923471,TRUE
NADK2,17.084205852778062,17.0674783811215,0.4026901390835197,19.35483870967742,-0.016727471656562187,-0.041539312819112356,TRUE
AGK,17.373201318019863,17.34777769261932,0.3459247275248862,45.16129032258064,-0.025423625400541994,-0.07349467493246198,TRUE
FLG2,17.346810373732637,17.32877411272455,1.0626023742289554,22.58064516129032,-0.018036261008088417,-0.016973669027585105,TRUE
RABL3,15.874657184096861,15.873740847299251,0.3844156640853359,19.35483870967742,-9.163367976103842e-4,-0.0023837134727344718,TRUE
WDR44,16.15461771417186,16.127410292943036,0.46912917902064216,41.935483870967744,-0.027207421228823137,-0.05799558510860818,TRUE
TOR1AIP1,19.07457908441359,19.058565040835514,0.47598640314311497,41.935483870967744,-0.016014043578074677,-0.03364390972584091,TRUE
TTC38,16.385262273697897,16.361672848803668,0.6638072549395777,53.2258064516129,-0.023589424894229438,-0.03553655781658584,FALSE
C6orf136,18.764083680233682,18.72117801586517,0.9784710738740121,29.03225806451613,-0.04290566436851151,-0.04384970134951178,TRUE
UBR4,16.461071475467374,16.445718836160758,0.2818792282654083,24.193548387096776,-0.015352639306616567,-0.05446530913643989,TRUE
MICOS10,18.7706696643377,18.75279504381045,0.7709242270049796,37.096774193548384,-0.017874620527248197,-0.023185962901556004,TRUE
BROX,17.74328466797864,17.74049451537874,0.46704645171600406,29.03225806451613,-0.0027901525998998977,-0.005974036607383327,TRUE
LYPLAL1,17.886967954514915,17.873866005013,0.3622292348718634,62.903225806451616,-0.01310194950191601,-0.03617032597203468,FALSE
ABLIM2,14.449724355937851,14.445275165831909,0.6912262771030971,35.483870967741936,-0.004449190105942691,-0.0064366622816902684,TRUE
LAMTOR1,15.760374237201125,15.729074763889065,0.36867639756156717,29.03225806451613,-0.0312994733120604,-0.08489687302760829,TRUE
ETFRF1,18.238578312369707,18.243777623090498,0.47016678142381607,33.87096774193548,0.005199310720790606,0.011058439103344185,TRUE
MRPL54,16.938125930896167,16.910774915204442,0.3900875380067814,66.12903225806451,-0.02735101569172471,-0.07011507168744578,FALSE
SFXN4,18.481780963478478,18.495413745195165,0.4537324541367237,32.25806451612903,0.013632781716687248,0.030045859828618886,TRUE
SLC27A1,15.848280118037263,15.802083921934454,0.33981865978319326,51.61290322580645,-0.046196196102808784,-0.13594367105173769,FALSE
DHRS11,18.277563793180416,18.21858957981117,0.5977180224071676,33.87096774193548,-0.0589742133692468,-0.09866561013459513,TRUE
KYAT3,17.23966662325586,17.247975268754658,0.5381775523749537,35.483870967741936,0.008308645498797063,0.01543848393923414,TRUE
VPS13C,17.957649313822102,17.961382242453983,0.37594780521792476,30.64516129032258,0.003732928631880128,0.009929380036455514,TRUE
RRM2B,16.296308720826655,16.299150118144365,0.5143006383150646,62.903225806451616,0.002841397317709493,0.005524778905619073,FALSE
ERMP1,14.45354789958402,14.289502160192749,0.6606330362058465,53.2258064516129,-0.16404573939127154,-0.24831597937248262,FALSE
MRPL21,17.07326295732032,17.059450300331658,0.5939858060612371,53.2258064516129,-0.013812656988662297,-0.023254186964929393,FALSE
COMMD6,15.048320398547396,15.043183799872168,0.4502106687459185,58.06451612903226,-0.005136598675228754,-0.011409322416852037,FALSE
HDGFL2,16.204572899727513,16.168264699991532,0.4484044483571804,40.32258064516129,-0.03630819973598065,-0.08097198827755393,TRUE
PRUNE1,17.112399100401646,17.09668674882756,0.34586813057192656,53.2258064516129,-0.01571235157408779,-0.04542873478428293,FALSE
ACOT1,16.917149934076622,16.932170710065677,0.6282190186960919,22.58064516129032,0.015020775989054158,0.023910094317473426,TRUE
KTN1,17.02473201559566,17.016069820570554,0.4482651500113945,17.741935483870968,-0.008662195025106456,-0.01932381989741177,TRUE
ALYREF,17.55811832043281,17.550555036859297,0.4252934774071037,30.64516129032258,-0.007563283573514212,-0.0177836810938777,TRUE
MDP1,17.066892034429284,17.008802413488613,0.47645257712368944,27.419354838709676,-0.05808962094067027,-0.12192109714539318,TRUE
SLC25A42,17.011748280395793,16.944600453655084,0.7000510078544078,70.96774193548387,-0.06714782674070818,-0.09591847734997215,FALSE
VPS36,16.701399528298925,16.70334028300179,0.3707340884496645,32.25806451612903,0.001940754702864922,0.005234896825864512,TRUE
COMMD7,15.649765598617705,15.644267347138676,0.32891832911607044,45.16129032258064,-0.005498251479028937,-0.016716160190296616,TRUE
CARM1,17.895038935637217,17.827858298778125,0.6340144477228942,22.58064516129032,-0.06718063685909215,-0.10596073496491437,TRUE
PHYKPL,16.45066800269256,16.431088150041393,0.4316076879279097,35.483870967741936,-0.019579852651165908,-0.04536493023367155,TRUE
MFN1,21.133019984780177,21.1126541186608,0.4661024652641682,45.16129032258064,-0.020365866119377074,-0.043693967822793035,TRUE
HSCB,14.957030356357818,14.927515515633987,0.32038379930961564,58.06451612903226,-0.029514840723830815,-0.0921233869734717,FALSE
MSRB3,16.97334939524807,16.91680068682484,0.5158298866246641,56.451612903225815,-0.05654870842323234,-0.1096266615981853,FALSE
SUPV3L1,16.2234573870834,16.198371132800084,0.5400606863616118,41.935483870967744,-0.025086254283316123,-0.04645080620906178,TRUE
THNSL1,15.10766757597899,15.06291076478285,0.40584177397299276,51.61290322580645,-0.04475681119613917,-0.11028143002134021,FALSE
MICU2,17.33497881413305,17.30559908409261,0.4302904389893379,29.03225806451613,-0.029379730040439256,-0.0682788353593124,TRUE
ELMOD2,14.256273444928347,14.264991055741207,0.39885821181420533,59.67741935483871,0.008717610812860599,0.021856415524726377,FALSE
ALDH16A1,17.829684084987893,17.800439542198024,0.45253574748772074,58.06451612903226,-0.029244542789868433,-0.0646237185729995,FALSE
FAM185A,15.17532546360237,15.119584924228926,0.6167339329825511,48.38709677419355,-0.05574053937344381,-0.09038020512975543,TRUE
NDUFAF2,16.997148312692637,16.960127149721202,0.4643603216317042,25.806451612903224,-0.03702116297143476,-0.07972507823525278,TRUE
TOMM5,18.85927689113182,18.85241643811702,0.38690222336012353,37.096774193548384,-0.006860453014798651,-0.017731748748347282,TRUE
CHCHD4,17.255753118599042,17.203219056575854,0.41435368485589713,33.87096774193548,-0.052534062023188,-0.1267855552954915,TRUE
MMGT1,15.626842569079848,15.620318609244062,0.4060335170050466,29.03225806451613,-0.0065239598357855755,-0.016067540147688075,TRUE
CISD2,17.923520735528164,17.92374638374529,0.23579900552612978,50,2.2564821712478533e-4,9.569515215778991e-4,FALSE
ATPAF2,17.62793897351076,17.562183589094296,0.4602042961620665,32.25806451612903,-0.06575538441646245,-0.14288303035160257,TRUE
MRPL50,17.077853901221317,17.026317985742523,0.4618536656935128,51.61290322580645,-0.051535915478794436,-0.11158494412165994,FALSE
EMC1,17.09387191621884,17.09162764908951,0.4075262089130936,37.096774193548384,-0.0022442671293312344,-0.005507049805009798,TRUE
RDH13,17.30282173949789,17.275994234870492,0.44020343341764107,46.774193548387096,-0.02682750462739847,-0.06094342431433512,TRUE
FAM98A,18.095915032118317,18.06397505426575,0.49037223902315613,30.64516129032258,-0.031939977852566415,-0.06513414771642112,TRUE
PDPR,16.267084261515183,16.247649136894804,0.5090889627973179,17.741935483870968,-0.01943512462037944,-0.03817628359803411,TRUE
CHDH,16.118617572841742,16.05515633475682,0.5344799770077321,30.64516129032258,-0.06346123808492266,-0.11873454725134557,TRUE
PPTC7,18.42936855617289,18.364543394983205,0.5880383993910656,27.419354838709676,-0.06482516118968462,-0.11023967356011674,TRUE
SPATA20,17.400529923276345,17.39747044451893,1.028718430469815,32.25806451612903,-0.0030594787574145244,-0.002974068186974411,TRUE
NUBPL,18.988675084240164,18.975517075057613,0.41377614816601416,53.2258064516129,-0.0131580091825505,-0.03179982519744294,FALSE
RDH11,16.557221623079904,16.583765770423142,0.48573140704675755,54.83870967741935,0.026544147343237512,0.05464778879468734,FALSE
PREX1,14.926568478678215,14.947989126433542,0.54474309110094,46.774193548387096,0.021420647755327593,0.03932247715530619,TRUE
NEK9,16.776475199192255,16.76211252511606,0.41811265363092764,35.483870967741936,-0.014362674076195958,-0.034351206430777,TRUE
GPT2,15.300539360276796,15.098887603557001,0.7244284640137608,58.06451612903226,-0.2016517567197944,-0.2783597922181643,FALSE
MYOZ3,19.370333665169426,19.279517168782668,0.7120350274214019,51.61290322580645,-0.0908164963867577,-0.127544984290513,FALSE
DTD1,16.189710754739952,16.17912607300278,0.49106858886007254,11.29032258064516,-0.010584681737171309,-0.021554385634279204,TRUE
THEM6,16.532545610896733,16.518591490562702,0.24935296771491636,56.451612903225815,-0.013954120334030762,-0.05596131644995867,FALSE
SMIM4,17.342509068457172,17.351629062081944,0.4480434117984435,24.193548387096776,0.009119993624771894,0.020355156184898013,TRUE
SCFD1,16.3030802137747,16.284324568843125,0.42476349570489624,17.741935483870968,-0.018755644931573556,-0.044155500934581274,TRUE
PCNP,16.45602316893636,16.413754077254026,0.35044824600596863,54.83870967741935,-0.04226909168233206,-0.12061436221773003,FALSE
RTN4IP1,18.323954372297642,18.28924140473524,0.4621509391963356,30.64516129032258,-0.0347129675624025,-0.0751117537979413,TRUE
IFT81,22.267649476816526,22.23132155735318,0.890974791583336,59.67741935483871,-0.03632791946334635,-0.040773229283837115,FALSE
UBXN4,16.056706014323495,16.035469171399477,0.4310251602770779,14.516129032258066,-0.021236842924018617,-0.04927054121473289,TRUE
GCN1,17.059956646117673,17.043981929274143,0.36543206682557067,37.096774193548384,-0.015974716843530246,-0.04371460058855578,TRUE
AKAP1,16.435813972472452,16.40062836168667,0.5607127891663508,16.129032258064516,-0.03518561078578131,-0.0627515752549431,TRUE
CELF1,16.364969746384364,16.37867583896993,0.4624848053807968,22.58064516129032,0.013706092585564988,0.029635768410336816,TRUE
USP13,16.8278509504232,16.836199074179728,0.39098141161642636,53.2258064516129,0.008348123756526604,0.021351715218411865,FALSE
USP9X,17.732476557902142,17.726749918880042,0.2556209858156679,22.58064516129032,-0.005726639022100244,-0.022402851643134686,TRUE
UBE2F,17.252777050224566,17.24927433374288,0.4559385145444922,56.451612903225815,-0.003502716481687429,-0.007682431665565337,FALSE
ERGIC1,17.560313318847733,17.55206875918745,0.5060634919849742,20.967741935483872,-0.008244559660283812,-0.016291551931449356,TRUE
CCDC47,16.290680218346953,16.301529412220567,0.27240584512444066,37.096774193548384,0.010849193873614382,0.03982731673271638,TRUE
TMEM230,18.460734920067104,18.471733930128188,0.3427061514804607,30.64516129032258,0.010999010061084391,0.03209458019230069,TRUE
SLC25A46,17.032584174670244,16.997442478007148,0.43612930955828894,46.774193548387096,-0.03514169666309641,-0.08057632425274941,TRUE
PTER,15.961550589024265,15.932138689665525,0.5017663421551375,62.903225806451616,-0.02941189935874,-0.05861672433510168,FALSE
ZBTB9,18.712345613504233,18.72262841474444,0.5170632744488624,30.64516129032258,0.010282801240208528,0.019886930185031928,TRUE
FAM136A,18.93615565409932,18.91090683973114,0.4389779649452637,38.70967741935484,-0.025248814368179495,-0.05751727053390431,TRUE
FGGY,20.990688560957977,20.91830210456988,0.5697671548015574,56.451612903225815,-0.07238645638809871,-0.12704568134207384,FALSE
DCPS,15.977401868523213,15.971829126104309,0.45709956202014673,35.483870967741936,-0.005572742418904042,-0.012191528677637242,TRUE
KCTD12,17.10022331094002,17.057100324127667,0.4023919045267468,59.67741935483871,-0.04312298681235305,-0.10716663612571929,FALSE
NUDT16,16.982734805061856,16.96561826846111,0.3484266748081316,24.193548387096776,-0.017116536600745746,-0.04912521869966277,TRUE
MRPL38,16.735072910112873,16.732542347101486,0.41058817764792205,17.741935483870968,-0.002530563011386988,-0.006163263213966519,TRUE
MRRF,17.58904791477933,17.564865838619834,0.4532617081542752,27.419354838709676,-0.024182076159494414,-0.053351244379248645,TRUE
MRPL53,18.888642778493242,18.8675248821536,0.48591727762408266,38.70967741935484,-0.021117896339642783,-0.043459858935043054,TRUE
DAZAP1,16.81003778252304,16.842857175049424,0.8766709062487751,64.51612903225806,0.03281939252638466,0.03743638837841325,FALSE
DNAJA3,17.343738541682296,17.328680507135683,0.5232093456766035,25.806451612903224,-0.015058034546612475,-0.02878013298317471,TRUE
MMAB,16.571354529260198,16.57941100523441,0.38218808254725994,35.483870967741936,0.008056475974210997,0.021079872298777825,TRUE
S100A16,17.465054030635635,17.420166072768,0.8768561658874598,45.16129032258064,-0.04488795786763333,-0.05119192817923855,TRUE
CHMP6,15.828192985393995,15.819196129447592,0.345869069435996,14.516129032258066,-0.008996855946403315,-0.02601231720741715,TRUE
PDXP,16.720279702294928,16.730702222913415,0.40813320673350645,38.70967741935484,0.010422520618487141,0.025537056153562634,TRUE
SNF8,17.171871830197833,17.15443368373568,0.30721612025617157,32.25806451612903,-0.01743814646215469,-0.05676182111672371,TRUE
PYURF,19.275059929145986,19.26800456472701,0.6858560149318743,33.87096774193548,-0.007055364418974364,-0.01028694691796961,TRUE
TMX3,18.246778544992996,18.328026682593656,0.7770415518976529,59.67741935483871,0.08124813760066019,0.1045608660209225,FALSE
USP47,18.23975399595067,18.248971994538717,0.31684420969270494,25.806451612903224,0.009217998588045617,0.029093157791918626,TRUE
MCEE,20.049187011085973,19.9418603815946,0.6589279852532014,41.935483870967744,-0.1073266294913715,-0.1628806666181129,TRUE
QKI,17.517966771034306,17.487785067237382,0.45973718117741,51.61290322580645,-0.030181703796923642,-0.0656499083228961,FALSE
ALKBH3,13.886234083199248,13.935090010596527,0.409177416247323,66.12903225806451,0.04885592739727862,0.1194003516747077,FALSE
PURB,16.766215406355126,16.74225629961275,0.5370927989478368,17.741935483870968,-0.02395910674237456,-0.04460887725419216,TRUE
VPS13A,17.220071536422548,17.214772577322684,0.3442812299362509,70.96774193548387,-0.00529895909986422,-0.015391367983800355,FALSE
CLCC1,16.908359464068397,16.930231802399074,0.23780287218365703,53.2258064516129,0.021872338330677366,0.09197676264307349,FALSE
PEBP4,17.950016249048826,17.946658038982942,0.5917858916179835,27.419354838709676,-0.003358210065883327,-0.005674704506222257,TRUE
PLEKHF1,17.257311554116505,17.23517859795417,0.43997515932353565,35.483870967741936,-0.02213295616233424,-0.05030501312020385,TRUE
MYCBP,15.887246534050508,15.898340276576885,0.34480192560997136,16.129032258064516,0.01109374252637707,0.032174247596650454,TRUE
PCYT2,16.550513253002546,16.544071005627604,0.43946177937300474,20.967741935483872,-0.006442247374941701,-0.014659403109260326,TRUE
TSNAX,17.39279624386738,17.36063117048412,0.40828832479984717,43.54838709677419,-0.032165073383261245,-0.07878029184162771,TRUE
SLC29A1,16.794978816916203,16.80215949024068,0.3522528549637775,33.87096774193548,0.007180673324477027,0.020384996809225075,TRUE
ARPC5L,18.926994213127138,18.858653612073805,0.43671669171147076,53.2258064516129,-0.0683406010533325,-0.15648726588743178,FALSE
CORO1B,14.465410292220438,14.474022812589592,0.3614096592251401,64.51612903225806,0.008612520369153387,0.023830354693946402,FALSE
LXN,15.065319099510997,15.035526030224128,0.5515649046512416,64.51612903225806,-0.02979306928686931,-0.05401552752111318,FALSE
DCTN5,15.266472586241843,15.205353481786323,0.45381126347990386,24.193548387096776,-0.06111910445551949,-0.13467956697867645,TRUE
DHRS4,18.802002372091327,18.76867100495721,0.41044582359165294,43.54838709677419,-0.03333136713411733,-0.08120771419342851,TRUE
MRI1,15.529690125818691,15.481195530158304,0.6254399675580533,48.38709677419355,-0.04849459566038661,-0.07753677119440779,TRUE
ADI1,19.26215495601485,19.265608036005002,0.5512555740666966,50,0.003453079990151764,0.0062640273452073516,FALSE
NTMT1,16.916862824482386,16.872694766559416,0.559736041872096,19.35483870967742,-0.044168057922970405,-0.07890872593311249,TRUE
NUDT9,16.130412548431345,16.133229380131528,0.31534845854509025,19.35483870967742,0.002816831700183542,0.008932441633548609,TRUE
SORBS1,18.147099603759507,18.08222662081092,0.6129745003977652,54.83870967741935,-0.0648729829485859,-0.10583308588936273,FALSE
OSBPL11,14.366571439468842,14.374798853939868,0.4413873288134207,43.54838709677419,0.008227414471026151,0.0186398972828329,TRUE
TMEM120A,15.201243208531707,15.14099352333806,0.622765896421603,50,-0.060249685193646485,-0.09674531881055087,FALSE
NAA15,18.3818952966093,18.3700816471893,0.4840500862077835,48.38709677419355,-0.011813649420002292,-0.024405840958638236,TRUE
MRPL13,19.136308482616492,19.13559709379606,0.3709339025488538,32.25806451612903,-7.113888204308694e-4,-0.0019178317634020417,TRUE
MRPL9,17.02843491364723,16.980911864898605,0.7554607192966407,33.87096774193548,-0.04752304874862645,-0.06290604863330553,TRUE
MRPL4,20.27050228064463,20.28307918752326,0.5032408452026813,51.61290322580645,0.012576906878628336,0.02499182448825862,FALSE
NLN,17.196822974238245,17.154852068008896,0.40863052548013695,38.70967741935484,-0.041970906229348515,-0.10271113784275686,TRUE
BCO2,17.18349945963785,17.18735633636639,0.6321415684749406,50,0.003856876728537628,0.006101286358754183,FALSE
ASPSCR1,17.551152605101933,17.55765579776908,0.29031623698885595,54.83870967741935,0.006503192667146607,0.022400375310032136,FALSE
UBXN6,17.72574271638029,17.735853873677257,0.3228094000098697,24.193548387096776,0.010111157296968543,0.031322375670161405,TRUE
UBE2O,14.379882866360608,14.383286392318475,0.44366208152090353,59.67741935483871,0.0034035259578661936,0.007671437563919543,FALSE
PITHD1,18.468988101880946,18.425374543813476,0.43571459156312453,38.70967741935484,-0.04361355806747014,-0.1000966203840148,TRUE
EGLN1,15.448775901510679,15.38757250201679,0.4890334924098051,38.70967741935484,-0.06120339949388942,-0.12515175431502265,TRUE
CLPB,16.32196607539576,16.272420812929802,0.41973834093732987,38.70967741935484,-0.04954526246595847,-0.11803844832310889,TRUE
EHD4,16.539758981444674,16.487172405294437,0.40108101787351425,41.935483870967744,-0.05258657615023665,-0.13111210405579568,TRUE
SLK,17.123853331852764,17.117879999090224,0.3378596365641332,33.87096774193548,-0.0059733327625401955,-0.017679924193626857,TRUE
MRPL46,16.8656713222424,16.852463767420616,0.37201292969851724,22.58064516129032,-0.013207554821782708,-0.03550294564354587,TRUE
TOR1AIP2,15.889118371052048,15.85887622209794,0.42418257010557636,50,-0.03024214895410715,-0.07129512404665772,FALSE
GLIPR2,15.947080117681985,15.901465548138155,0.5175453380856295,40.32258064516129,-0.045614569543829475,-0.08813637412435237,TRUE
DCTPP1,17.880264418766043,17.82463934806487,0.4961765241767701,30.64516129032258,-0.055625070701172064,-0.1121074214332535,TRUE
UBE2Z,16.842139256434567,16.832118462005855,0.28706246934217206,37.096774193548384,-0.010020794428712065,-0.03490806182945323,TRUE
MOB1A,17.570222360387877,17.570564390720524,0.3308487334552378,43.54838709677419,3.420303326464591e-4,0.0010337967114894037,TRUE
JPT2,15.587371605004861,15.51878978830908,0.6402739725249649,45.16129032258064,-0.06858181669578123,-0.10711323533162541,TRUE
LRRC40,14.2367184914811,14.23885443779906,0.3652639942796237,62.903225806451616,0.0021359463179599913,0.0058476782584949835,FALSE
COPS7B,15.055358018193465,15.026117718460346,0.5400985623642606,61.29032258064516,-0.029240299733118036,-0.054138821634924846,FALSE
FN3KRP,19.395027560551497,19.355356501870727,0.7122043313260363,41.935483870967744,-0.0396710586807707,-0.055701793622776906,TRUE
CARS2,15.887797870563903,15.874834750565283,0.4857934434151342,66.12903225806451,-0.012963119998619987,-0.026684427660219303,FALSE
GRPEL1,17.06017310185173,17.035094302199408,0.3322811522635268,54.83870967741935,-0.025078799652323625,-0.0754746379127578,FALSE
MCCC2,17.392929827481293,17.358227047100673,0.5238086749342301,22.58064516129032,-0.03470278038061991,-0.06625086990966163,TRUE
MRPL47,17.501481987123434,17.49541732146892,0.2878251589140302,41.935483870967744,-0.006064665654513135,-0.02107065858104703,TRUE
APMAP,17.4642539052224,17.46468861722568,0.2860451990811799,41.935483870967744,4.347120032797136e-4,0.001519731862922621,TRUE
PALMD,17.184103322969147,17.177992026917245,0.3640653210342266,22.58064516129032,-0.00611129605190186,-0.016786262516136005,TRUE
SSU72,14.7512278528859,14.73084838305647,0.43063284997642726,35.483870967741936,-0.02037946982943062,-0.0473244663767434,TRUE
OSGEP,16.796508041149746,16.82060437209618,0.3390343835274108,20.967741935483872,0.02409633094643482,0.07107341354505019,TRUE
MRPL40,16.66041826919611,16.634965501031388,0.44063116288044574,22.58064516129032,-0.025452768164722528,-0.05776433967660272,TRUE
TIGAR,15.451088837027768,15.389512618549693,0.49150577275685936,61.29032258064516,-0.06157621847807526,-0.12528076350496112,FALSE
GPHN,15.911301688483771,15.914307509924244,0.40641015736582775,17.741935483870968,0.0030058214404729,0.007396029321597952,TRUE
SH3GLB2,17.379432376397745,17.408328633789488,0.3532020074001022,40.32258064516129,0.028896257391743063,0.0818122682949811,TRUE
EIF2B3,17.602445997985523,17.600715524308864,0.3545985021103344,62.903225806451616,-0.0017304736766590167,-0.004880093024534476,FALSE
AASDHPPT,16.762659415535484,16.769661298033473,0.3512764248278732,53.2258064516129,0.0070018824979882766,0.019932685495245593,FALSE
OSTC,18.107484857282557,18.1181234629332,0.4178964600654708,37.096774193548384,0.01063860565064445,0.02545751559842772,TRUE
ACSS1,17.747981967440055,17.724910798370093,0.3515357827527554,41.935483870967744,-0.023071169069961428,-0.06562964626047188,TRUE
PARVA,17.216750178510644,17.216324633120205,0.36968263552037484,32.25806451612903,-4.255453904384865e-4,-0.00115111003209409,TRUE
MRPS18A,16.036748210274183,15.991302288756039,0.5709751243115091,30.64516129032258,-0.045445921518144416,-0.07959352270021192,TRUE
OXSM,17.40196530171918,17.34853013330045,0.4240140598333632,37.096774193548384,-0.05343516841872997,-0.12602216171730227,TRUE
MRPL22,16.37279096390886,16.39028435935845,0.4790371780504748,25.806451612903224,0.017493395449591276,0.036517824192234295,TRUE
BABAM1,17.128720342876544,17.138429999208903,0.2919093697388431,17.741935483870968,0.009709656332358207,0.03326257167094347,TRUE
FAM120A,15.709491344274582,15.700145030655149,0.30709764558743763,43.54838709677419,-0.009346313619433388,-0.030434338242988197,TRUE
GLTP,14.125696171432448,14.101191058512404,0.4599010303084902,40.32258064516129,-0.024505112920044425,-0.053283448622863494,TRUE
CHMP5,16.938059375318712,16.965833704641494,0.4064173214114101,38.70967741935484,0.027774329322781455,0.06833943303972992,TRUE
RNF181,16.575184374632386,16.589717629432943,0.4596678034710251,48.38709677419355,0.014533254800557671,0.03161686481153289,TRUE
TMEM14C,20.02747988069771,19.97849274748776,0.639967849339204,67.74193548387096,-0.04898713320995185,-0.0765462409721571,FALSE
DPM3,18.979195735148647,18.976873036148234,0.4119642581155733,46.774193548387096,-0.002322699000412598,-0.0056381080510168515,TRUE
IMPACT,18.73694523823134,18.732745811959308,0.5718048508250984,32.25806451612903,-0.004199426272030848,-0.007344159927939041,TRUE
ATXN10,16.867101251077177,16.851348752854808,0.32854622844438613,20.967741935483872,-0.015752498222369127,-0.04794606316728908,TRUE
EPS15L1,15.856379578913337,15.85963744351151,0.341422659631132,32.25806451612903,0.003257864598172233,0.009542028058981153,TRUE
SAE1,16.688228653616257,16.636406442923125,0.3411299613322602,69.35483870967742,-0.051822210693131865,-0.15191339538381118,FALSE
VPS29,16.064786438812128,16.043552868197647,0.44869377629623214,70.96774193548387,-0.021233570614480612,-0.04732307809070656,FALSE
CTSZ,17.32850561552184,17.279776838376513,0.6364143316242503,19.35483870967742,-0.048728777145328195,-0.07656769296970906,TRUE
UBA2,16.287014904361723,16.262899753182072,0.3332411530143671,40.32258064516129,-0.02411515117965024,-0.07236546555404146,TRUE
CLIP2,19.529418567037133,19.517580808341187,0.45766930100688086,40.32258064516129,-0.011837758695946832,-0.025865310760200752,TRUE
TES,16.139261739196517,16.197441997976853,0.5408951587656252,64.51612903225806,0.05818025878033595,0.10756291277057997,FALSE
WARS2,15.150898040210944,15.069436986869658,0.5540340934697531,64.51612903225806,-0.08146105334128606,-0.14703256406319576,FALSE
SEPTIN9,17.594348143313272,17.568353448901668,0.3203525692973242,33.87096774193548,-0.025994694411604513,-0.08114401725768097,TRUE
UBQLN2,16.12566864861855,16.12451541468593,0.32939031138479063,12.903225806451612,-0.0011532339326194574,-0.0035011167382888214,TRUE
DPP7,14.17734846322122,14.114137567994636,0.5143801935748215,50,-0.06321089522658419,-0.12288749842268093,FALSE
PUF60,16.523186356201784,16.533676574182685,0.24208409946063392,48.38709677419355,0.010490217980901662,0.043332949186972565,TRUE
EIF2B4,15.026488621120624,15.002850642916263,0.361186342981015,43.54838709677419,-0.023637978204360977,-0.06544538204093575,TRUE
ATP6V1H,17.062205301826843,17.09002538814941,0.3572214324334978,35.483870967741936,0.02782008632256705,0.0778791074573785,TRUE
TRMT112,17.299965749189838,17.29907654068015,0.5405921647772999,51.61290322580645,-8.892085096867675e-4,-0.0016448786490516046,FALSE
XPO7,16.422053145857785,16.403054292721148,0.37696197456510416,37.096774193548384,-0.01899885313663674,-0.050399919404484905,TRUE
DBNL,16.59634095877788,16.584817280815784,0.4591020885794759,43.54838709677419,-0.011523677962095746,-0.02510046947891605,TRUE
TBC1D24,15.722633405975378,15.73598718941524,0.44327675491903423,33.87096774193548,0.01335378343986271,0.030125160617325435,TRUE
NFU1,16.55402282134001,16.502577844322417,0.3537022136542274,54.83870967741935,-0.05144497701759221,-0.14544714460815858,FALSE
UBQLN1,16.853877425585665,16.863133280782698,0.5501590554917248,43.54838709677419,0.009255855197032758,0.0168239622789813,TRUE
G3BP2,18.747890122296187,18.716082757604337,0.5745440083539597,32.25806451612903,-0.03180736469185064,-0.05536105890822388,TRUE
PACSIN2,17.061035102016415,17.040182065524434,0.33178671463174036,33.87096774193548,-0.02085303649198167,-0.06285072780905968,TRUE
PPP6R1,17.526946754687664,17.53815721416449,0.2540975573692272,41.935483870967744,0.011210459476824752,0.04411872193062809,TRUE
USP24,16.77850575609571,16.75466309698559,0.37936721616716046,33.87096774193548,-0.023842659110123066,-0.06284849637512505,TRUE
RTRAF,17.15544750943501,17.054012918011676,0.610693433865547,51.61290322580645,-0.10143459142333455,-0.1660973997727096,FALSE
BCS1L,16.84902342198505,16.869026921215404,0.41603383550970907,54.83870967741935,0.020003499230355715,0.048081423968433186,FALSE
CNPY2,16.638551277387457,16.637588308813605,0.32085243622751713,33.87096774193548,-9.629685738516969e-4,-0.003001281789142638,TRUE
FNDC3A,21.22344490691864,21.009718270473183,1.1586076639564424,51.61290322580645,-0.21372663644545753,-0.1844685160424526,FALSE
LAMTOR2,16.33859087985828,16.33173661621151,0.338507376229414,59.67741935483871,-0.006854263646768999,-0.020248491253330062,FALSE
MRPS35,15.310403775847757,15.299109919976372,0.3187802134763142,53.2258064516129,-0.01129385587138465,-0.035428346534512246,FALSE
TMX2,16.58590934811895,16.61202809529971,0.5759492711300399,16.129032258064516,0.026118747180760238,0.04534904112217038,TRUE
MOB4,17.623852571132044,17.616746693204494,0.39326900872094633,24.193548387096776,-0.0071058779275503525,-0.018068746252498383,TRUE
MRPL11,19.004527984861554,18.981893727401708,0.33223064440294875,46.774193548387096,-0.022634257459845486,-0.06812814483300142,TRUE
MSRB2,17.509838424031166,17.42938591074478,0.5709161791315669,32.25806451612903,-0.08045251328638514,-0.14091825775328914,TRUE
PTRH2,17.34172103698349,17.284132356697043,0.5739928287466639,61.29032258064516,-0.0575886802864467,-0.10032996477010675,FALSE
SAMHD1,15.668560570628296,15.644700912004206,0.4161921053628875,59.67741935483871,-0.02385965862409023,-0.05732847479960353,FALSE
ARIH1,17.20591756074084,17.224497004443688,0.3499106272151038,46.774193548387096,0.018579443702847698,0.053097683401956766,TRUE
PPME1,16.938070927487782,16.943181539858323,0.492293257463736,53.2258064516129,0.005110612370540224,0.010381235763556419,FALSE
TIMM8B,16.370811243395742,16.370660570280258,0.4071528758638215,12.903225806451612,-1.5067311548477846e-4,-3.700652123974519e-4,TRUE
SNX5,18.57120406612797,18.57587126515279,0.5802795342787814,50,0.004667199024822821,0.008043018492154122,FALSE
NFS1,17.33161013622171,17.216388940055072,0.5353407413893871,56.451612903225815,-0.11522119616663673,-0.21522964209224846,FALSE
SPCS1,17.693797084081798,17.692538522742826,0.2311403390027786,37.096774193548384,-0.001258561338971731,-0.0054450094881819885,TRUE
SQOR,17.702975158095096,17.68247890166677,0.5739033430481274,37.096774193548384,-0.020496256428327086,-0.035713777723382724,TRUE
SEC23IP,17.026681912307687,17.02464414076371,0.29384462195502964,17.741935483870968,-0.0020377715439785504,-0.00693486077921281,TRUE
